{
  "features": [
    {
      "geometry": {
        "coordinates": [
          [
            714.5857486233881,
            731.6374593864775,
            0.0
          ],
          [
            719.2663635074363,
            731.5888880726302,
            0.0
          ],
          [
            723.9469783914845,
            731.5403167587828,
            0.0
          ],
          [
            728.6275932755327,
            731.4917454449354,
            0.0
          ],
          [
            733.308208159581,
            731.443174131088,
            0.0
          ],
          [
            737.9888230436292,
            731.3946028172406,
            0.0
          ],
          [
            742.6694379276774,
            731.3460315033932,
            0.0
          ],
          [
            747.3500528117256,
            731.2974601895459,
            0.0
          ],
          [
            752.0306676957739,
            731.2488888756984,
            0.0
          ]
        ],
        "type": "LineString"
      },
      "id": "road:270:section:0:lane:-1",
      "properties": {
        "lane_id": "road:270:section:0:lane:-1",
        "road_id": "270",
        "speed_limit_mps": 13.89
      },
      "type": "Feature"
    },
    {
      "geometry": {
        "coordinates": [
          [
            768.2886039444494,
            731.0803078629312,
            0.0
          ],
          [
            773.2030499897222,
            731.0308667203874,
            0.0
          ],
          [
            778.117496034995,
            730.9814255778434,
            0.0
          ],
          [
            783.0319420802679,
            730.9319844352996,
            0.0
          ],
          [
            787.8516716383972,
            730.8239223225302,
            0.0
          ],
          [
            792.3750559442742,
            730.0506255298476,
            0.0
          ],
          [
            796.6556683011303,
            728.4762543729943,
            0.0
          ],
          [
            800.5896854390528,
            726.1287462476561,
            0.0
          ],
          [
            804.0202388843427,
            723.1126893090365,
            0.0
          ],
          [
            806.8382293106769,
            719.5190613744439,
            0.0
          ],
          [
            809.0960595854363,
            715.3731156080103,
            0.0
          ],
          [
            811.0068020613658,
            710.9813690212707,
            0.0
          ],
          [
            812.5421261287264,
            706.4508934087067,
            0.0
          ],
          [
            813.6978696458659,
            701.8125343730862,
            0.0
          ],
          [
            814.4549723509897,
            697.1157871133533,
            0.0
          ],
          [
            814.8294350552067,
            692.360445948194,
            0.0
          ],
          [
            814.8499559639484,
            687.5489998548614,
            0.0
          ],
          [
            814.8041215305967,
            682.6345188483672,
            0.0
          ]
        ],
        "type": "LineString"
      },
      "id": "road:271:section:0:lane:-1",
      "properties": {
        "lane_id": "road:271:section:0:lane:-1",
        "road_id": "271",
        "speed_limit_mps": 13.89
      },
      "type": "Feature"
    },
    {
      "geometry": {
        "coordinates": [
          [
            714.138338846609,
            593.2169116318844,
            0.2
          ],
          [
            718.6047799704916,
            593.1910513634423,
            0.2
          ],
          [
            723.0712210943741,
            593.1651910950002,
            0.2
          ],
          [
            727.5376622182566,
            593.1393308265581,
            0.2
          ],
          [
            732.0041033421393,
            593.1134705581159,
            0.2
          ],
          [
            736.4705444660218,
            593.0876102896738,
            0.2
          ],
          [
            740.9369855899043,
            593.0617500212317,
            0.2
          ],
          [
            745.4034267137869,
            593.0358897527896,
            0.2
          ],
          [
            749.8698678376694,
            593.0100294843475,
            0.2
          ]
        ],
        "type": "LineString"
      },
      "id": "road:272:section:0:lane:-1",
      "properties": {
        "lane_id": "road:272:section:0:lane:-1",
        "road_id": "272",
        "speed_limit_mps": 13.89
      },
      "type": "Feature"
    },
    {
      "geometry": {
        "coordinates": [
          [
            769.3000542960408,
            592.900028262236,
            0.2
          ],
          [
            773.9188042964704,
            592.8737782839225,
            0.2
          ],
          [
            778.5375542969,
            592.8475283056091,
            0.2
          ],
          [
            783.1563042973296,
            592.8212783272957,
            0.2
          ],
          [
            787.7750542977592,
            592.7950283489822,
            0.2
          ],
          [
            792.3938042981888,
            592.7687783706688,
            0.2
          ],
          [
            797.0125542986184,
            592.7425283923553,
            0.2
          ],
          [
            801.631304299048,
            592.7162784140419,
            0.2
          ],
          [
            806.2500542994776,
            592.6900284357285,
            0.2
          ]
        ],
        "type": "LineString"
      },
      "id": "road:273:section:0:lane:-1",
      "properties": {
        "lane_id": "road:273:section:0:lane:-1",
        "road_id": "273",
        "speed_limit_mps": 13.89
      },
      "type": "Feature"
    },
    {
      "geometry": {
        "coordinates": [
          [
            824.7205915378246,
            592.5800252913715,
            0.2
          ],
          [
            826.996141510618,
            592.5677911569342,
            0.2
          ]
        ],
        "type": "LineString"
      },
      "id": "road:274:section:0:lane:-1",
      "properties": {
        "lane_id": "road:274:section:0:lane:-1",
        "road_id": "274",
        "speed_limit_mps": 13.89
      },
      "type": "Feature"
    },
    {
      "geometry": {
        "coordinates": [
          [
            839.4406495755493,
            592.5020631209723,
            0.2
          ],
          [
            844.3084871005609,
            592.4700378860385,
            0.2
          ]
        ],
        "type": "LineString"
      },
      "id": "road:275:section:0:lane:-1",
      "properties": {
        "lane_id": "road:275:section:0:lane:-1",
        "road_id": "275",
        "speed_limit_mps": 13.89
      },
      "type": "Feature"
    },
    {
      "geometry": {
        "coordinates": [
          [
            859.229963665018,
            592.3900287796708,
            0.2
          ],
          [
            864.0249636649229,
            592.3625287695685,
            0.2
          ],
          [
            868.8199636648277,
            592.3350287594661,
            0.2
          ],
          [
            873.6149636647326,
            592.3075287493638,
            0.2
          ],
          [
            878.4099636646375,
            592.2800287392614,
            0.2
          ]
        ],
        "type": "LineString"
      },
      "id": "road:276:section:0:lane:-1",
      "properties": {
        "lane_id": "road:276:section:0:lane:-1",
        "road_id": "276",
        "speed_limit_mps": 13.89
      },
      "type": "Feature"
    },
    {
      "geometry": {
        "coordinates": [
          [
            705.9429084551969,
            782.2641359386524,
            0.02
          ],
          [
            705.8311801653397,
            777.3880782347603,
            0.02
          ],
          [
            705.7194518754825,
            772.5120205308682,
            0.02
          ],
          [
            705.6077235856253,
            767.635962826976,
            0.02
          ],
          [
            705.495995295768,
            762.7599051230839,
            0.02
          ],
          [
            705.3842670059108,
            757.8838474191917,
            0.02
          ],
          [
            705.2725387160536,
            753.0077897152996,
            0.02
          ],
          [
            705.1608104261965,
            748.1317320114074,
            0.02
          ],
          [
            705.0490821363393,
            743.2556743075153,
            0.02
          ]
        ],
        "type": "LineString"
      },
      "id": "road:277:section:0:lane:-1",
      "properties": {
        "lane_id": "road:277:section:0:lane:-1",
        "road_id": "277",
        "speed_limit_mps": 13.89
      },
      "type": "Feature"
    },
    {
      "geometry": {
        "coordinates": [
          [
            704.570349905008,
            722.6149935807555,
            0.02
          ],
          [
            704.4665872409946,
            717.9368601033174,
            0.02
          ],
          [
            704.3615081157114,
            713.3338687928344,
            0.02
          ],
          [
            704.2503876360391,
            708.6473465707829,
            0.02
          ],
          [
            704.1464275179063,
            703.9583160513962,
            0.02
          ],
          [
            704.0412422221518,
            699.3553418848081,
            0.02
          ],
          [
            703.9302323587563,
            694.6711123261466,
            0.02
          ],
          [
            703.8262572175058,
            689.9798019173068,
            0.02
          ],
          [
            703.7208727549232,
            685.3769794095297,
            0.02
          ],
          [
            703.6098704047212,
            680.681259430749,
            0.02
          ]
        ],
        "type": "LineString"
      },
      "id": "road:278:section:0:lane:-1",
      "properties": {
        "lane_id": "road:278:section:0:lane:-1",
        "road_id": "278",
        "speed_limit_mps": 13.89
      },
      "type": "Feature"
    },
    {
      "geometry": {
        "coordinates": [
          [
            703.1502593765559,
            660.5504609181401,
            0.02
          ],
          [
            703.0402927696857,
            655.5837469283923,
            0.02
          ],
          [
            702.9201307235734,
            650.5940921857931,
            0.02
          ],
          [
            702.8101085484744,
            645.6266438734164,
            0.02
          ],
          [
            702.6898519311823,
            640.6456663662801,
            0.02
          ],
          [
            702.5796427990633,
            635.6594198759814,
            0.02
          ],
          [
            702.4594396041051,
            630.6882650999381,
            0.02
          ],
          [
            702.3494838457223,
            625.7019518035195,
            0.02
          ],
          [
            702.2392925570215,
            620.7361622672217,
            0.02
          ],
          [
            702.1190237934384,
            615.7505220117462,
            0.02
          ],
          [
            702.0089727183375,
            610.765116843707,
            0.02
          ],
          [
            701.8888040543737,
            605.786664779597,
            0.02
          ]
        ],
        "type": "LineString"
      },
      "id": "road:279:section:0:lane:-1",
      "properties": {
        "lane_id": "road:279:section:0:lane:-1",
        "road_id": "279",
        "speed_limit_mps": 13.89
      },
      "type": "Feature"
    },
    {
      "geometry": {
        "coordinates": [
          [
            701.4387794291237,
            584.2824593940402,
            0.02
          ],
          [
            701.7739917306537,
            579.2993733889625,
            0.02
          ],
          [
            702.6204466175967,
            574.4116138664235,
            0.02
          ],
          [
            703.9515592882743,
            569.616989906184,
            0.02
          ],
          [
            705.7697279153373,
            564.985924322704,
            0.02
          ],
          [
            708.0586034050393,
            560.5591407289527,
            0.02
          ],
          [
            710.7636171528445,
            556.4257013906574,
            0.02
          ],
          [
            714.0714999900807,
            552.564648588438,
            0.02
          ],
          [
            717.9380985523129,
            549.2785145016944,
            0.02
          ],
          [
            722.2603740479118,
            546.6156977670972,
            0.02
          ],
          [
            726.9048112984384,
            544.6627180144376,
            0.02
          ],
          [
            731.8064355614398,
            543.4374301170027,
            0.02
          ],
          [
            736.8182023693745,
            542.9777878494815,
            0.02
          ],
          [
            741.6542853289137,
            542.8908233757362,
            0.02
          ],
          [
            746.4715740259323,
            542.8217561421097,
            0.02
          ],
          [
            751.2467406897072,
            542.7428220710204,
            0.02
          ]
        ],
        "type": "LineString"
      },
      "id": "road:280:section:0:lane:-1",
      "properties": {
        "lane_id": "road:280:section:0:lane:-1",
        "road_id": "280",
        "speed_limit_mps": 13.89
      },
      "type": "Feature"
    },
    {
      "geometry": {
        "coordinates": [
          [
            767.5575519501359,
            542.4817233701326,
            0.02
          ],
          [
            772.4968071147226,
            542.4015367553735,
            0.02
          ],
          [
            777.4360622793092,
            542.3213501406143,
            0.02
          ],
          [
            782.3753174438959,
            542.2411635258552,
            0.02
          ],
          [
            787.3145726084825,
            542.1609769110961,
            0.02
          ],
          [
            792.2538277730692,
            542.0807902963369,
            0.02
          ],
          [
            797.1930829376558,
            542.0006036815778,
            0.02
          ],
          [
            802.1323381022426,
            541.9204170668187,
            0.02
          ],
          [
            807.0715932668292,
            541.8402304520596,
            0.02
          ]
        ],
        "type": "LineString"
      },
      "id": "road:281:section:0:lane:-1",
      "properties": {
        "lane_id": "road:281:section:0:lane:-1",
        "road_id": "281",
        "speed_limit_mps": 13.89
      },
      "type": "Feature"
    },
    {
      "geometry": {
        "coordinates": [
          [
            814.6197502541322,
            661.3738475118517,
            0.0
          ],
          [
            814.5839470354618,
            657.5858665004083,
            0.0
          ]
        ],
        "type": "LineString"
      },
      "id": "road:282:section:0:lane:-1",
      "properties": {
        "lane_id": "road:282:section:0:lane:-1",
        "road_id": "282",
        "speed_limit_mps": 13.89
      },
      "type": "Feature"
    },
    {
      "geometry": {
        "coordinates": [
          [
            824.5419809672157,
            541.5602243156421,
            0.02
          ],
          [
            829.2181209510368,
            541.485346182009,
            0.02
          ],
          [
            833.8942609348578,
            541.4104680483761,
            0.02
          ],
          [
            838.6524273152398,
            541.3490261200064,
            0.02
          ],
          [
            843.6928426648416,
            542.1332567599625,
            0.02
          ],
          [
            848.3829366559501,
            544.2507216559784,
            0.02
          ],
          [
            852.2720999141229,
            547.9619925112777,
            0.01993816007501823
          ],
          [
            854.223163868915,
            553.0260918643486,
            0.01
          ],
          [
            854.4023076994849,
            557.893167699295,
            -0.0005473778783128435
          ],
          [
            854.4696359683848,
            562.5828407469529,
            0.0
          ],
          [
            854.5290079382444,
            567.2601465679422,
            0.0
          ],
          [
            854.590799930361,
            571.936477782997,
            0.0
          ],
          [
            854.6525919224777,
            576.612808998052,
            0.0
          ],
          [
            854.7143839145942,
            581.2891402131069,
            0.0
          ],
          [
            854.7761759067109,
            585.9654714281617,
            0.0
          ]
        ],
        "type": "LineString"
      },
      "id": "road:283:section:0:lane:-1",
      "properties": {
        "lane_id": "road:283:section:0:lane:-1",
        "road_id": "283",
        "speed_limit_mps": 13.89
      },
      "type": "Feature"
    },
    {
      "geometry": {
        "coordinates": [
          [
            507.67151808700464,
            113.6266578578349,
            0.0
          ],
          [
            511.178508065819,
            117.15689601380893,
            0.0
          ],
          [
            514.6854980446333,
            120.68713416978298,
            0.0
          ],
          [
            518.1924880234477,
            124.21737232575701,
            0.0
          ],
          [
            521.699478002262,
            127.74761048173104,
            0.0
          ],
          [
            525.2064679810765,
            131.2778486377051,
            0.0
          ],
          [
            528.7134579598908,
            134.8080867936791,
            0.0
          ],
          [
            532.2204479387051,
            138.33832494965316,
            0.0
          ],
          [
            535.7274379175195,
            141.8685631056272,
            0.0
          ],
          [
            539.24042579262,
            145.38574834532045,
            0.0
          ],
          [
            542.7812876693278,
            148.85020707092906,
            0.0
          ],
          [
            546.3868413129079,
            152.25190429036638,
            0.0
          ],
          [
            550.0404934312566,
            155.57729069202531,
            0.0
          ],
          [
            553.7565807739915,
            158.84840247667654,
            0.0
          ],
          [
            557.5225004378317,
            162.0515004289208,
            0.0
          ],
          [
            561.3351701911427,
            165.1819013694357,
            0.0
          ],
          [
            565.1938442996689,
            168.2462724309645,
            0.0
          ],
          [
            569.1211348027149,
            171.24339534439432,
            0.0
          ],
          [
            573.0904647148709,
            174.1758009573251,
            0.0
          ],
          [
            577.1226911294727,
            177.0460642735776,
            0.0
          ],
          [
            581.1915875129331,
            179.83782008511804,
            0.0
          ],
          [
            585.3311608698261,
            182.57981026136352,
            0.0
          ],
          [
            589.5012608688455,
            185.23707282139057,
            0.0
          ],
          [
            593.7317422828079,
            187.83420079978276,
            0.0
          ],
          [
            598.0017579628123,
            190.34801708913992,
            0.0
          ],
          [
            602.3107290181506,
            192.79419303599667,
            0.0
          ],
          [
            606.6649229419974,
            195.1600478537092,
            0.0
          ],
          [
            611.04776325736,
            197.4485190485655,
            0.0
          ],
          [
            615.4486630973648,
            199.64819959652965,
            0.0
          ],
          [
            619.9162953271918,
            201.7930668700432,
            0.0
          ],
          [
            624.3979764753574,
            203.8448023043937,
            0.0
          ],
          [
            628.9274433706016,
            205.82902961328716,
            0.0
          ],
          [
            633.4837878202858,
            207.7273385134103,
            0.0
          ],
          [
            638.0816246153147,
            209.55599962669473,
            0.0
          ],
          [
            642.7044115898228,
            211.304691031147,
            0.0
          ],
          [
            647.3537609766148,
            212.9648089633684,
            0.0
          ],
          [
            652.0407347308567,
            214.56533630118545,
            0.0
          ],
          [
            656.7817299323822,
            216.09272940923296,
            0.0
          ],
          [
            661.5194801859785,
            217.61433470757675,
            0.0
          ],
          [
            666.2572304395748,
            219.1359400059205,
            0.0
          ],
          [
            670.9949806931711,
            220.65754530426432,
            0.0
          ],
          [
            675.7327309467673,
            222.17915060260808,
            0.0
          ],
          [
            680.4704812003636,
            223.70075590095186,
            0.0
          ],
          [
            685.2082314539598,
            225.22236119929565,
            0.0
          ],
          [
            689.945981707556,
            226.74396649763943,
            0.0
          ],
          [
            694.6837319611524,
            228.26557179598322,
            0.0
          ],
          [
            699.4440636241977,
            229.80378744496633,
            0.0
          ],
          [
            704.1893576087707,
            231.37133614663207,
            0.0
          ],
          [
            708.8984395322997,
            232.9842382273891,
            0.0
          ],
          [
            713.6221018924634,
            234.65496630532652,
            0.0
          ],
          [
            718.3008533479815,
            236.35796171204964,
            0.0
          ],
          [
            722.9770108777939,
            238.1133370431556,
            0.0
          ],
          [
            727.6337829389289,
            239.91912908342,
            0.0
          ],
          [
            732.2740856424689,
            241.78053995659243,
            0.0
          ],
          [
            736.8871957336222,
            243.67553684652555,
            0.0
          ],
          [
            741.4921991568672,
            245.61546315657262,
            0.0
          ],
          [
            746.051232608689,
            247.58225309789293,
            0.0
          ],
          [
            750.6200740872143,
            249.553863529369,
            0.0
          ],
          [
            755.1889155657398,
            251.5254739608451,
            0.0
          ],
          [
            759.7577570442652,
            253.4970843923212,
            0.0
          ],
          [
            764.3265985227905,
            255.46869482379728,
            0.0
          ],
          [
            768.8954400013159,
            257.4403052552734,
            0.0
          ],
          [
            773.2371719139951,
            259.31373206173333,
            0.0
          ],
          [
            778.3009712127044,
            261.4985157070576,
            0.0
          ],
          [
            782.4527758971449,
            263.2897080256775,
            0.0
          ],
          [
            787.1543800559457,
            265.3173221941384,
            0.0
          ],
          [
            791.9279019933158,
            267.3767364412251,
            0.0
          ],
          [
            796.3323375648159,
            269.31461004057945,
            0.0
          ],
          [
            800.8814060880147,
            271.42045740495274,
            0.0
          ],
          [
            805.3762717027997,
            273.6116516660562,
            0.0
          ],
          [
            809.8359633555258,
            275.8918699384253,
            0.0
          ],
          [
            814.238148074923,
            278.2702954815636,
            0.0
          ],
          [
            818.6032480389887,
            280.7324693666299,
            0.0
          ],
          [
            822.9067527604753,
            283.2794723356324,
            0.0
          ],
          [
            827.1652855818411,
            285.9177477094712,
            0.0
          ],
          [
            831.3659871089346,
            288.6434638352828,
            0.0
          ],
          [
            835.526558306972,
            291.45925151760025,
            0.0
          ],
          [
            839.6075037192106,
            294.3521568185787,
            0.0
          ],
          [
            843.6429500571489,
            297.32838408314035,
            0.0
          ],
          [
            847.606819020141,
            300.37655706678606,
            0.0
          ],
          [
            851.5203594875437,
            303.51706430968375,
            0.0
          ],
          [
            855.3776372397798,
            306.74658006921345,
            0.0
          ],
          [
            859.1454503495831,
            310.03643176161506,
            0.0
          ],
          [
            862.860421665178,
            313.43463099523285,
            0.0
          ],
          [
            866.4379625474871,
            316.9864449829597,
            0.0
          ],
          [
            869.8759649106864,
            320.7075394260044,
            0.0
          ],
          [
            873.1304116801934,
            324.5676594864302,
            0.0
          ],
          [
            876.2196020534026,
            328.5533241623332,
            0.0
          ],
          [
            879.1457651561435,
            332.69033025291566,
            0.0
          ],
          [
            881.894391614432,
            336.94901297659277,
            0.0
          ],
          [
            884.447860569361,
            341.3131029136962,
            0.0
          ],
          [
            886.8150759277999,
            345.77714136203167,
            0.0
          ],
          [
            888.9809153804945,
            350.34318298309876,
            0.0
          ],
          [
            890.9415189897974,
            354.9816415957862,
            0.0
          ],
          [
            892.7035768281437,
            359.6949628355016,
            0.0
          ],
          [
            894.2652137446506,
            364.48651317718725,
            0.0
          ],
          [
            895.6257469526495,
            369.370727456161,
            0.0
          ],
          [
            896.7591121904203,
            374.27741494812784,
            0.0
          ],
          [
            897.6968832809463,
            379.2516365122261,
            0.0
          ],
          [
            898.5240753213996,
            384.15850042694905,
            0.0
          ],
          [
            899.3512673618528,
            389.065364341672,
            0.0
          ],
          [
            900.1784594023061,
            393.972228256395,
            0.0
          ],
          [
            901.0056514427594,
            398.87909217111786,
            0.0
          ]
        ],
        "type": "LineString"
      },
      "id": "road:284:section:0:lane:-2",
      "properties": {
        "lane_id": "road:284:section:0:lane:-2",
        "road_id": "284",
        "speed_limit_mps": 13.89
      },
      "type": "Feature"
    },
    {
      "geometry": {
        "coordinates": [
          [
            510.15455426101386,
            111.15997357350471,
            0.0
          ],
          [
            513.6615442398282,
            114.69021172947873,
            0.0
          ],
          [
            517.1685342186425,
            118.22044988545278,
            0.0
          ],
          [
            520.675524197457,
            121.75068804142683,
            0.0
          ],
          [
            524.1825141762713,
            125.28092619740085,
            0.0
          ],
          [
            527.6895041550857,
            128.8111643533749,
            0.0
          ],
          [
            531.1964941339,
            132.3414025093489,
            0.0
          ],
          [
            534.7034841127144,
            135.87164066532296,
            0.0
          ],
          [
            538.2104740915288,
            139.401878821297,
            0.0
          ],
          [
            541.7042196362789,
            142.89984410421457,
            0.0
          ],
          [
            545.1978739164724,
            146.31838738735925,
            0.0
          ],
          [
            548.7692132442628,
            149.6878637328298,
            0.0
          ],
          [
            552.3702164248718,
            152.9653200235414,
            0.0
          ],
          [
            556.054150544144,
            156.20810454816902,
            0.0
          ],
          [
            559.7807387371226,
            159.37748476262126,
            0.0
          ],
          [
            563.5401409847943,
            162.4637947123777,
            0.0
          ],
          [
            567.3370697160368,
            165.47921897744496,
            0.0
          ],
          [
            571.2203052659934,
            168.44277338381144,
            0.0
          ],
          [
            575.1346122866179,
            171.33476933044716,
            0.0
          ],
          [
            579.131079175615,
            174.1796418594675,
            0.0
          ],
          [
            583.1330381163557,
            176.9256439993585,
            0.0
          ],
          [
            587.2479200928573,
            179.65132360765907,
            0.0
          ],
          [
            591.3510228978265,
            182.2658137555836,
            0.0
          ],
          [
            595.5353331361173,
            184.83469083416193,
            0.0
          ],
          [
            599.7472871226507,
            187.31435132769653,
            0.0
          ],
          [
            604.0083185595984,
            189.73344316892698,
            0.0
          ],
          [
            608.3239955026866,
            192.07824996313167,
            0.0
          ],
          [
            612.6560673306536,
            194.3399248312661,
            0.0
          ],
          [
            616.966900868757,
            196.49463747259452,
            0.0
          ],
          [
            621.4123977019301,
            198.6289433445938,
            0.0
          ],
          [
            625.8237758704051,
            200.6483830444903,
            0.0
          ],
          [
            630.3127062961292,
            202.614835059879,
            0.0
          ],
          [
            634.8091792038358,
            204.48799634556025,
            0.0
          ],
          [
            639.3657189275656,
            206.30006630470473,
            0.0
          ],
          [
            643.9289178404081,
            208.02588264359554,
            0.0
          ],
          [
            648.5000417864517,
            209.6578405170418,
            0.0
          ],
          [
            653.1295154393389,
            211.23899347928077,
            0.0
          ],
          [
            657.8519696248397,
            212.7603748361588,
            0.0
          ],
          [
            662.5897198784361,
            214.2819801345026,
            0.0
          ],
          [
            667.3274701320323,
            215.80358543284635,
            0.0
          ],
          [
            672.0652203856287,
            217.32519073119016,
            0.0
          ],
          [
            676.8029706392249,
            218.84679602953392,
            0.0
          ],
          [
            681.5407208928211,
            220.3684013278777,
            0.0
          ],
          [
            686.2784711464174,
            221.8900066262215,
            0.0
          ],
          [
            691.0162214000136,
            223.41161192456528,
            0.0
          ],
          [
            695.7539716536099,
            224.93321722290906,
            0.0
          ],
          [
            700.5327684920006,
            226.47741979979804,
            0.0
          ],
          [
            705.3200241534424,
            228.05899661621555,
            0.0
          ],
          [
            710.0341577834337,
            229.673627399454,
            0.0
          ],
          [
            714.8229204056253,
            231.36740871671336,
            0.0
          ],
          [
            719.5089562797845,
            233.07307399613464,
            0.0
          ],
          [
            724.2196256736015,
            234.8413485851625,
            0.0
          ],
          [
            728.9107526249286,
            236.66039490876906,
            0.0
          ],
          [
            733.5975916516487,
            238.54042701972355,
            0.0
          ],
          [
            738.2322247988094,
            240.4442991867732,
            0.0
          ],
          [
            742.877518680725,
            242.40129299666845,
            0.0
          ],
          [
            747.4379889141028,
            244.36870257714563,
            0.0
          ],
          [
            752.0068303926281,
            246.3403130086217,
            0.0
          ],
          [
            756.5756718711535,
            248.3119234400978,
            0.0
          ],
          [
            761.144513349679,
            250.2835338715739,
            0.0
          ],
          [
            765.7133548282043,
            252.25514430304997,
            0.0
          ],
          [
            770.2821963067297,
            254.22675473452608,
            0.0
          ],
          [
            774.6237440833788,
            256.1001020862865,
            0.0
          ],
          [
            779.6874723189457,
            258.2848550712107,
            0.0
          ],
          [
            783.8390122353777,
            260.07593317131034,
            0.0
          ],
          [
            788.5404141199559,
            262.1034600979365,
            0.0
          ],
          [
            793.3151925760186,
            264.16341653198106,
            0.0
          ],
          [
            797.7624914392617,
            266.12013670442406,
            0.0
          ],
          [
            802.3859404147894,
            268.26033454981615,
            0.0
          ],
          [
            806.9331897299448,
            270.477005552577,
            0.0
          ],
          [
            811.4651248830071,
            272.79415582679803,
            0.0
          ],
          [
            815.9284638704776,
            275.20552264963976,
            0.0
          ],
          [
            820.3643804674542,
            277.70783507974386,
            0.0
          ],
          [
            824.7169491321404,
            280.2839441524883,
            0.0
          ],
          [
            829.0390347881687,
            282.96155693217236,
            0.0
          ],
          [
            833.2963061585947,
            285.7238973663495,
            0.0
          ],
          [
            837.5376242994163,
            288.5947073000965,
            0.0
          ],
          [
            841.6618902034144,
            291.51852025516393,
            0.0
          ],
          [
            845.7582125596887,
            294.5398962231436,
            0.0
          ],
          [
            849.7584154099383,
            297.61600766939944,
            0.0
          ],
          [
            853.7346153409769,
            300.8065162072629,
            0.0
          ],
          [
            857.6722888893396,
            304.10374564247144,
            0.0
          ],
          [
            861.4751022954719,
            307.42439772450587,
            0.0
          ],
          [
            865.2724726987392,
            310.8984902634325,
            0.0
          ],
          [
            868.956721012339,
            314.5562483251279,
            0.0
          ],
          [
            872.5185874257955,
            318.4126437328109,
            0.0
          ],
          [
            875.8600046485352,
            322.37692394164634,
            0.0
          ],
          [
            879.0201054377204,
            326.453995509067,
            0.0
          ],
          [
            882.0400741842332,
            330.72234263864607,
            0.0
          ],
          [
            884.8778966078642,
            335.1190681812053,
            0.0
          ],
          [
            887.5052322596846,
            339.60943676470816,
            0.0
          ],
          [
            889.9424173843125,
            344.20560217563605,
            0.0
          ],
          [
            892.1786329409002,
            348.9202977439201,
            0.0
          ],
          [
            894.1966956326337,
            353.6956303112585,
            0.0
          ],
          [
            896.0115233566273,
            358.55150764849463,
            0.0
          ],
          [
            897.6172308472616,
            363.479546770695,
            0.0
          ],
          [
            899.0272909302639,
            368.54641042470115,
            0.0
          ],
          [
            900.1847383232953,
            373.55972030709756,
            0.0
          ],
          [
            901.1481860154599,
            378.66982087584415,
            0.0
          ],
          [
            901.9753780559132,
            383.57668479056707,
            0.0
          ],
          [
            902.8025700963665,
            388.48354870529005,
            0.0
          ],
          [
            903.6297621368197,
            393.390412620013,
            0.0
          ],
          [
            904.456954177273,
            398.2972765347359,
            0.0
          ]
        ],
        "type": "LineString"
      },
      "id": "road:284:section:0:lane:-3",
      "properties": {
        "lane_id": "road:284:section:0:lane:-3",
        "road_id": "284",
        "speed_limit_mps": 13.89
      },
      "type": "Feature"
    },
    {
      "geometry": {
        "coordinates": [
          [
            480.8093183879108,
            667.5487864122944,
            0.0
          ],
          [
            478.01213495040275,
            663.4364243457271,
            0.0
          ],
          [
            475.1610597895312,
            659.3515660589612,
            0.0
          ],
          [
            472.2769401653836,
            655.3131812865428,
            0.0
          ],
          [
            469.3403084302705,
            651.2975078604293,
            0.0
          ],
          [
            466.3664679570038,
            647.3169950085768,
            0.0
          ],
          [
            463.3648745668213,
            643.3966926183033,
            0.0
          ],
          [
            460.2962408664955,
            639.4869304764826,
            0.0
          ],
          [
            457.21209389191375,
            635.6370632060314,
            0.0
          ],
          [
            454.0646101405438,
            631.7935572460609,
            0.0
          ],
          [
            450.8730768891698,
            627.9824522801823,
            0.0
          ],
          [
            447.6405233524355,
            624.1741132702498,
            0.0
          ],
          [
            444.40881925233003,
            620.4245123005101,
            0.0
          ],
          [
            441.1404598089911,
            616.7301058887971,
            0.0
          ],
          [
            437.7864584369475,
            613.066846281247,
            0.0
          ],
          [
            434.4044902573616,
            609.469136179739,
            0.0
          ],
          [
            430.96267839537865,
            605.90469447036,
            0.0
          ],
          [
            427.46424095542955,
            602.3902222302182,
            0.0
          ],
          [
            423.9103183978778,
            598.9274191889235,
            0.0
          ],
          [
            420.3031094351782,
            595.5085602669261,
            0.0
          ],
          [
            416.64470413562503,
            592.1456687499269,
            0.0
          ],
          [
            412.9370552233824,
            588.8221489641335,
            0.0
          ],
          [
            409.19302079753504,
            585.5759818141651,
            0.0
          ],
          [
            405.4065123742656,
            582.3744547154242,
            0.0
          ],
          [
            401.5725159925924,
            579.2324985526816,
            0.0
          ],
          [
            397.6849770125194,
            576.1397081404998,
            0.0
          ],
          [
            393.7783424708212,
            573.1224039354881,
            0.0
          ],
          [
            389.8196686628426,
            570.1525595895794,
            0.0
          ],
          [
            385.812845131738,
            567.2450306378074,
            0.0
          ],
          [
            381.7691236930157,
            564.3855636446699,
            0.0
          ],
          [
            377.6938875808169,
            561.5986131422975,
            0.0
          ],
          [
            373.56365477413823,
            558.8587789319855,
            0.0
          ],
          [
            369.4037584587634,
            556.1798540035187,
            0.0
          ],
          [
            365.1817112449049,
            553.5532374234424,
            0.0
          ],
          [
            360.92253996324894,
            550.9804663306751,
            0.0
          ],
          [
            356.599246996109,
            548.4591926802769,
            0.0
          ],
          [
            352.3232936073245,
            545.9771244619972,
            0.0
          ],
          [
            348.0298249297087,
            543.4813218745109,
            0.0
          ],
          [
            343.7277132838685,
            540.9991795103821,
            0.0
          ],
          [
            339.389117930671,
            538.5769327950356,
            0.0
          ],
          [
            335.037313786301,
            536.2384710333735,
            0.0
          ],
          [
            330.6152109502383,
            533.9691367376373,
            0.0
          ],
          [
            326.1527435842068,
            531.7770250211773,
            0.0
          ],
          [
            321.66056251768543,
            529.6571920163677,
            0.0
          ],
          [
            317.1466398364875,
            527.6317254788203,
            0.0
          ],
          [
            312.6007252959167,
            525.6813610922433,
            0.0
          ],
          [
            308.01039493643003,
            523.8081616079,
            0.0
          ],
          [
            303.4315965569994,
            522.0287731325471,
            0.0
          ],
          [
            298.75639352811584,
            520.3062648747178,
            0.0
          ],
          [
            294.1170245745658,
            518.6897928205005,
            0.0
          ],
          [
            289.4112057432977,
            517.1351684370502,
            0.0
          ],
          [
            284.68663930272345,
            515.6762529436727,
            0.0
          ],
          [
            279.92460793989653,
            514.2844478250054,
            0.0
          ],
          [
            275.14361350452145,
            512.9864171415089,
            0.0
          ],
          [
            270.33220097494524,
            511.7593991271267,
            0.0
          ],
          [
            265.50204034595293,
            510.622006518535,
            0.0
          ],
          [
            260.6551238023531,
            509.5722838362403,
            0.0
          ],
          [
            255.78611682870633,
            508.59809345393234,
            0.0
          ],
          [
            250.90206730197139,
            507.71269961759197,
            0.0
          ],
          [
            246.02909041498276,
            506.91756769007515,
            0.0
          ],
          [
            241.14059055760234,
            506.20745221184046,
            0.0
          ],
          [
            236.24080015777272,
            505.58303934416995,
            0.0
          ],
          [
            231.33577215824891,
            505.0451459611701,
            0.0
          ],
          [
            226.3957357062629,
            504.5885556154184,
            0.0
          ],
          [
            221.4828447461998,
            504.21442778742244,
            0.0
          ],
          [
            216.52187664957307,
            503.9317755584303,
            0.0
          ],
          [
            211.56989151914289,
            503.7378041893912,
            0.0
          ],
          [
            206.6189525284713,
            503.61941034059674,
            0.0
          ],
          [
            201.58046506662527,
            503.5323974793662,
            0.0
          ],
          [
            196.5156336249142,
            503.2254772600097,
            0.0
          ],
          [
            191.48271526174258,
            502.5893785374802,
            0.0
          ],
          [
            186.45849402212647,
            501.62432084177624,
            0.0
          ],
          [
            181.49987818589182,
            500.3315568982832,
            0.0
          ],
          [
            176.67229563194851,
            498.72314641416426,
            0.0
          ],
          [
            171.97881153486952,
            496.8291923173469,
            0.0
          ],
          [
            167.39249464935315,
            494.6119861373078,
            0.0
          ],
          [
            162.92875665619053,
            492.095204611833,
            0.0
          ],
          [
            158.65968625801688,
            489.29480490361937,
            0.0
          ],
          [
            154.59126631681167,
            486.2481723073304,
            0.0
          ],
          [
            150.74151733222988,
            482.9433603843312,
            0.0
          ],
          [
            147.08672572573875,
            479.367422165363,
            0.0
          ],
          [
            143.66933237086064,
            475.56176519233605,
            0.0
          ],
          [
            140.5150272595186,
            471.55626787524994,
            0.0
          ],
          [
            137.6460341644447,
            467.37771322403853,
            0.0
          ],
          [
            135.04445121890635,
            463.0162322898193,
            0.0
          ],
          [
            132.72560076013778,
            458.4792267925356,
            0.0
          ],
          [
            130.68597053893774,
            453.7650047965283,
            0.0
          ],
          [
            128.9828055994426,
            448.97471889819843,
            0.0
          ],
          [
            127.5909157853959,
            444.09953769318315,
            0.0
          ],
          [
            126.51449733451301,
            439.12538559051853,
            0.0
          ],
          [
            125.75663448529359,
            434.06549529296905,
            0.0
          ],
          [
            125.33561500149901,
            428.9679652875114,
            0.0
          ],
          [
            125.22999999874108,
            423.9172126556089,
            0.0
          ]
        ],
        "type": "LineString"
      },
      "id": "road:285:section:0:lane:-2",
      "properties": {
        "lane_id": "road:285:section:0:lane:-2",
        "road_id": "285",
        "speed_limit_mps": 13.89
      },
      "type": "Feature"
    },
    {
      "geometry": {
        "coordinates": [
          [
            477.90794284373254,
            669.5063409968831,
            0.0
          ],
          [
            475.1330194379077,
            665.4265735526235,
            0.0
          ],
          [
            472.29401171066684,
            661.3590608443792,
            0.0
          ],
          [
            469.43780408939443,
            657.3599607915253,
            0.0
          ],
          [
            466.51109493014377,
            653.3579813425932,
            0.0
          ],
          [
            463.55191417012855,
            649.397448560278,
            0.0
          ],
          [
            460.6003388174301,
            645.5431646284488,
            0.0
          ],
          [
            457.54047313260656,
            641.644647834446,
            0.0
          ],
          [
            454.5104682322162,
            637.8621966390784,
            0.0
          ],
          [
            451.3739212032232,
            634.0319032967377,
            0.0
          ],
          [
            448.1863298969666,
            630.2255284268806,
            0.0
          ],
          [
            444.962972812211,
            626.4281592113397,
            0.0
          ],
          [
            441.76336459866013,
            622.7161426536378,
            0.0
          ],
          [
            438.5497081489493,
            619.0834026903057,
            0.0
          ],
          [
            435.2068343083456,
            615.4323355234831,
            0.0
          ],
          [
            431.87812696735307,
            611.8914261142633,
            0.0
          ],
          [
            428.4694024375409,
            608.3610281199419,
            0.0
          ],
          [
            425.00431446688,
            604.8799534749376,
            0.0
          ],
          [
            421.48649072678546,
            601.4523071905678,
            0.0
          ],
          [
            417.90993700795036,
            598.062523017938,
            0.0
          ],
          [
            414.29407687557267,
            594.7388427672846,
            0.0
          ],
          [
            410.60934640410903,
            591.4359147632588,
            0.0
          ],
          [
            406.9168579348713,
            588.2347564609959,
            0.0
          ],
          [
            403.16970935875463,
            585.0664265335904,
            0.0
          ],
          [
            399.3719686156748,
            581.9541875947915,
            0.0
          ],
          [
            395.4998117245238,
            578.8737623945589,
            0.0
          ],
          [
            391.65528318060075,
            575.9049601793417,
            0.0
          ],
          [
            387.7364301641121,
            572.9650526753321,
            0.0
          ],
          [
            383.768691374617,
            570.0860578142434,
            0.0
          ],
          [
            379.7617195261302,
            567.2526751721084,
            0.0
          ],
          [
            375.75186883018034,
            564.5104103832084,
            0.0
          ],
          [
            371.661066320808,
            561.7964918480573,
            0.0
          ],
          [
            367.5609963072674,
            559.1554594298167,
            0.0
          ],
          [
            363.36578454846114,
            556.5452952826996,
            0.0
          ],
          [
            359.1355449532404,
            553.9898929927162,
            0.0
          ],
          [
            354.8223482847873,
            551.4745916538297,
            0.0
          ],
          [
            350.5637336396882,
            549.0026737873746,
            0.0
          ],
          [
            346.2745374145983,
            546.5093518841536,
            0.0
          ],
          [
            341.9986803729139,
            544.0422774701651,
            0.0
          ],
          [
            337.68469444302093,
            541.6338823488796,
            0.0
          ],
          [
            333.4194846698676,
            539.342118717957,
            0.0
          ],
          [
            329.0434055261695,
            537.0963443912586,
            0.0
          ],
          [
            324.629185438687,
            534.9280201936936,
            0.0
          ],
          [
            320.18168895416676,
            532.8294046484474,
            0.0
          ],
          [
            315.7361472607896,
            530.834928671548,
            0.0
          ],
          [
            311.25094833863545,
            528.9106183080117,
            0.0
          ],
          [
            306.69452939042367,
            527.0513849836226,
            0.0
          ],
          [
            302.2306467823254,
            525.3162827734016,
            0.0
          ],
          [
            297.5375680466057,
            523.5871892026507,
            0.0
          ],
          [
            293.011294823559,
            522.0105399830738,
            0.0
          ],
          [
            288.3431184655416,
            520.4682135263184,
            0.0
          ],
          [
            283.6840937237661,
            519.0295949128301,
            0.0
          ],
          [
            278.96478089047474,
            517.6502660071416,
            0.0
          ],
          [
            274.25411488883964,
            516.3715009237366,
            0.0
          ],
          [
            269.50379980318024,
            515.159950773348,
            0.0
          ],
          [
            264.7451646455069,
            514.0391894480947,
            0.0
          ],
          [
            259.95935318666216,
            513.002430079528,
            0.0
          ],
          [
            255.12627638724135,
            512.0353322573627,
            0.0
          ],
          [
            250.27261442473704,
            511.15563282567797,
            0.0
          ],
          [
            245.474953503874,
            510.37342247344594,
            0.0
          ],
          [
            240.65287902666643,
            509.67330527603576,
            0.0
          ],
          [
            235.8198271008324,
            509.05763021006055,
            0.0
          ],
          [
            230.99218591288812,
            508.52824063286636,
            0.0
          ],
          [
            226.08205797351212,
            508.0744710303383,
            0.0
          ],
          [
            221.2740661089028,
            507.7081953069647,
            0.0
          ],
          [
            216.3457351249692,
            507.427340486065,
            0.0
          ],
          [
            211.4663304675849,
            507.23627172655665,
            0.0
          ],
          [
            206.57938052494856,
            507.1191866272381,
            0.0
          ],
          [
            201.48985670826494,
            507.03122444356364,
            0.0
          ],
          [
            196.1712247161634,
            506.7084906828339,
            0.0
          ],
          [
            190.9466545801979,
            506.04808334502036,
            0.0
          ],
          [
            185.69950799123737,
            505.04103566817236,
            0.0
          ],
          [
            180.50505348957245,
            503.68719749637967,
            0.0
          ],
          [
            175.46351131123447,
            502.0077834513414,
            0.0
          ],
          [
            170.55954162940856,
            500.02851614207185,
            0.0
          ],
          [
            165.7750627942704,
            497.71584086879307,
            0.0
          ],
          [
            161.1040915790865,
            495.08194151963005,
            0.0
          ],
          [
            156.6558138914495,
            492.1643859773142,
            0.0
          ],
          [
            152.39996219313855,
            488.97730884432764,
            0.0
          ],
          [
            148.36736955255546,
            485.5150178887954,
            0.0
          ],
          [
            144.54029763572714,
            481.768610200982,
            0.0
          ],
          [
            140.9786332571008,
            477.8000990099808,
            0.0
          ],
          [
            137.69479862988211,
            473.62902219657667,
            0.0
          ],
          [
            134.69622203354072,
            469.26148826166155,
            0.0
          ],
          [
            131.97778326238867,
            464.70310740211056,
            0.0
          ],
          [
            129.5694219796276,
            459.99201742757316,
            0.0
          ],
          [
            127.42554569833929,
            455.03765158916497,
            0.0
          ],
          [
            125.65663958187022,
            450.0640396147676,
            0.0
          ],
          [
            124.19705653811765,
            444.9549436843148,
            0.0
          ],
          [
            123.0713968321374,
            439.7539227258898,
            0.0
          ],
          [
            122.27988622257567,
            434.46826261747276,
            0.0
          ],
          [
            121.84019974442785,
            429.14705236307566,
            0.0
          ],
          [
            121.72999999874108,
            423.9172126668268,
            0.0
          ]
        ],
        "type": "LineString"
      },
      "id": "road:285:section:0:lane:-3",
      "properties": {
        "lane_id": "road:285:section:0:lane:-3",
        "road_id": "285",
        "speed_limit_mps": 13.89
      },
      "type": "Feature"
    },
    {
      "geometry": {
        "coordinates": [
          [
            854.97991250656,
            600.532500874745,
            0.0
          ],
          [
            855.039537803109,
            605.5056209175199,
            0.0
          ],
          [
            855.1095311937946,
            610.4934764104063,
            0.0
          ],
          [
            855.1793321120441,
            615.4724962328248,
            0.0
          ],
          [
            855.248489545928,
            620.4344679111565,
            0.0
          ],
          [
            855.308557661944,
            625.4216006212791,
            0.0
          ],
          [
            855.3787919510875,
            630.4040451899522,
            0.0
          ],
          [
            855.4471401158933,
            635.3621451452271,
            0.0
          ],
          [
            855.516645478768,
            640.3368487818663,
            0.0
          ],
          [
            855.5774574605746,
            645.3270413026614,
            0.0
          ],
          [
            855.6478989558877,
            650.305009242952,
            0.0
          ],
          [
            855.5529676221694,
            655.4214540022265,
            0.0
          ],
          [
            854.9310220153116,
            660.5293793721612,
            0.0
          ],
          [
            853.7427781224447,
            665.5592789837582,
            0.0
          ],
          [
            850.9342922167403,
            670.5726278784545,
            0.0
          ],
          [
            845.9815231218937,
            673.5887252167379,
            0.0
          ],
          [
            840.5667748562565,
            674.0296747541063,
            0.0
          ],
          [
            835.5695426488442,
            674.0000472315884,
            0.0
          ],
          [
            830.5551431809745,
            673.9615282636078,
            0.0
          ],
          [
            825.601216009029,
            673.9298992403429,
            0.0
          ]
        ],
        "type": "LineString"
      },
      "id": "road:286:section:0:lane:-1",
      "properties": {
        "lane_id": "road:286:section:0:lane:-1",
        "road_id": "286",
        "speed_limit_mps": 13.89
      },
      "type": "Feature"
    },
    {
      "geometry": {
        "coordinates": [
          [
            805.6931674822902,
            673.7926404747217,
            0.0
          ],
          [
            801.1189816292527,
            673.7597943673435,
            0.0
          ],
          [
            796.4866604169251,
            673.7295430660095,
            0.0
          ],
          [
            791.8681101247959,
            673.7003189550284,
            0.0
          ],
          [
            787.2757661340398,
            673.6660932748872,
            0.0
          ],
          [
            782.6714627527336,
            673.6298884247635,
            0.0
          ],
          [
            778.0250420118161,
            673.6031242719764,
            0.0
          ],
          [
            773.4759706606366,
            673.5697383907882,
            0.0
          ],
          [
            768.8311853433543,
            673.5398992515758,
            0.0
          ]
        ],
        "type": "LineString"
      },
      "id": "road:287:section:0:lane:-1",
      "properties": {
        "lane_id": "road:287:section:0:lane:-1",
        "road_id": "287",
        "speed_limit_mps": 13.89
      },
      "type": "Feature"
    },
    {
      "geometry": {
        "coordinates": [
          [
            749.7076554910952,
            673.409956460344,
            0.0
          ],
          [
            745.2776554913665,
            673.3787064403097,
            0.0
          ],
          [
            740.8476554916379,
            673.3474564202754,
            0.0
          ],
          [
            736.4176554919092,
            673.3162064002411,
            0.0
          ],
          [
            731.9876554921805,
            673.2849563802067,
            0.0
          ],
          [
            727.5576554924518,
            673.2537063601725,
            0.0
          ],
          [
            723.127655492723,
            673.2224563401381,
            0.0
          ],
          [
            718.6976554929943,
            673.1912063201038,
            0.0
          ],
          [
            714.2676554932656,
            673.1599563000696,
            0.0
          ]
        ],
        "type": "LineString"
      },
      "id": "road:288:section:0:lane:-1",
      "properties": {
        "lane_id": "road:288:section:0:lane:-1",
        "road_id": "288",
        "speed_limit_mps": 13.89
      },
      "type": "Feature"
    },
    {
      "geometry": {
        "coordinates": [
          [
            761.3199912207683,
            552.8544567848785,
            0.02
          ],
          [
            761.3342769496924,
            557.364456785145,
            0.02
          ],
          [
            761.3485626786165,
            561.8744567854116,
            0.02
          ],
          [
            761.3628484075406,
            566.384456785678,
            0.02
          ],
          [
            761.3771341364646,
            570.8944567859445,
            0.02
          ],
          [
            761.3914198653887,
            575.404456786211,
            0.02
          ],
          [
            761.4057055943128,
            579.9144567864776,
            0.02
          ],
          [
            761.4199913232369,
            584.424456786744,
            0.02
          ]
        ],
        "type": "LineString"
      },
      "id": "road:289:section:0:lane:-1",
      "properties": {
        "lane_id": "road:289:section:0:lane:-1",
        "road_id": "289",
        "speed_limit_mps": 13.89
      },
      "type": "Feature"
    },
    {
      "geometry": {
        "coordinates": [
          [
            761.4799915229983,
            604.214553034404,
            0.02
          ],
          [
            761.4949915013924,
            609.0337197010762,
            0.02
          ],
          [
            761.5099914797864,
            613.8528863677484,
            0.02
          ],
          [
            761.5249914581806,
            618.6720530344205,
            0.02
          ],
          [
            761.5399914365746,
            623.4912197010926,
            0.02
          ],
          [
            761.5549914149688,
            628.3103863677647,
            0.02
          ],
          [
            761.5699913933629,
            633.129553034437,
            0.02
          ],
          [
            761.5849913717569,
            637.9487197011091,
            0.02
          ],
          [
            761.5999913501511,
            642.7678863677812,
            0.02
          ],
          [
            761.6149913285452,
            647.5870530344534,
            0.02
          ],
          [
            761.6299913069392,
            652.4062197011256,
            0.02
          ],
          [
            761.6449912853334,
            657.2253863677977,
            0.02
          ],
          [
            761.6599912637274,
            662.0445530344698,
            0.02
          ]
        ],
        "type": "LineString"
      },
      "id": "road:290:section:0:lane:-1",
      "properties": {
        "lane_id": "road:290:section:0:lane:-1",
        "road_id": "290",
        "speed_limit_mps": 13.89
      },
      "type": "Feature"
    },
    {
      "geometry": {
        "coordinates": [
          [
            814.3984973783259,
            636.5298352307052,
            0.0
          ],
          [
            814.3572933422324,
            631.8949383138636,
            0.0
          ],
          [
            814.3160893061389,
            627.2600413970218,
            0.0
          ],
          [
            814.2748852700454,
            622.6251444801802,
            0.0
          ],
          [
            814.2336812339518,
            617.9902475633385,
            0.0
          ],
          [
            814.1924771978582,
            613.3553506464968,
            0.0
          ],
          [
            814.1512731617647,
            608.7204537296551,
            0.0
          ],
          [
            814.1100691256712,
            604.0855568128135,
            0.0
          ]
        ],
        "type": "LineString"
      },
      "id": "road:291:section:0:lane:-1",
      "properties": {
        "lane_id": "road:291:section:0:lane:-1",
        "road_id": "291",
        "speed_limit_mps": 13.89
      },
      "type": "Feature"
    },
    {
      "geometry": {
        "coordinates": [
          [
            761.719991806338,
            680.6046448389667,
            0.02
          ],
          [
            761.7349951473425,
            685.5075270608887,
            0.02
          ],
          [
            761.749998488347,
            690.4104092828107,
            0.02
          ],
          [
            761.7650018293515,
            695.3132915047327,
            0.02
          ],
          [
            761.7800051703559,
            700.2161737266547,
            0.02
          ],
          [
            761.7950085113605,
            705.1190559485767,
            0.02
          ],
          [
            761.8100118523649,
            710.0219381704987,
            0.02
          ],
          [
            761.8250151933694,
            714.9248203924208,
            0.02
          ],
          [
            761.8400185343738,
            719.8277026143427,
            0.02
          ],
          [
            761.8550218753784,
            724.7305848362647,
            0.02
          ]
        ],
        "type": "LineString"
      },
      "id": "road:292:section:0:lane:-1",
      "properties": {
        "lane_id": "road:292:section:0:lane:-1",
        "road_id": "292",
        "speed_limit_mps": 13.89
      },
      "type": "Feature"
    },
    {
      "geometry": {
        "coordinates": [
          [
            895.4400959324948,
            586.4583236057771,
            0.0
          ],
          [
            895.3887203432184,
            581.5519556267019,
            0.0
          ],
          [
            895.3373447539419,
            576.6455876476267,
            0.0
          ],
          [
            895.2859691646655,
            571.7392196685514,
            0.0
          ],
          [
            895.234593575389,
            566.8328516894762,
            0.0
          ],
          [
            895.1832179861126,
            561.926483710401,
            0.0
          ],
          [
            895.1318423968361,
            557.0201157313259,
            0.0
          ],
          [
            895.0804668075597,
            552.1137477522507,
            0.0
          ],
          [
            895.0290912182832,
            547.2073797731754,
            0.0
          ],
          [
            894.9777156290068,
            542.3010117941002,
            0.0
          ],
          [
            894.9263400397302,
            537.394643815025,
            0.0
          ],
          [
            894.8749644504538,
            532.4882758359498,
            0.0
          ],
          [
            894.8235888611773,
            527.5819078568746,
            0.0
          ],
          [
            894.7722132719009,
            522.6755398777993,
            0.0
          ],
          [
            894.7208376826244,
            517.7691718987242,
            0.0
          ],
          [
            894.669462093348,
            512.862803919649,
            0.0
          ],
          [
            894.6180865040715,
            507.9564359405737,
            0.0
          ],
          [
            894.5758806479648,
            503.0455470163534,
            0.0
          ],
          [
            894.5369917709016,
            498.13906417703674,
            0.0
          ]
        ],
        "type": "LineString"
      },
      "id": "road:293:section:0:lane:-1",
      "properties": {
        "lane_id": "road:293:section:0:lane:-1",
        "road_id": "293",
        "speed_limit_mps": 13.89
      },
      "type": "Feature"
    },
    {
      "geometry": {
        "coordinates": [
          [
            891.9402877974844,
            586.494970817331,
            0.0
          ],
          [
            891.888912208208,
            581.5886028382558,
            0.0
          ],
          [
            891.8375366189315,
            576.6822348591807,
            0.0
          ],
          [
            891.7861610296551,
            571.7758668801054,
            0.0
          ],
          [
            891.7347854403786,
            566.8694989010302,
            0.0
          ],
          [
            891.6834098511022,
            561.963130921955,
            0.0
          ],
          [
            891.6320342618257,
            557.0567629428798,
            0.0
          ],
          [
            891.5806586725492,
            552.1503949638046,
            0.0
          ],
          [
            891.5292830832727,
            547.2440269847293,
            0.0
          ],
          [
            891.4779074939963,
            542.3376590056541,
            0.0
          ],
          [
            891.4265319047198,
            537.431291026579,
            0.0
          ],
          [
            891.3751563154434,
            532.5249230475038,
            0.0
          ],
          [
            891.3237807261669,
            527.6185550684286,
            0.0
          ],
          [
            891.2724051368905,
            522.7121870893533,
            0.0
          ],
          [
            891.221029547614,
            517.8058191102781,
            0.0
          ],
          [
            891.1696539583376,
            512.8994511312029,
            0.0
          ],
          [
            891.118278369061,
            507.99308315212767,
            0.0
          ],
          [
            891.0759905809001,
            503.0732872121332,
            0.0
          ],
          [
            891.0371017038369,
            498.16680437281656,
            0.0
          ]
        ],
        "type": "LineString"
      },
      "id": "road:293:section:0:lane:-2",
      "properties": {
        "lane_id": "road:293:section:0:lane:-2",
        "road_id": "293",
        "speed_limit_mps": 13.89
      },
      "type": "Feature"
    },
    {
      "geometry": {
        "coordinates": [
          [
            888.4404796624739,
            586.531618028885,
            0.0
          ],
          [
            888.3891040731975,
            581.6252500498098,
            0.0
          ],
          [
            888.337728483921,
            576.7188820707346,
            0.0
          ],
          [
            888.2863528946446,
            571.8125140916593,
            0.0
          ],
          [
            888.234977305368,
            566.9061461125841,
            0.0
          ],
          [
            888.1836017160916,
            561.9997781335089,
            0.0
          ],
          [
            888.1322261268151,
            557.0934101544337,
            0.0
          ],
          [
            888.0808505375387,
            552.1870421753586,
            0.0
          ],
          [
            888.0294749482622,
            547.2806741962833,
            0.0
          ],
          [
            887.9780993589858,
            542.3743062172081,
            0.0
          ],
          [
            887.9267237697093,
            537.4679382381329,
            0.0
          ],
          [
            887.8753481804329,
            532.5615702590577,
            0.0
          ],
          [
            887.8239725911563,
            527.6552022799825,
            0.0
          ],
          [
            887.77259700188,
            522.7488343009072,
            0.0
          ],
          [
            887.7212214126034,
            517.842466321832,
            0.0
          ],
          [
            887.669845823327,
            512.9360983427568,
            0.0
          ],
          [
            887.6184702340505,
            508.02973036368167,
            0.0
          ],
          [
            887.5761005138354,
            503.101027407913,
            0.0
          ],
          [
            887.5372116367722,
            498.19454456859637,
            0.0
          ]
        ],
        "type": "LineString"
      },
      "id": "road:293:section:0:lane:-3",
      "properties": {
        "lane_id": "road:293:section:0:lane:-3",
        "road_id": "293",
        "speed_limit_mps": 13.89
      },
      "type": "Feature"
    },
    {
      "geometry": {
        "coordinates": [
          [
            884.9406715274635,
            586.5682652404389,
            0.0
          ],
          [
            884.889295938187,
            581.6618972613637,
            0.0
          ],
          [
            884.8379203489105,
            576.7555292822885,
            0.0
          ],
          [
            884.7865447596341,
            571.8491613032132,
            0.0
          ],
          [
            884.7351691703576,
            566.942793324138,
            0.0
          ],
          [
            884.6837935810812,
            562.0364253450629,
            0.0
          ],
          [
            884.6324179918047,
            557.1300573659877,
            0.0
          ],
          [
            884.5810424025283,
            552.2236893869125,
            0.0
          ],
          [
            884.5296668132518,
            547.3173214078372,
            0.0
          ],
          [
            884.4782912239754,
            542.410953428762,
            0.0
          ],
          [
            884.4269156346988,
            537.5045854496868,
            0.0
          ],
          [
            884.3755400454224,
            532.5982174706116,
            0.0
          ],
          [
            884.3241644561459,
            527.6918494915365,
            0.0
          ],
          [
            884.2727888668695,
            522.7854815124612,
            0.0
          ],
          [
            884.221413277593,
            517.879113533386,
            0.0
          ],
          [
            884.1700376883166,
            512.9727455543108,
            0.0
          ],
          [
            884.1186620990401,
            508.0663775752356,
            0.0
          ],
          [
            884.0762104467707,
            503.12876760369284,
            0.0
          ],
          [
            884.0373215697075,
            498.2222847643762,
            0.0
          ]
        ],
        "type": "LineString"
      },
      "id": "road:293:section:0:lane:-4",
      "properties": {
        "lane_id": "road:293:section:0:lane:-4",
        "road_id": "293",
        "speed_limit_mps": 13.89
      },
      "type": "Feature"
    },
    {
      "geometry": {
        "coordinates": [
          [
            894.4284066340849,
            483.14058003600525,
            0.0
          ],
          [
            894.3935156309017,
            478.6256852590949,
            0.0
          ],
          [
            894.3586246277184,
            474.1107904821845,
            0.0
          ],
          [
            894.3237336245352,
            469.59589570527413,
            0.0
          ],
          [
            894.2888426213519,
            465.0810009283637,
            0.0
          ],
          [
            894.2539516181687,
            460.56610615145337,
            0.0
          ],
          [
            894.2190606149854,
            456.05121137454296,
            0.0
          ],
          [
            894.1841696118023,
            451.5363165976326,
            0.0
          ],
          [
            893.9984099692613,
            447.1772342073956,
            0.0
          ],
          [
            893.4268203532421,
            442.82579123250116,
            0.0
          ]
        ],
        "type": "LineString"
      },
      "id": "road:294:section:0:lane:-1",
      "properties": {
        "lane_id": "road:294:section:0:lane:-1",
        "road_id": "294",
        "speed_limit_mps": 13.89
      },
      "type": "Feature"
    },
    {
      "geometry": {
        "coordinates": [
          [
            890.9285111422549,
            483.1676271480157,
            0.0
          ],
          [
            890.8936201390717,
            478.65273237110534,
            0.0
          ],
          [
            890.8587291358884,
            474.13783759419493,
            0.0
          ],
          [
            890.8238381327052,
            469.6229428172846,
            0.0
          ],
          [
            890.788947129522,
            465.1080480403742,
            0.0
          ],
          [
            890.7540561263387,
            460.5931532634638,
            0.0
          ],
          [
            890.7191651231554,
            456.0782584865534,
            0.0
          ],
          [
            890.6842741199723,
            451.56336370964306,
            0.0
          ],
          [
            890.5100066183313,
            447.4619130812543,
            0.0
          ],
          [
            889.9744492014324,
            443.4012331758388,
            0.0
          ]
        ],
        "type": "LineString"
      },
      "id": "road:294:section:0:lane:-2",
      "properties": {
        "lane_id": "road:294:section:0:lane:-2",
        "road_id": "294",
        "speed_limit_mps": 13.89
      },
      "type": "Feature"
    },
    {
      "geometry": {
        "coordinates": [
          [
            887.428615650425,
            483.1946742600261,
            0.0
          ],
          [
            887.3937246472417,
            478.67977948311574,
            0.0
          ],
          [
            887.3588336440584,
            474.1648847062053,
            0.0
          ],
          [
            887.3239426408752,
            469.649989929295,
            0.0
          ],
          [
            887.289051637692,
            465.13509515238457,
            0.0
          ],
          [
            887.2541606345087,
            460.6202003754742,
            0.0
          ],
          [
            887.2192696313255,
            456.1053055985638,
            0.0
          ],
          [
            887.1843786281423,
            451.59041082165345,
            0.0
          ],
          [
            887.0216032674016,
            447.74659195511293,
            0.0
          ],
          [
            886.5220780496227,
            443.97667511917643,
            0.0
          ]
        ],
        "type": "LineString"
      },
      "id": "road:294:section:0:lane:-3",
      "properties": {
        "lane_id": "road:294:section:0:lane:-3",
        "road_id": "294",
        "speed_limit_mps": 13.89
      },
      "type": "Feature"
    },
    {
      "geometry": {
        "coordinates": [
          [
            883.928720158595,
            483.22172137203654,
            0.0
          ],
          [
            883.8938291554117,
            478.7068265951262,
            0.0
          ],
          [
            883.8589381522285,
            474.1919318182158,
            0.0
          ],
          [
            883.8240471490452,
            469.6770370413054,
            0.0
          ],
          [
            883.789156145862,
            465.162142264395,
            0.0
          ],
          [
            883.7542651426787,
            460.64724748748466,
            0.0
          ],
          [
            883.7193741394955,
            456.13235271057425,
            0.0
          ],
          [
            883.6844831363123,
            451.6174579336639,
            0.0
          ],
          [
            883.5331999164716,
            448.0312708289716,
            0.0
          ],
          [
            883.069706897813,
            444.55211706251407,
            0.0
          ]
        ],
        "type": "LineString"
      },
      "id": "road:294:section:0:lane:-4",
      "properties": {
        "lane_id": "road:294:section:0:lane:-4",
        "road_id": "294",
        "speed_limit_mps": 13.89
      },
      "type": "Feature"
    },
    {
      "geometry": {
        "coordinates": [
          [
            880.4733280030466,
            417.4882803623768,
            0.0
          ],
          [
            877.0145574111909,
            414.23343854752017,
            -0.00015686289700381006
          ],
          [
            873.1985247451424,
            411.30297531608375,
            0.01516182394791101
          ],
          [
            869.1435878900626,
            408.76979645962615,
            0.039638170451653965
          ],
          [
            864.9147372124326,
            406.67420276151785,
            0.08059708348270946
          ],
          [
            860.4652870482398,
            404.9936935488442,
            0.13334639171310034
          ],
          [
            855.8248198491393,
            403.7383353349672,
            0.1959741575162692
          ],
          [
            851.1177322763574,
            402.94428742136205,
            0.2789616414263627
          ],
          [
            846.4148313249237,
            402.61704009201384,
            0.36295509752614813
          ],
          [
            841.5316836531874,
            402.67094658433325,
            0.46127959242539474
          ],
          [
            836.5805452765663,
            402.7503651536056,
            0.5707555388389074
          ],
          [
            831.6402871549171,
            402.83974485023015,
            0.6901264287444386
          ],
          [
            826.6813277016835,
            402.9194418746201,
            0.8191766899311974
          ],
          [
            821.7469384472564,
            403.00840666595377,
            0.9581380562556266
          ],
          [
            816.790380593661,
            403.0886901768508,
            1.1166728161479205
          ],
          [
            811.863466843546,
            403.1770614679256,
            1.2762002079037182
          ],
          [
            806.9060791591977,
            403.2578699169173,
            1.4446016953485488
          ],
          [
            801.9834955826377,
            403.345989519625,
            1.6314272721740355
          ],
          [
            797.0293995711396,
            403.42704881668163,
            1.8298536814561535
          ],
          [
            792.1123178164778,
            403.51440243895087,
            2.0386542902256948
          ],
          [
            787.1578275686237,
            403.5963258279864,
            2.2534783673854544
          ],
          [
            782.2433633828218,
            403.6826252824737,
            2.480748954153241
          ],
          [
            777.2889143729891,
            403.76556997567036,
            2.7183823140127017
          ],
          [
            772.3771206399556,
            403.8508083179453,
            2.977183029591509
          ],
          [
            767.4221592933442,
            403.9348330632913,
            3.2339178116529563
          ],
          [
            762.5103395412166,
            404.018972702245,
            3.5062985136299827
          ],
          [
            757.5551240744493,
            404.1040990672629,
            3.7939896452292
          ],
          [
            752.6433486963526,
            404.1870732628483,
            4.0914414381092845
          ],
          [
            747.687580460543,
            404.2732961752464,
            4.388477648998004
          ],
          [
            742.7741029057901,
            404.3548696246593,
            4.6853670186578285
          ],
          [
            737.8175673113302,
            404.442286129615,
            4.972086113766972
          ],
          [
            732.8968823288657,
            404.52282148743564,
            5.269516213764891
          ],
          [
            727.9406820978173,
            404.61129311594,
            5.566545396286674
          ],
          [
            723.0118389665781,
            404.6909127528497,
            5.863785574373067
          ],
          [
            718.0542119046075,
            404.7801240768211,
            6.161231989106058
          ],
          [
            713.1169506272926,
            404.85940881337393,
            6.459304723177524
          ],
          [
            708.1625835361724,
            404.948907428675,
            6.756795239978277
          ],
          [
            703.2250583483735,
            405.02760173652587,
            7.034767306846237
          ],
          [
            698.2793812405417,
            405.1171933580619,
            7.311497365132844
          ],
          [
            693.3258913434045,
            405.197654180152,
            7.5789706071055445
          ],
          [
            688.4049376115281,
            405.2853909752952,
            7.82796116577326
          ],
          [
            683.4513550215969,
            405.36667424395233,
            8.075771596924161
          ],
          [
            678.5373153049021,
            405.4531466547494,
            8.305665453887086
          ],
          [
            673.5836601979711,
            405.5357533860681,
            8.530031330903274
          ],
          [
            668.6721267151024,
            405.62101802987246,
            8.74127578070671
          ],
          [
            663.718713921576,
            405.70482147414964,
            8.949434879510891
          ],
          [
            658.8071525657124,
            405.7881988323237,
            9.147499621503215
          ],
          [
            653.8543998895003,
            405.87387613471986,
            9.331427978242045
          ],
          [
            648.9405146217766,
            405.95615082876793,
            9.50273185299161
          ],
          [
            643.9871292569785,
            406.04293609295723,
            9.670422734442212
          ],
          [
            639.0700429244956,
            406.12398541664845,
            9.82651359073131
          ],
          [
            634.1148603172445,
            406.212005558291,
            9.97520418733479
          ],
          [
            629.1917266304557,
            406.29211542626507,
            10.11279533188575
          ],
          [
            624.2348887234451,
            406.3808927757955,
            10.241812436103489
          ],
          [
            619.2957728538838,
            406.460281426924,
            10.350847552502062
          ],
          [
            614.3553414815602,
            406.54964309600746,
            10.460000099136376
          ]
        ],
        "type": "LineString"
      },
      "id": "road:295:section:0:lane:-1",
      "properties": {
        "lane_id": "road:295:section:0:lane:-1",
        "road_id": "295",
        "speed_limit_mps": 13.89
      },
      "type": "Feature"
    },
    {
      "geometry": {
        "coordinates": [
          [
            877.9804480691399,
            419.94501592713044,
            0.0
          ],
          [
            874.7644460259654,
            416.91429638673486,
            -0.00015686289700381006
          ],
          [
            871.1850959964323,
            414.16585929449917,
            0.01516182394791101
          ],
          [
            867.4293829563017,
            411.82127174955883,
            0.039638170451653965
          ],
          [
            863.5262779331854,
            409.8870178557728,
            0.08059708348270946
          ],
          [
            859.4118800052305,
            408.3314073774608,
            0.13334639171310034
          ],
          [
            855.0807381956099,
            407.1583269274833,
            0.1959741575162692
          ],
          [
            850.6949843228213,
            406.418662785047,
            0.2789616414263627
          ],
          [
            846.3637689874404,
            406.11666759186164,
            0.36295509752614813
          ],
          [
            841.6043818364177,
            406.1701914991906,
            0.46127959242539474
          ],
          [
            836.6376780708995,
            406.2498988145113,
            0.5707555388389074
          ],
          [
            831.7108355836702,
            406.33903376645304,
            0.6901264287444386
          ],
          [
            826.7295917101454,
            406.419109085297,
            0.8191766899311974
          ],
          [
            821.8171012891777,
            406.5077033346593,
            0.9581380562556266
          ],
          [
            816.8317695777815,
            406.5884454471509,
            1.1166728161479205
          ],
          [
            811.9340952289369,
            406.67634877124567,
            1.2762002079037182
          ],
          [
            806.9419466473182,
            406.7576861297056,
            1.4446016953485488
          ],
          [
            802.0505005836068,
            406.84534807939633,
            1.6314272721740355
          ],
          [
            797.0619506885095,
            406.9268974455166,
            1.8298536814561535
          ],
          [
            792.1824961348698,
            407.0136987973103,
            2.0386542902256948
          ],
          [
            787.1887631088284,
            407.0961891099379,
            2.2534783673854544
          ],
          [
            782.3144966715671,
            407.1819023585613,
            2.480748954153241
          ],
          [
            777.3182814545723,
            407.26544676986174,
            2.7183823140127017
          ],
          [
            772.4504648198133,
            407.350039752315,
            2.977183029591509
          ],
          [
            767.4517154801506,
            407.4347082656123,
            3.2339178116529563
          ],
          [
            762.583681272149,
            407.5182041879435,
            3.5062985136299827
          ],
          [
            757.5847121181602,
            407.6039740004097,
            3.7939896452292
          ],
          [
            752.7180758966737,
            407.6862754355631,
            4.0914414381092845
          ],
          [
            747.7186837448951,
            407.77315797047527,
            4.388477648998004
          ],
          [
            742.8480687462044,
            407.85408797372696,
            4.6853670186578285
          ],
          [
            737.8522870102697,
            407.9421139171648,
            4.972086113766972
          ],
          [
            732.9669690173129,
            408.0221196822316,
            5.269516213764891
          ],
          [
            727.9802608786388,
            408.1110693259438,
            5.566545396286674
          ],
          [
            723.0817823824517,
            408.190213814287,
            5.863785574373067
          ],
          [
            718.1035121284222,
            408.27977684358694,
            6.161231989106058
          ],
          [
            713.1878377535928,
            408.3586908847887,
            6.459304723177524
          ],
          [
            708.2209339676433,
            408.44842099875115,
            6.756795239978277
          ],
          [
            703.297864374543,
            408.5268444092414,
            7.034767306846237
          ],
          [
            698.3439193882259,
            408.61659828283035,
            7.311497365132844
          ],
          [
            693.3611143463985,
            408.69747693853,
            7.5789706071055445
          ],
          [
            688.4729091747523,
            408.78473089399307,
            7.82796116577326
          ],
          [
            683.4827379160786,
            408.86653354311477,
            8.075771596924161
          ],
          [
            678.6080594284499,
            408.9524316201364,
            8.305665453887086
          ],
          [
            673.613680448248,
            409.03562463863915,
            8.530031330903274
          ],
          [
            668.7444544446355,
            409.1202706214326,
            8.74127578070671
          ],
          [
            663.74788882543,
            409.20469987560665,
            8.949434879510891
          ],
          [
            658.8770674763122,
            409.2875004634032,
            9.147499621503215
          ],
          [
            653.8847398648265,
            409.3737446302347,
            9.331427978242045
          ],
          [
            649.0104963651867,
            409.4554511239112,
            9.50273185299161
          ],
          [
            644.0191331591494,
            409.5427897685051,
            9.670422734442212
          ],
          [
            639.1407611146255,
            409.6232709062284,
            9.82651359073131
          ],
          [
            634.1505988180404,
            409.7118230906148,
            9.97520418733479
          ],
          [
            629.2617125890916,
            409.79141563710635,
            10.11279533188575
          ],
          [
            624.2772001422029,
            409.8806370155711,
            10.241812436103489
          ],
          [
            619.3526199131212,
            409.9598197410243,
            10.350847552502062
          ],
          [
            614.4260341316699,
            410.0489291016407,
            10.460000099136376
          ]
        ],
        "type": "LineString"
      },
      "id": "road:295:section:0:lane:-2",
      "properties": {
        "lane_id": "road:295:section:0:lane:-2",
        "road_id": "295",
        "speed_limit_mps": 13.89
      },
      "type": "Feature"
    },
    {
      "geometry": {
        "coordinates": [
          [
            875.4875681352332,
            422.40175149188406,
            0.0
          ],
          [
            872.51433464074,
            419.5951542259495,
            -0.00015686289700381006
          ],
          [
            869.1716672477222,
            417.0287432729146,
            0.01516182394791101
          ],
          [
            865.7151780225407,
            414.87274703949157,
            0.039638170451653965
          ],
          [
            862.1378186539381,
            413.09983295002775,
            0.08059708348270946
          ],
          [
            858.3584729622213,
            411.66912120607736,
            0.13334639171310034
          ],
          [
            854.3366565420805,
            410.5783185199994,
            0.1959741575162692
          ],
          [
            850.2722363692851,
            409.89303814873193,
            0.2789616414263627
          ],
          [
            846.312706649957,
            409.6162950917094,
            0.36295509752614813
          ],
          [
            841.677080019648,
            409.66943641404794,
            0.46127959242539474
          ],
          [
            836.6948108652326,
            409.74943247541694,
            0.5707555388389074
          ],
          [
            831.7813840124234,
            409.83832268267594,
            0.6901264287444386
          ],
          [
            826.7778557186074,
            409.91877629597394,
            0.8191766899311974
          ],
          [
            821.887264131099,
            410.00700000336485,
            0.9581380562556266
          ],
          [
            816.8731585619022,
            410.088200717451,
            1.1166728161479205
          ],
          [
            812.0047236143279,
            410.1756360745658,
            1.2762002079037182
          ],
          [
            806.9778141354387,
            410.2575023424939,
            1.4446016953485488
          ],
          [
            802.1175055845758,
            410.3447066391677,
            1.6314272721740355
          ],
          [
            797.0945018058793,
            410.42674607435157,
            1.8298536814561535
          ],
          [
            792.2526744532618,
            410.5129951556698,
            2.0386542902256948
          ],
          [
            787.2196986490333,
            410.5960523918894,
            2.2534783673854544
          ],
          [
            782.3856299603124,
            410.68117943464887,
            2.480748954153241
          ],
          [
            777.3476485361556,
            410.7653235640531,
            2.7183823140127017
          ],
          [
            772.5238089996709,
            410.8492711866847,
            2.977183029591509
          ],
          [
            767.4812716669571,
            410.9345834679333,
            3.2339178116529563
          ],
          [
            762.6570230030813,
            411.017435673642,
            3.5062985136299827
          ],
          [
            757.614300161871,
            411.10384893355655,
            3.7939896452292
          ],
          [
            752.7928030969947,
            411.18547760827795,
            4.0914414381092845
          ],
          [
            747.7497870292473,
            411.2730197657041,
            4.388477648998004
          ],
          [
            742.9220345866187,
            411.3533063227946,
            4.6853670186578285
          ],
          [
            737.8870067092091,
            411.44194170471457,
            4.972086113766972
          ],
          [
            733.0370557057599,
            411.52141787702766,
            5.269516213764891
          ],
          [
            728.0198396594603,
            411.61084553594765,
            5.566545396286674
          ],
          [
            723.1517257983253,
            411.6895148757243,
            5.863785574373067
          ],
          [
            718.1528123522368,
            411.7794296103528,
            6.161231989106058
          ],
          [
            713.2587248798931,
            411.85797295620347,
            6.459304723177524
          ],
          [
            708.2792843991141,
            411.9479345688273,
            6.756795239978277
          ],
          [
            703.3706704007126,
            412.0260870819569,
            7.034767306846237
          ],
          [
            698.4084575359101,
            412.11600320759874,
            7.311497365132844
          ],
          [
            693.3963373493925,
            412.19729969690786,
            7.5789706071055445
          ],
          [
            688.5408807379766,
            412.284070812691,
            7.82796116577326
          ],
          [
            683.5141208105603,
            412.36639284227726,
            8.075771596924161
          ],
          [
            678.6788035519977,
            412.45171658552334,
            8.305665453887086
          ],
          [
            673.643700698525,
            412.5354958912102,
            8.530031330903274
          ],
          [
            668.8167821741686,
            412.6195232129928,
            8.74127578070671
          ],
          [
            663.7770637292839,
            412.7045782770636,
            8.949434879510891
          ],
          [
            658.9469823869119,
            412.7868020944827,
            9.147499621503215
          ],
          [
            653.9150798401528,
            412.8736131257495,
            9.331427978242045
          ],
          [
            649.0804781085967,
            412.95475141905433,
            9.50273185299161
          ],
          [
            644.0511370613203,
            413.04264344405294,
            9.670422734442212
          ],
          [
            639.2114793047555,
            413.1225563958083,
            9.82651359073131
          ],
          [
            634.1863373188364,
            413.2116406229386,
            9.97520418733479
          ],
          [
            629.3316985477276,
            413.29071584794764,
            10.11279533188575
          ],
          [
            624.3195115609607,
            413.3803812553467,
            10.241812436103489
          ],
          [
            619.4094669723586,
            413.45935805512465,
            10.350847552502062
          ],
          [
            614.4967267817796,
            413.5482151072739,
            10.460000099136376
          ]
        ],
        "type": "LineString"
      },
      "id": "road:295:section:0:lane:-3",
      "properties": {
        "lane_id": "road:295:section:0:lane:-3",
        "road_id": "295",
        "speed_limit_mps": 13.89
      },
      "type": "Feature"
    },
    {
      "geometry": {
        "coordinates": [
          [
            872.9946882013265,
            424.85848705663767,
            0.0
          ],
          [
            870.2642232555146,
            422.2760120651642,
            -0.00015686289700381006
          ],
          [
            867.1582384990121,
            419.89162725133,
            0.01516182394791101
          ],
          [
            864.0009730887799,
            417.92422232942425,
            0.039638170451653965
          ],
          [
            860.7493593746909,
            416.3126480442827,
            0.08059708348270946
          ],
          [
            857.3050659192121,
            415.006835034694,
            0.13334639171310034
          ],
          [
            853.5925748885511,
            413.9983101125155,
            0.1959741575162692
          ],
          [
            849.849488415749,
            413.36741351241693,
            0.2789616414263627
          ],
          [
            846.2616443124737,
            413.11592259155714,
            0.36295509752614813
          ],
          [
            841.7497782028784,
            413.1686813289053,
            0.46127959242539474
          ],
          [
            836.7519436595657,
            413.24896613632257,
            0.5707555388389074
          ],
          [
            831.8519324411765,
            413.3376115988989,
            0.6901264287444386
          ],
          [
            826.8261197270693,
            413.4184435066509,
            0.8191766899311974
          ],
          [
            821.9574269730202,
            413.50629667207033,
            0.9581380562556266
          ],
          [
            816.9145475460227,
            413.5879559877511,
            1.1166728161479205
          ],
          [
            812.0753519997189,
            413.6749233778858,
            1.2762002079037182
          ],
          [
            807.0136816235593,
            413.7573185552822,
            1.4446016953485488
          ],
          [
            802.1845105855449,
            413.84406519893906,
            1.6314272721740355
          ],
          [
            797.1270529232492,
            413.92659470318654,
            1.8298536814561535
          ],
          [
            792.3228527716537,
            414.01229151402924,
            2.0386542902256948
          ],
          [
            787.2506341892381,
            414.09591567384086,
            2.2534783673854544
          ],
          [
            782.4567632490575,
            414.1804565107365,
            2.480748954153241
          ],
          [
            777.377015617739,
            414.2652003582445,
            2.7183823140127017
          ],
          [
            772.5971531795286,
            414.34850262105437,
            2.977183029591509
          ],
          [
            767.5108278537635,
            414.4344586702543,
            3.2339178116529563
          ],
          [
            762.7303647340137,
            414.51666715934056,
            3.5062985136299827
          ],
          [
            757.6438882055819,
            414.6037238667033,
            3.7939896452292
          ],
          [
            752.8675302973157,
            414.6846797809928,
            4.0914414381092845
          ],
          [
            747.7808903135993,
            414.77288156093294,
            4.388477648998004
          ],
          [
            742.9960004270331,
            414.8525246718623,
            4.6853670186578285
          ],
          [
            737.9217264081486,
            414.94176949226437,
            4.972086113766972
          ],
          [
            733.1071423942071,
            415.02071607182364,
            5.269516213764891
          ],
          [
            728.0594184402818,
            415.11062174595145,
            5.566545396286674
          ],
          [
            723.2216692141989,
            415.1888159371615,
            5.863785574373067
          ],
          [
            718.2021125760514,
            415.27908237711864,
            6.161231989106058
          ],
          [
            713.3296120061934,
            415.3572550276183,
            6.459304723177524
          ],
          [
            708.337634830585,
            415.4474481389035,
            6.756795239978277
          ],
          [
            703.4434764268821,
            415.5253297546725,
            7.034767306846237
          ],
          [
            698.4729956835943,
            415.6154081323672,
            7.311497365132844
          ],
          [
            693.4315603523867,
            415.6971224552858,
            7.5789706071055445
          ],
          [
            688.6088523012008,
            415.783410731389,
            7.82796116577326
          ],
          [
            683.5455037050419,
            415.8662521414397,
            8.075771596924161
          ],
          [
            678.7495476755456,
            415.95100155091035,
            8.305665453887086
          ],
          [
            673.673720948802,
            416.0353671437813,
            8.530031330903274
          ],
          [
            668.8891099037016,
            416.11877580455297,
            8.74127578070671
          ],
          [
            663.8062386331379,
            416.2044566785206,
            8.949434879510891
          ],
          [
            659.0168972975116,
            416.28610372556227,
            9.147499621503215
          ],
          [
            653.945419815479,
            416.3734816212643,
            9.331427978242045
          ],
          [
            649.1504598520067,
            416.4540517141976,
            9.50273185299161
          ],
          [
            644.0831409634912,
            416.5424971196008,
            9.670422734442212
          ],
          [
            639.2821974948854,
            416.6218418853883,
            9.82651359073131
          ],
          [
            634.2220758196324,
            416.71145815526233,
            9.97520418733479
          ],
          [
            629.4016845063635,
            416.7900160587889,
            10.11279533188575
          ],
          [
            624.3618229797185,
            416.88012549512234,
            10.241812436103489
          ],
          [
            619.4663140315959,
            416.95889636922493,
            10.350847552502062
          ],
          [
            614.5674194318893,
            417.0475011129071,
            10.460000099136376
          ]
        ],
        "type": "LineString"
      },
      "id": "road:295:section:0:lane:-4",
      "properties": {
        "lane_id": "road:295:section:0:lane:-4",
        "road_id": "295",
        "speed_limit_mps": 13.89
      },
      "type": "Feature"
    },
    {
      "geometry": {
        "coordinates": [
          [
            571.3300002162821,
            406.9,
            10.98
          ],
          [
            566.4118393230214,
            406.9199622397529,
            11.000000048860084
          ],
          [
            561.4848101430459,
            406.9399465050484,
            11.0
          ],
          [
            556.5577953640509,
            406.9599302652602,
            11.0
          ],
          [
            551.6291851609429,
            406.9798647919779,
            11.0
          ],
          [
            546.7022260885507,
            406.9998463469924,
            11.0
          ],
          [
            541.7752811115257,
            407.0198274779751,
            11.0
          ],
          [
            536.8483159241779,
            407.03980897114036,
            11.0
          ],
          [
            531.9214021170037,
            407.05978921802506,
            11.0
          ],
          [
            526.9946291264282,
            407.0797666516344,
            11.0
          ],
          [
            522.0652504906382,
            407.0996250421545,
            11.0
          ],
          [
            517.13745802636,
            407.11953398033023,
            11.0
          ],
          [
            512.2091162295598,
            407.13936183724843,
            10.990579002999047
          ],
          [
            507.2813184611391,
            407.1591734329227,
            10.971124551512839
          ],
          [
            502.3543459037035,
            407.17905788751574,
            10.931197965175103
          ],
          [
            497.4273623619066,
            407.19884576806254,
            10.881423025113495
          ],
          [
            492.5008705740905,
            407.21861743401445,
            10.812957073685931
          ],
          [
            487.5745972152562,
            407.238484016068,
            10.733578226269557
          ],
          [
            482.6487859781244,
            407.2582386035637,
            10.652387361024873
          ],
          [
            477.7234359507403,
            407.2780653552814,
            10.5643786281773
          ],
          [
            472.7976993278432,
            407.29782965563066,
            10.482757567510914
          ],
          [
            467.872840151664,
            407.3175576342457,
            10.39532776777661
          ],
          [
            462.9474616731649,
            407.3373970214303,
            10.313122782593375
          ],
          [
            458.02306871199994,
            407.3571120009386,
            10.225574934825907
          ],
          [
            453.0990833570814,
            407.3764900935477,
            10.143592810797651
          ],
          [
            448.19163203843567,
            407.3798677568124,
            10.057774249543415
          ],
          [
            443.24299591985357,
            407.3900000004918,
            9.977259918271429
          ],
          [
            438.33104004625415,
            407.4000000019994,
            9.889192865599668
          ],
          [
            433.39000000628215,
            407.40000000358975,
            9.81
          ]
        ],
        "type": "LineString"
      },
      "id": "road:296:section:0:lane:-1",
      "properties": {
        "lane_id": "road:296:section:0:lane:-1",
        "road_id": "296",
        "speed_limit_mps": 13.89
      },
      "type": "Feature"
    },
    {
      "geometry": {
        "coordinates": [
          [
            571.3300002288464,
            410.4,
            10.98
          ],
          [
            566.4301149108768,
            410.41991452555465,
            11.000000048860084
          ],
          [
            561.5035940147765,
            410.4398960998515,
            11.0
          ],
          [
            556.5770767216317,
            410.4598771547501,
            11.0
          ],
          [
            551.6501654168828,
            410.4798019098217,
            11.0
          ],
          [
            546.7236456785747,
            410.4997808036877,
            11.0
          ],
          [
            541.7971238466162,
            410.51975931944344,
            11.0
          ],
          [
            536.8705049652579,
            410.53973863421305,
            11.0
          ],
          [
            531.9440031923011,
            410.55971624460653,
            11.0
          ],
          [
            527.0178610925175,
            410.57968954732104,
            11.0
          ],
          [
            522.0907304068986,
            410.5995322943353,
            11.0
          ],
          [
            517.1642103756104,
            410.6194317376668,
            11.0
          ],
          [
            512.2378983791594,
            410.6392434906568,
            10.990579002999047
          ],
          [
            507.3118840968544,
            410.65903996493694,
            10.971124551512839
          ],
          [
            502.3858440333941,
            410.6789161514781,
            10.931197965175103
          ],
          [
            497.4603324478448,
            410.69869047510787,
            10.881423025113495
          ],
          [
            492.5351685542717,
            410.71844937977346,
            10.812957073685931
          ],
          [
            487.60955313986125,
            410.73830945219123,
            10.733578226269557
          ],
          [
            482.6848167471786,
            410.7580531391758,
            10.652387361024873
          ],
          [
            477.76050452179027,
            410.7778690527822,
            10.5643786281773
          ],
          [
            472.8351706256775,
            410.7976290644309,
            10.482757567510914
          ],
          [
            467.91108137006876,
            410.8173487150411,
            10.39532776777661
          ],
          [
            462.9860998391536,
            410.83718374237907,
            10.313122782593375
          ],
          [
            458.06232036826924,
            410.8568918950863,
            10.225574934825907
          ],
          [
            453.1383259863478,
            410.87627008892576,
            10.143592810797651
          ],
          [
            448.1878482785615,
            410.87986571154914,
            10.057774249543415
          ],
          [
            443.24299593241784,
            410.8900000004918,
            9.977259918271429
          ],
          [
            438.33104013639115,
            410.9000000019994,
            9.889192865599668
          ],
          [
            433.3900000188464,
            410.90000000358975,
            9.81
          ]
        ],
        "type": "LineString"
      },
      "id": "road:296:section:0:lane:-2",
      "properties": {
        "lane_id": "road:296:section:0:lane:-2",
        "road_id": "296",
        "speed_limit_mps": 13.89
      },
      "type": "Feature"
    },
    {
      "geometry": {
        "coordinates": [
          [
            571.3300002414106,
            413.9,
            10.98
          ],
          [
            566.4483904987321,
            413.9198668113563,
            11.000000048860084
          ],
          [
            561.5223778865069,
            413.9398456946547,
            11.0
          ],
          [
            556.5963580792125,
            413.95982404423995,
            11.0
          ],
          [
            551.6711456728227,
            413.97973902766546,
            11.0
          ],
          [
            546.7450652685986,
            413.999715260383,
            11.0
          ],
          [
            541.8189665817065,
            414.01969116091175,
            11.0
          ],
          [
            536.8926940063378,
            414.0396682972857,
            11.0
          ],
          [
            531.9666042675984,
            414.059643271188,
            11.0
          ],
          [
            527.0410930586067,
            414.0796124430077,
            11.0
          ],
          [
            522.1162103231591,
            414.099439546516,
            11.0
          ],
          [
            517.1909627248609,
            414.11932949500334,
            11.0
          ],
          [
            512.266680528759,
            414.13912514406513,
            10.990579002999047
          ],
          [
            507.34244973256966,
            414.15890649695115,
            10.971124551512839
          ],
          [
            502.41734216308475,
            414.17877441544056,
            10.931197965175103
          ],
          [
            497.493302533783,
            414.1985351821532,
            10.881423025113495
          ],
          [
            492.5694665344529,
            414.21828132553253,
            10.812957073685931
          ],
          [
            487.6445090644663,
            414.23813488831445,
            10.733578226269557
          ],
          [
            482.7208475162329,
            414.2578676747878,
            10.652387361024873
          ],
          [
            477.79757309284025,
            414.277672750283,
            10.5643786281773
          ],
          [
            472.8726419235118,
            414.29742847323115,
            10.482757567510914
          ],
          [
            467.9493225884736,
            414.31713979583645,
            10.39532776777661
          ],
          [
            463.02473800514224,
            414.3369704633278,
            10.313122782593375
          ],
          [
            458.10157202453854,
            414.3566717892339,
            10.225574934825907
          ],
          [
            453.1775686156143,
            414.37605008430376,
            10.143592810797651
          ],
          [
            448.18406451868736,
            414.37986366628587,
            10.057774249543415
          ],
          [
            443.2429959449821,
            414.3900000004918,
            9.977259918271429
          ],
          [
            438.3310402265282,
            414.4000000019994,
            9.889192865599668
          ],
          [
            433.3900000314107,
            414.40000000358975,
            9.81
          ]
        ],
        "type": "LineString"
      },
      "id": "road:296:section:0:lane:-3",
      "properties": {
        "lane_id": "road:296:section:0:lane:-3",
        "road_id": "296",
        "speed_limit_mps": 13.89
      },
      "type": "Feature"
    },
    {
      "geometry": {
        "coordinates": [
          [
            571.330000253975,
            417.4,
            10.98
          ],
          [
            566.4666660865876,
            417.41981909715804,
            11.000000048860084
          ],
          [
            561.5411617582374,
            417.4397952894579,
            11.0
          ],
          [
            556.6156394367932,
            417.4597709337298,
            11.0
          ],
          [
            551.6921259287626,
            417.47967614550925,
            11.0
          ],
          [
            546.7664848586227,
            417.4996497170784,
            11.0
          ],
          [
            541.8408093167969,
            417.51962300238006,
            11.0
          ],
          [
            536.9148830474179,
            417.5395979603584,
            11.0
          ],
          [
            531.9892053428958,
            417.5595702977695,
            11.0
          ],
          [
            527.064325024696,
            417.57953533869437,
            11.0
          ],
          [
            522.1416902394195,
            417.59934679869673,
            11.0
          ],
          [
            517.2177150741113,
            417.61922725233995,
            11.0
          ],
          [
            512.2954626783587,
            417.6390067974735,
            10.990579002999047
          ],
          [
            507.37301536828494,
            417.6587730289654,
            10.971124551512839
          ],
          [
            502.44884029277534,
            417.678632679403,
            10.931197965175103
          ],
          [
            497.5262726197212,
            417.6983798891985,
            10.881423025113495
          ],
          [
            492.60376451463407,
            417.71811327129154,
            10.812957073685931
          ],
          [
            487.6794649890714,
            417.73796032443767,
            10.733578226269557
          ],
          [
            482.7568782852871,
            417.7576822103999,
            10.652387361024873
          ],
          [
            477.8346416638902,
            417.7774764477838,
            10.5643786281773
          ],
          [
            472.91011322134614,
            417.7972278820314,
            10.482757567510914
          ],
          [
            467.98756380687837,
            417.81693087663183,
            10.39532776777661
          ],
          [
            463.0633761711309,
            417.8367571842765,
            10.313122782593375
          ],
          [
            458.1408236808078,
            417.8564516833816,
            10.225574934825907
          ],
          [
            453.2168112448807,
            417.8758300796818,
            10.143592810797651
          ],
          [
            448.1802807588132,
            417.87986162102254,
            10.057774249543415
          ],
          [
            443.2429959575464,
            417.8900000004918,
            9.977259918271429
          ],
          [
            438.3310403166652,
            417.9000000019994,
            9.889192865599668
          ],
          [
            433.39000004397496,
            417.90000000358975,
            9.81
          ]
        ],
        "type": "LineString"
      },
      "id": "road:296:section:0:lane:-4",
      "properties": {
        "lane_id": "road:296:section:0:lane:-4",
        "road_id": "296",
        "speed_limit_mps": 13.89
      },
      "type": "Feature"
    },
    {
      "geometry": {
        "coordinates": [
          [
            813.9400707999378,
            584.9857414983204,
            0.0
          ],
          [
            813.8972136400205,
            580.2214557839084,
            0.0
          ],
          [
            813.8543564801032,
            575.4571700694964,
            0.0
          ],
          [
            813.8114993201859,
            570.6928843550844,
            0.0
          ],
          [
            813.7686421602687,
            565.9285986406725,
            0.0
          ],
          [
            813.7257850003513,
            561.1643129262604,
            0.0
          ],
          [
            813.682927840434,
            556.4000272118485,
            0.0
          ],
          [
            813.6400706805167,
            551.6357414974365,
            0.0
          ]
        ],
        "type": "LineString"
      },
      "id": "road:297:section:0:lane:-1",
      "properties": {
        "lane_id": "road:297:section:0:lane:-1",
        "road_id": "297",
        "speed_limit_mps": 13.89
      },
      "type": "Feature"
    },
    {
      "geometry": {
        "coordinates": [
          [
            397.50000019628214,
            407.45,
            9.2
          ],
          [
            392.5065673601283,
            407.4600000000123,
            9.079931347076924
          ],
          [
            387.52132450255294,
            407.4699651059856,
            8.940070295108557
          ],
          [
            382.51973604955066,
            407.470000000001,
            8.759990763285064
          ],
          [
            377.52621535166674,
            407.4800000000136,
            8.559848613815385
          ],
          [
            372.5410779913963,
            407.48996630539443,
            8.330104376185508
          ],
          [
            367.53947175707674,
            407.4900000000019,
            8.069970951682972
          ],
          [
            362.54586332320525,
            407.50000000001484,
            7.809793165846154
          ],
          [
            357.5626412393765,
            407.5100079744242,
            7.559683710348862
          ],
          [
            352.55920727054934,
            407.5100000000028,
            7.299960167035607
          ],
          [
            347.5655113147437,
            407.52000000001607,
            7.039775565423077
          ],
          [
            342.5823554825819,
            407.5300093380364,
            6.779699841864036
          ],
          [
            337.5813472423401,
            407.53000000002584,
            6.519565256427462
          ],
          [
            332.58515930628215,
            407.5400000000174,
            6.259755520204465
          ],
          [
            327.60206957744384,
            407.5500106994691,
            5.999686429186388
          ],
          [
            322.6010771902483,
            407.55000000002656,
            5.739510785870261
          ],
          [
            317.6048072978206,
            407.5600000000545,
            5.489088437492308
          ],
          [
            312.62178352405,
            407.57001205872484,
            5.229639208904674
          ],
          [
            307.6208069566598,
            407.5700000000272,
            4.969540886355706
          ],
          [
            302.6244552893591,
            407.5800000000558,
            4.709222764153846
          ],
          [
            297.64503137606306,
            407.59008738469925,
            4.448876544032647
          ],
          [
            292.6448715496422,
            407.5900000000486,
            4.188736456337874
          ],
          [
            287.64410383089756,
            407.60000000016475,
            3.927705191230769
          ],
          [
            282.6690856099709,
            407.610187129809,
            3.6773514325132917
          ],
          [
            277.67160536298746,
            407.61000000001303,
            3.4170684330139047
          ],
          [
            272.663752932436,
            407.6200000002737,
            3.176149137723047
          ],
          [
            267.6920742475186,
            407.63027148250615,
            2.93683209661218
          ],
          [
            262.695191722223,
            407.62999999992263,
            2.716036515588194
          ],
          [
            257.6834009139745,
            407.6400000004186,
            2.4953360363076924
          ],
          [
            252.71399691204064,
            407.6503445867131,
            2.2859688429800573
          ],
          [
            247.71756995457537,
            407.6499999997741,
            2.085470144329069
          ],
          [
            242.70304888551289,
            407.66000000052753,
            1.89412195516923
          ],
          [
            237.735501477867,
            407.6704234534787,
            1.714826821008515
          ],
          [
            232.73899886849674,
            407.66999999959165,
            1.5446615740299792
          ],
          [
            227.72269799705137,
            407.6800000006365,
            1.3746272118952196
          ],
          [
            222.75544841732778,
            407.6904668315357,
            1.2249969085802952
          ],
          [
            217.75794298438274,
            407.68987454149703,
            1.0850668048735397
          ],
          [
            212.74234596858983,
            407.7000000007813,
            0.9434703788692306
          ],
          [
            207.77434187634245,
            407.71050176896694,
            0.8156623385115336
          ],
          [
            202.77728850405592,
            407.70984016626375,
            0.7040386901682251
          ],
          [
            197.7619945101283,
            407.7200000008903,
            0.5950398900769233
          ],
          [
            192.79260484417333,
            407.73053710351815,
            0.4952208887295168
          ],
          [
            187.79559871368332,
            407.7298031509887,
            0.40564571983202347
          ],
          [
            182.78164305166675,
            407.74000000099926,
            0.32443286090769224
          ],
          [
            177.81027012554253,
            407.7505486598038,
            0.24675056732948922
          ],
          [
            172.81333943312188,
            407.74975604237716,
            0.18714807654242907
          ],
          [
            167.80129103320522,
            407.7600000011082,
            0.1368817275758602
          ],
          [
            162.82692900527954,
            407.77055245512935,
            0.08667394606743431
          ],
          [
            157.8306708405637,
            407.7697167903892,
            0.04972651927957349
          ],
          [
            152.84143887465206,
            407.78027958474615,
            0.027098110436299915
          ],
          [
            147.80275844060927,
            407.75487224699253,
            0.01
          ],
          [
            142.81183834570135,
            407.72036025672094,
            0.0
          ],
          [
            137.84097412878225,
            407.69000022890015,
            0.0
          ]
        ],
        "type": "LineString"
      },
      "id": "road:298:section:0:lane:-1",
      "properties": {
        "lane_id": "road:298:section:0:lane:-1",
        "road_id": "298",
        "speed_limit_mps": 13.89
      },
      "type": "Feature"
    },
    {
      "geometry": {
        "coordinates": [
          [
            397.5000002088464,
            410.95,
            9.2
          ],
          [
            392.5065673726926,
            410.9600000000123,
            9.079931347076924
          ],
          [
            387.5392492665943,
            410.96991920608946,
            8.940070295108557
          ],
          [
            382.5197360619651,
            410.970000000001,
            8.759990763285064
          ],
          [
            377.526215364231,
            410.9800000000136,
            8.559848613815385
          ],
          [
            372.5590406850105,
            410.9899202110392,
            8.330104376185508
          ],
          [
            367.5394717693603,
            410.9900000000019,
            8.069970951682972
          ],
          [
            362.5458633357695,
            411.00000000001484,
            7.809793165846154
          ],
          [
            357.57935579236675,
            411.00996806329925,
            7.559683710348862
          ],
          [
            352.5592072826942,
            411.0100000000028,
            7.299960167035607
          ],
          [
            347.56551132730795,
            411.02000000001607,
            7.039775565423077
          ],
          [
            342.59903466438465,
            411.0299695956528,
            6.779699841864036
          ],
          [
            337.5813472507932,
            411.03000000002584,
            6.519565256427462
          ],
          [
            332.5851593188464,
            411.0400000000174,
            6.259755520204465
          ],
          [
            327.61871345719237,
            411.04997112514064,
            5.999686429186388
          ],
          [
            322.6010771985803,
            411.05000000002656,
            5.739510785870261
          ],
          [
            317.6048073103849,
            411.0600000000545,
            5.489088437492308
          ],
          [
            312.6383921708661,
            411.0699726517674,
            5.229639208904674
          ],
          [
            307.6208069648709,
            411.0700000000272,
            4.969540886355706
          ],
          [
            302.6244553019234,
            411.0800000000558,
            4.709222764153846
          ],
          [
            297.6597877848801,
            411.0900562771894,
            4.448876544032647
          ],
          [
            292.6448715511348,
            411.0900000000486,
            4.188736456337874
          ],
          [
            287.64410384346183,
            411.10000000016475,
            3.927705191230769
          ],
          [
            282.68131449512407,
            411.11016576608205,
            3.6773514325132917
          ],
          [
            277.6716053542054,
            411.11000000001303,
            3.4170684330139047
          ],
          [
            272.6637529450003,
            411.1200000002737,
            3.176149137723047
          ],
          [
            267.7020800485116,
            411.13025718018355,
            2.93683209661218
          ],
          [
            262.6951917073057,
            411.12999999992263,
            2.716036515588194
          ],
          [
            257.68340092653875,
            411.1400000004186,
            2.4953360363076924
          ],
          [
            252.72209962022276,
            411.15033520757487,
            2.2859688429800573
          ],
          [
            247.71756993423736,
            411.1499999997741,
            2.085470144329069
          ],
          [
            242.70304889807716,
            411.16000000052753,
            1.89412195516923
          ],
          [
            237.74153474174582,
            411.17041825343586,
            1.714826821008515
          ],
          [
            232.73899884428894,
            411.16999999959165,
            1.5446615740299792
          ],
          [
            227.72269800961564,
            411.1800000006365,
            1.3746272118952196
          ],
          [
            222.76007532390565,
            411.19046377321087,
            1.2249969085802952
          ],
          [
            217.75420108902196,
            411.18987254124204,
            1.0850668048735397
          ],
          [
            212.7423459811541,
            411.2000000007813,
            0.9434703788692306
          ],
          [
            207.77768706927725,
            411.21050017035003,
            0.8156623385115336
          ],
          [
            202.77335376743798,
            411.209837954527,
            0.7040386901682251
          ],
          [
            197.76199452269256,
            411.2200000008903,
            0.5950398900769233
          ],
          [
            192.7946243946176,
            411.23053652086327,
            0.4952208887295168
          ],
          [
            187.7915511502944,
            411.2298008105923,
            0.40564571983202347
          ],
          [
            182.78164306423102,
            411.24000000099926,
            0.32443286090769224
          ],
          [
            177.81136172810997,
            411.2505484895758,
            0.24675056732948922
          ],
          [
            172.80927299465142,
            411.24975368010183,
            0.18714807654242907
          ],
          [
            167.8012910457695,
            411.2600000011082,
            0.1368817275758602
          ],
          [
            162.82712427016145,
            411.27055244968244,
            0.08667394606743431
          ],
          [
            157.82661720299282,
            411.2697144429631,
            0.04972651927957349
          ],
          [
            152.84543222744023,
            411.2802773066216,
            0.027098110436299915
          ],
          [
            147.76239654034435,
            411.2546395131128,
            0.01
          ],
          [
            142.81247253982866,
            411.2203601992635,
            0.0
          ],
          [
            137.84097578634652,
            411.19000022889975,
            0.0
          ]
        ],
        "type": "LineString"
      },
      "id": "road:298:section:0:lane:-2",
      "properties": {
        "lane_id": "road:298:section:0:lane:-2",
        "road_id": "298",
        "speed_limit_mps": 13.89
      },
      "type": "Feature"
    },
    {
      "geometry": {
        "coordinates": [
          [
            397.5000002214107,
            414.45,
            9.2
          ],
          [
            392.50656738525686,
            414.4600000000123,
            9.079931347076924
          ],
          [
            387.5571740306356,
            414.4698733061934,
            8.940070295108557
          ],
          [
            382.5197360743796,
            414.470000000001,
            8.759990763285064
          ],
          [
            377.5262153767953,
            414.4800000000136,
            8.559848613815385
          ],
          [
            372.57700337862457,
            414.48987411668395,
            8.330104376185508
          ],
          [
            367.5394717816439,
            414.4900000000019,
            8.069970951682972
          ],
          [
            362.5458633483338,
            414.50000000001484,
            7.809793165846154
          ],
          [
            357.59607034535696,
            414.5099281521743,
            7.559683710348862
          ],
          [
            352.55920729483904,
            414.5100000000028,
            7.299960167035607
          ],
          [
            347.5655113398722,
            414.52000000001607,
            7.039775565423077
          ],
          [
            342.61571384618736,
            414.5299298532692,
            6.779699841864036
          ],
          [
            337.5813472592464,
            414.53000000002584,
            6.519565256427462
          ],
          [
            332.5851593314107,
            414.5400000000174,
            6.259755520204465
          ],
          [
            327.6353573369409,
            414.5499315508122,
            5.999686429186388
          ],
          [
            322.6010772069123,
            414.55000000002656,
            5.739510785870261
          ],
          [
            317.60480732294917,
            414.5600000000545,
            5.489088437492308
          ],
          [
            312.6550008176822,
            414.56993324481,
            5.229639208904674
          ],
          [
            307.620806973082,
            414.5700000000272,
            4.969540886355706
          ],
          [
            302.62445531448765,
            414.5800000000558,
            4.709222764153846
          ],
          [
            297.67454419369716,
            414.59002516967956,
            4.448876544032647
          ],
          [
            292.64487155262754,
            414.5900000000486,
            4.188736456337874
          ],
          [
            287.6441038560261,
            414.60000000016475,
            3.927705191230769
          ],
          [
            282.6935433802772,
            414.6101444023551,
            3.6773514325132917
          ],
          [
            277.6716053454233,
            414.61000000001303,
            3.4170684330139047
          ],
          [
            272.66375295756455,
            414.6200000002737,
            3.176149137723047
          ],
          [
            267.71208584950466,
            414.630242877861,
            2.93683209661218
          ],
          [
            262.6951916923884,
            414.62999999992263,
            2.716036515588194
          ],
          [
            257.683400939103,
            414.6400000004186,
            2.4953360363076924
          ],
          [
            252.7302023284049,
            414.6503258284366,
            2.2859688429800573
          ],
          [
            247.71756991389935,
            414.6499999997741,
            2.085470144329069
          ],
          [
            242.70304891064143,
            414.66000000052753,
            1.89412195516923
          ],
          [
            237.74756800562466,
            414.67041305339296,
            1.714826821008515
          ],
          [
            232.73899882008115,
            414.66999999959165,
            1.5446615740299792
          ],
          [
            227.7226980221799,
            414.6800000006365,
            1.3746272118952196
          ],
          [
            222.76470223048355,
            414.690460714886,
            1.2249969085802952
          ],
          [
            217.7504591936612,
            414.68987054098704,
            1.0850668048735397
          ],
          [
            212.74234599371837,
            414.7000000007813,
            0.9434703788692306
          ],
          [
            207.78103226221202,
            414.7104985717331,
            0.8156623385115336
          ],
          [
            202.76941903082005,
            414.7098357427903,
            0.7040386901682251
          ],
          [
            197.76199453525683,
            414.7200000008903,
            0.5950398900769233
          ],
          [
            192.79664394506187,
            414.73053593820833,
            0.4952208887295168
          ],
          [
            187.78750358690547,
            414.7297984701959,
            0.40564571983202347
          ],
          [
            182.7816430767953,
            414.74000000099926,
            0.32443286090769224
          ],
          [
            177.8124533306774,
            414.7505483193478,
            0.24675056732948922
          ],
          [
            172.805206556181,
            414.7497513178265,
            0.18714807654242907
          ],
          [
            167.80129105833376,
            414.7600000011082,
            0.1368817275758602
          ],
          [
            162.82731953504336,
            414.77055244423553,
            0.08667394606743431
          ],
          [
            157.82256356542194,
            414.76971209553693,
            0.04972651927957349
          ],
          [
            152.8494255802284,
            414.7802750284971,
            0.027098110436299915
          ],
          [
            147.72203464007944,
            414.7544067792331,
            0.01
          ],
          [
            142.81310673395598,
            414.720360141806,
            0.0
          ],
          [
            137.84097744391082,
            414.69000022889935,
            0.0
          ]
        ],
        "type": "LineString"
      },
      "id": "road:298:section:0:lane:-3",
      "properties": {
        "lane_id": "road:298:section:0:lane:-3",
        "road_id": "298",
        "speed_limit_mps": 13.89
      },
      "type": "Feature"
    },
    {
      "geometry": {
        "coordinates": [
          [
            397.50000023397496,
            417.95,
            9.2
          ],
          [
            392.50656739782113,
            417.9600000000123,
            9.079931347076924
          ],
          [
            387.575098794677,
            417.96982740629727,
            8.940070295108557
          ],
          [
            382.51973608679407,
            417.970000000001,
            8.759990763285064
          ],
          [
            377.52621538935955,
            417.9800000000136,
            8.559848613815385
          ],
          [
            372.59496607223866,
            417.98982802232877,
            8.330104376185508
          ],
          [
            367.5394717939275,
            417.9900000000019,
            8.069970951682972
          ],
          [
            362.54586336089807,
            418.00000000001484,
            7.809793165846154
          ],
          [
            357.61278489834723,
            418.0098882410494,
            7.559683710348862
          ],
          [
            352.5592073069839,
            418.0100000000028,
            7.299960167035607
          ],
          [
            347.5655113524365,
            418.02000000001607,
            7.039775565423077
          ],
          [
            342.63239302799013,
            418.0298901108857,
            6.779699841864036
          ],
          [
            337.5813472676996,
            418.03000000002584,
            6.519565256427462
          ],
          [
            332.58515934397496,
            418.0400000000174,
            6.259755520204465
          ],
          [
            327.6520012166894,
            418.0498919764837,
            5.999686429186388
          ],
          [
            322.60107721524423,
            418.05000000002656,
            5.739510785870261
          ],
          [
            317.60480733551344,
            418.0600000000545,
            5.489088437492308
          ],
          [
            312.6716094644983,
            418.06989383785253,
            5.229639208904674
          ],
          [
            307.6208069812931,
            418.0700000000272,
            4.969540886355706
          ],
          [
            302.6244553270519,
            418.0800000000558,
            4.709222764153846
          ],
          [
            297.68930060251427,
            418.08999406216975,
            4.448876544032647
          ],
          [
            292.6448715541202,
            418.0900000000486,
            4.188736456337874
          ],
          [
            287.6441038685904,
            418.10000000016475,
            3.927705191230769
          ],
          [
            282.7057722654303,
            418.11012303862816,
            3.6773514325132917
          ],
          [
            277.6716053366412,
            418.11000000001303,
            3.4170684330139047
          ],
          [
            272.6637529701288,
            418.1200000002737,
            3.176149137723047
          ],
          [
            267.7220916504977,
            418.1302285755384,
            2.93683209661218
          ],
          [
            262.6951916774711,
            418.12999999992263,
            2.716036515588194
          ],
          [
            257.6834009516673,
            418.1400000004186,
            2.4953360363076924
          ],
          [
            252.73830503658706,
            418.1503164492983,
            2.2859688429800573
          ],
          [
            247.71756989356135,
            418.1499999997741,
            2.085470144329069
          ],
          [
            242.70304892320573,
            418.16000000052753,
            1.89412195516923
          ],
          [
            237.7536012695035,
            418.1704078533501,
            1.714826821008515
          ],
          [
            232.73899879587336,
            418.16999999959165,
            1.5446615740299792
          ],
          [
            227.7226980347442,
            418.1800000006365,
            1.3746272118952196
          ],
          [
            222.76932913706142,
            418.1904576565612,
            1.2249969085802952
          ],
          [
            217.7467172983004,
            418.1898685407321,
            1.0850668048735397
          ],
          [
            212.74234600628267,
            418.2000000007813,
            0.9434703788692306
          ],
          [
            207.7843774551468,
            418.2104969731162,
            0.8156623385115336
          ],
          [
            202.7654842942021,
            418.20983353105356,
            0.7040386901682251
          ],
          [
            197.76199454782113,
            418.2200000008903,
            0.5950398900769233
          ],
          [
            192.79866349550616,
            418.23053535555346,
            0.4952208887295168
          ],
          [
            187.78345602351655,
            418.22979612979947,
            0.40564571983202347
          ],
          [
            182.7816430893596,
            418.24000000099926,
            0.32443286090769224
          ],
          [
            177.81354493324486,
            418.25054814911977,
            0.24675056732948922
          ],
          [
            172.80114011771053,
            418.2497489555511,
            0.18714807654242907
          ],
          [
            167.80129107089806,
            418.2600000011082,
            0.1368817275758602
          ],
          [
            162.82751479992527,
            418.2705524387886,
            0.08667394606743431
          ],
          [
            157.81850992785104,
            418.26970974811076,
            0.04972651927957349
          ],
          [
            152.85341893301657,
            418.28027275037255,
            0.027098110436299915
          ],
          [
            147.68167273981453,
            418.25417404535335,
            0.01
          ],
          [
            142.8137409280833,
            418.22036008434856,
            0.0
          ],
          [
            137.84097910147509,
            418.19000022889895,
            0.0
          ]
        ],
        "type": "LineString"
      },
      "id": "road:298:section:0:lane:-4",
      "properties": {
        "lane_id": "road:298:section:0:lane:-4",
        "road_id": "298",
        "speed_limit_mps": 13.89
      },
      "type": "Feature"
    },
    {
      "geometry": {
        "coordinates": [
          [
            112.58554946614426,
            407.52922855444115,
            0.0
          ],
          [
            107.60033487821057,
            407.4968474672954,
            0.0
          ],
          [
            102.6151202902769,
            407.4644663801497,
            0.0
          ],
          [
            97.62990570234322,
            407.43208529300404,
            0.0
          ],
          [
            92.64469111440954,
            407.3997042058583,
            0.0
          ],
          [
            87.65947652647586,
            407.3673231187126,
            0.0
          ],
          [
            82.67426193854219,
            407.33494203156687,
            0.0
          ],
          [
            77.68610691656849,
            407.28837931435555,
            0.0
          ],
          [
            72.54689945347597,
            407.01464412992266,
            0.0
          ],
          [
            67.49026193010609,
            406.41981441983586,
            0.0
          ],
          [
            62.500020671254305,
            405.50604817145427,
            0.0
          ],
          [
            57.5795972261303,
            404.2716270133537,
            0.0
          ],
          [
            52.67798478490381,
            402.7091646448326,
            0.0
          ],
          [
            47.94367820251393,
            400.85724068413134,
            0.0
          ],
          [
            43.35444406171461,
            398.7032933355211,
            0.0
          ],
          [
            38.90016071998863,
            396.2608225761169,
            0.0
          ],
          [
            34.56168015750289,
            393.5081938387638,
            0.0
          ],
          [
            30.437856526571117,
            390.50222584415076,
            0.0
          ],
          [
            26.55088495334732,
            387.26703963963365,
            0.0
          ],
          [
            22.85110810079588,
            383.76478028807134,
            0.0
          ],
          [
            19.361582613708883,
            380.01222613001414,
            0.0
          ],
          [
            16.128767288590797,
            376.04778218478657,
            0.0
          ],
          [
            13.181962683895632,
            371.9142080209647,
            0.0
          ],
          [
            10.50128180013209,
            367.6129050735881,
            0.0
          ],
          [
            8.079514378158011,
            363.1018155468252,
            0.0
          ],
          [
            5.953025022203643,
            358.4403850587893,
            0.0
          ],
          [
            4.145948847164423,
            353.6909825681158,
            0.0
          ],
          [
            2.6409051284557314,
            348.84349320752574,
            0.0
          ],
          [
            1.4556506632102293,
            343.89383005390397,
            0.0
          ],
          [
            0.5710297502438069,
            338.84780822620104,
            0.0
          ],
          [
            0.025030554622298418,
            333.7761965117491,
            0.0
          ],
          [
            -0.1952946919717684,
            328.7013528412557,
            0.0
          ],
          [
            -0.22835267186543318,
            323.70120810830014,
            0.0
          ],
          [
            -0.259320547179833,
            318.7159845412723,
            0.0
          ],
          [
            -0.29028842249423237,
            313.73076097424445,
            0.0
          ],
          [
            -0.3212562978086322,
            308.74553740721655,
            0.0
          ],
          [
            -0.3522241731230318,
            303.7603138401887,
            0.0
          ],
          [
            -0.3831920484374314,
            298.77509027316086,
            0.0
          ],
          [
            -0.4141599237518312,
            293.78986670613295,
            0.0
          ],
          [
            -0.44512779906623057,
            288.8046431391051,
            0.0
          ],
          [
            -0.4760956743806304,
            283.81941957207727,
            0.0
          ],
          [
            -0.50706354969503,
            278.8341960050494,
            0.0
          ],
          [
            -0.5380314250094296,
            273.8489724380215,
            0.0
          ],
          [
            -0.5689993003238294,
            268.8637488709936,
            0.0
          ],
          [
            -0.599967175638229,
            263.8785253039658,
            0.0
          ],
          [
            -0.6309350509526284,
            258.893301736938,
            0.0
          ],
          [
            -0.6619029262670284,
            253.90807816991006,
            0.0
          ],
          [
            -0.692870801581428,
            248.92285460288215,
            0.0
          ],
          [
            -0.7219128219204365,
            243.96581187454117,
            0.0
          ],
          [
            -0.7527043042299107,
            238.97621751390972,
            0.0
          ],
          [
            -0.7937570162870778,
            233.9863548269974,
            0.0
          ],
          [
            -0.8713615794427143,
            229.03712041652878,
            0.0
          ],
          [
            -1.002240376408834,
            224.04792533710068,
            0.0
          ],
          [
            -1.1543219435505034,
            219.0589291895608,
            0.0
          ],
          [
            -1.3073673097588994,
            214.06677334330612,
            0.0
          ],
          [
            -1.4529190945180597,
            209.09392604747285,
            0.0
          ],
          [
            -1.5966499712672713,
            204.06937791922633,
            0.0
          ],
          [
            -1.6964642527927263,
            199.08257184652211,
            0.0
          ],
          [
            -1.7481431089416715,
            194.07946359608601,
            0.0
          ],
          [
            -1.7453013410724632,
            189.08418057129307,
            0.0
          ],
          [
            -1.7328301814601907,
            184.07858871024268,
            0.0
          ],
          [
            -1.6876929511133567,
            179.0804540308024,
            0.0
          ],
          [
            -1.502308291876392,
            174.0627595574433,
            0.0
          ],
          [
            -1.1834648445997509,
            169.04844225217556,
            0.0
          ],
          [
            -0.7299539663813277,
            164.04193978461407,
            0.0
          ],
          [
            -0.1410528191041509,
            159.04495671111712,
            0.0
          ],
          [
            0.5825354155102838,
            154.05812517423576,
            0.0
          ],
          [
            1.4556761992646947,
            149.0800585011751,
            0.0
          ],
          [
            2.453499316839327,
            144.14130965255077,
            0.0
          ],
          [
            3.5837852755019233,
            139.2343616609917,
            0.0
          ],
          [
            4.849380800856119,
            134.3630276301146,
            0.0
          ],
          [
            6.237554797109567,
            129.55127765202337,
            0.0
          ],
          [
            7.757324022231422,
            124.7684953494049,
            0.0
          ],
          [
            9.418100516684271,
            120.0127348258175,
            0.0
          ],
          [
            11.193371862785803,
            115.32119107804955,
            0.0
          ],
          [
            13.108476120046168,
            110.6571319716862,
            0.0
          ],
          [
            15.154038836647402,
            106.03195042990346,
            0.0
          ],
          [
            17.332030682624318,
            101.47426573348908,
            0.0
          ],
          [
            19.622405769214488,
            96.9811574477394,
            0.0
          ],
          [
            22.015876153972368,
            92.5715282126349,
            0.0
          ],
          [
            24.534109808569614,
            88.24372239244495,
            0.0
          ],
          [
            27.17604972555003,
            83.95615745754132,
            0.0
          ],
          [
            29.93045928464017,
            79.75844273358467,
            0.0
          ],
          [
            32.789694476307396,
            75.63659997109617,
            0.0
          ],
          [
            35.7783906402846,
            71.58548810632269,
            0.0
          ],
          [
            38.88965864843398,
            67.58151830565528,
            0.0
          ],
          [
            42.09858230124855,
            63.68694425359597,
            0.0
          ],
          [
            45.40710930403969,
            59.88797781097837,
            0.0
          ],
          [
            48.81054312933877,
            56.18828374594243,
            0.0
          ],
          [
            52.30860957975392,
            52.58609422843666,
            0.0
          ],
          [
            55.88795536898227,
            49.089463251779236,
            0.0
          ],
          [
            59.590349905899764,
            45.673060564007656,
            0.0
          ],
          [
            63.37387042681527,
            42.363109867915206,
            0.0
          ],
          [
            67.25223915086737,
            39.15067156515248,
            0.0
          ],
          [
            71.23108716544297,
            36.03672892263111,
            0.0
          ],
          [
            75.29153237584131,
            33.03434886273609,
            0.0
          ],
          [
            79.42562706593183,
            30.15119721612137,
            0.0
          ],
          [
            83.622144633098,
            27.385015472878433,
            0.0
          ],
          [
            87.88807438031233,
            24.738734134744252,
            0.0
          ],
          [
            92.22384750538146,
            22.203701104430575,
            0.0
          ],
          [
            96.62181471346693,
            19.80341663487129,
            0.0
          ],
          [
            101.09507449321251,
            17.501190977967813,
            0.0
          ],
          [
            105.63786271624085,
            15.328685130139325,
            0.0
          ],
          [
            110.2529567082949,
            13.270495462163545,
            0.0
          ],
          [
            114.92522559750994,
            11.334752335671675,
            0.0
          ],
          [
            119.63630245380705,
            9.539224955438023,
            0.0
          ],
          [
            124.38092947903469,
            7.874672912256966,
            0.0
          ],
          [
            129.1504712057633,
            6.345138656823424,
            0.0
          ],
          [
            133.978424795659,
            4.94037753266354,
            0.0
          ],
          [
            138.82087692580052,
            3.66949291303255,
            0.0
          ],
          [
            143.73508209340474,
            2.5229734238087214,
            0.0
          ],
          [
            148.66061920036296,
            1.520320639709386,
            0.0
          ],
          [
            153.63134675343875,
            0.6406817951434611,
            0.0
          ],
          [
            158.63183022338578,
            -0.10431179312634065,
            0.0
          ],
          [
            163.63380204757894,
            -0.7004524451985104,
            0.0
          ],
          [
            168.64811251034934,
            -1.1717063039342412,
            0.0
          ],
          [
            173.66200509523307,
            -1.497876776703026,
            0.0
          ],
          [
            178.6612727927117,
            -1.6935845137809238,
            0.0
          ],
          [
            183.7111407181381,
            -1.7500000043584192,
            0.0
          ],
          [
            188.71016209494476,
            -1.7298641333202949,
            0.0
          ],
          [
            193.7141889189114,
            -1.7112046083250678,
            0.0
          ],
          [
            198.6978528163885,
            -1.6909756064729282,
            0.0
          ],
          [
            203.66884090603895,
            -1.680377714785189,
            0.0
          ],
          [
            208.6468959085813,
            -1.6599577421007299,
            0.0
          ],
          [
            213.62940752489934,
            -1.6399740154428428,
            0.0
          ],
          [
            218.62647487503614,
            -1.6203066440782623,
            0.0
          ],
          [
            223.6061759615012,
            -1.600169170579169,
            0.0
          ],
          [
            228.5825666943053,
            -1.5900547160873746,
            0.0
          ],
          [
            233.56319962453753,
            -1.5699551878050726,
            0.0
          ],
          [
            238.53307474734046,
            -1.5500033783876785,
            0.0
          ],
          [
            243.52030845587242,
            -1.529800880210862,
            0.0
          ],
          [
            248.50070550129843,
            -1.5097334808831824,
            0.0
          ],
          [
            253.49209542342118,
            -1.4993372784378973,
            0.0
          ],
          [
            258.4756021580018,
            -1.4789448956081095,
            0.0
          ],
          [
            263.4411173860657,
            -1.4601297960232509,
            0.0
          ],
          [
            268.43041625411917,
            -1.4394645053290496,
            0.0
          ],
          [
            273.4182338822613,
            -1.4194476987003894,
            0.0
          ],
          [
            278.42879672186854,
            -1.406437362116863,
            0.0
          ],
          [
            283.39803436186867,
            -1.3903993010278621,
            0.0
          ],
          [
            288.39029275970455,
            -1.3704586191234374,
            0.0
          ],
          [
            293.38213959619964,
            -1.3495824824112657,
            0.0
          ],
          [
            298.39598046556347,
            -1.3335120151996598,
            0.0
          ],
          [
            303.3860894779904,
            -1.3128161000843508,
            0.0
          ],
          [
            308.38523375396744,
            -1.2770257019007454,
            0.0
          ],
          [
            313.4115471010299,
            -1.1312478000302804,
            0.0
          ],
          [
            318.3851127138815,
            -0.8621575549780648,
            0.0
          ],
          [
            323.39834374123126,
            -0.46544798604278337,
            0.0
          ],
          [
            328.40386362696313,
            0.04635186488401111,
            0.0
          ],
          [
            333.3847536945443,
            0.6909971704755522,
            0.0
          ],
          [
            338.3703844903136,
            1.4558793730376665,
            0.0
          ],
          [
            343.35048808680494,
            2.339828969083396,
            0.0
          ],
          [
            348.27620021503395,
            3.3464593019012505,
            0.0
          ],
          [
            353.1817500008433,
            4.477772678041049,
            0.0
          ],
          [
            358.0362523522374,
            5.724593191514233,
            0.0
          ],
          [
            362.86849795000757,
            7.093274345798067,
            0.0
          ],
          [
            367.6611563393631,
            8.571278804240247,
            0.0
          ],
          [
            372.40306226511126,
            10.172771946232686,
            0.0
          ],
          [
            377.13670554586366,
            11.89411875838668,
            0.0
          ],
          [
            381.81634178651893,
            13.73408163643294,
            0.0
          ],
          [
            386.47139645118955,
            15.691064210581612,
            0.0
          ],
          [
            391.07869282886895,
            17.765465634906512,
            0.0
          ],
          [
            395.6097846328764,
            19.94915368203856,
            0.0
          ],
          [
            400.0994120089351,
            22.240584535008885,
            0.0
          ],
          [
            404.4904192045875,
            24.62247200544775,
            0.0
          ],
          [
            408.85742091036155,
            27.136148063097426,
            0.0
          ],
          [
            413.1381070871104,
            29.73523792274641,
            0.0
          ],
          [
            417.36291856213444,
            32.45480607516499,
            0.0
          ],
          [
            421.50644764632574,
            35.26474704111462,
            0.0
          ],
          [
            425.60830579705447,
            38.192470541185365,
            0.0
          ],
          [
            429.64184969276505,
            41.226647760945795,
            0.0
          ],
          [
            433.5999253906218,
            44.36023946540703,
            0.0
          ],
          [
            437.46492931919755,
            47.579039581185086,
            0.0
          ],
          [
            441.251882387319,
            50.89167810566837,
            0.0
          ],
          [
            444.95187111440595,
            54.29244039807754,
            0.0
          ],
          [
            448.55952996138,
            57.783720795479226,
            0.0
          ],
          [
            452.0736718651407,
            61.350019025834925,
            0.0
          ],
          [
            455.5011515461016,
            65.00473153112821,
            0.0
          ],
          [
            458.8642056176391,
            68.7649723774716,
            0.0
          ],
          [
            462.10616743001475,
            72.59174169799988,
            0.0
          ],
          [
            465.2819554213419,
            76.52632719152703,
            0.0
          ]
        ],
        "type": "LineString"
      },
      "id": "road:299:section:0:lane:-1",
      "properties": {
        "lane_id": "road:299:section:0:lane:-1",
        "road_id": "299",
        "speed_limit_mps": 13.89
      },
      "type": "Feature"
    },
    {
      "geometry": {
        "coordinates": [
          [
            112.5628159584328,
            411.0291547233234,
            0.0
          ],
          [
            107.57760137049911,
            410.9967736361777,
            0.0
          ],
          [
            102.59238678256544,
            410.96439254903197,
            0.0
          ],
          [
            97.60717219463176,
            410.9320114618863,
            0.0
          ],
          [
            92.62195760669807,
            410.8996303747406,
            0.0
          ],
          [
            87.63674301876439,
            410.86724928759486,
            0.0
          ],
          [
            82.65152843083072,
            410.83486820044914,
            0.0
          ],
          [
            77.62329646373021,
            410.78781567568785,
            0.0
          ],
          [
            72.23956731803854,
            410.5011247276784,
            0.0
          ],
          [
            66.95158819389985,
            409.878113222126,
            0.0
          ],
          [
            61.72838445268359,
            408.91992830206664,
            0.0
          ],
          [
            56.623661068607234,
            407.63855232626753,
            0.0
          ],
          [
            51.49673199474032,
            406.00380299307824,
            0.0
          ],
          [
            46.57522863754562,
            404.07862948217144,
            0.0
          ],
          [
            41.77942412819928,
            401.8288832332891,
            0.0
          ],
          [
            37.132801355919796,
            399.2818225559643,
            0.0
          ],
          [
            32.598509905521084,
            396.405772580012,
            0.0
          ],
          [
            28.296657957102372,
            393.27084800799054,
            0.0
          ],
          [
            24.255235985922198,
            389.90900781097105,
            0.0
          ],
          [
            20.364974886205268,
            386.228343081935,
            0.0
          ],
          [
            16.725505884514142,
            382.3146377955939,
            0.0
          ],
          [
            13.351982664796825,
            378.17838471765407,
            0.0
          ],
          [
            10.269772746193283,
            373.85563784631125,
            0.0
          ],
          [
            7.474690815635978,
            369.3706726954787,
            0.0
          ],
          [
            4.940372324073381,
            364.64964860122006,
            0.0
          ],
          [
            2.7255172147664313,
            359.79433976738625,
            0.0
          ],
          [
            0.8354041843482145,
            354.8268936718115,
            0.0
          ],
          [
            -0.7390885321629872,
            349.7521421244223,
            0.0
          ],
          [
            -1.9699101655964535,
            344.61183632695827,
            0.0
          ],
          [
            -2.8900051710751318,
            339.3686126745411,
            0.0
          ],
          [
            -3.4649420518479452,
            334.04094395005075,
            0.0
          ],
          [
            -3.694985962791667,
            328.74783949468446,
            0.0
          ],
          [
            -3.7282851446221503,
            323.7229494546947,
            0.0
          ],
          [
            -3.7592530199365504,
            318.73772588766684,
            0.0
          ],
          [
            -3.7902208952509495,
            313.752502320639,
            0.0
          ],
          [
            -3.8211887705653496,
            308.7672787536111,
            0.0
          ],
          [
            -3.8521566458797487,
            303.78205518658325,
            0.0
          ],
          [
            -3.8831245211941487,
            298.7968316195554,
            0.0
          ],
          [
            -3.9140923965085483,
            293.8116080525275,
            0.0
          ],
          [
            -3.945060271822948,
            288.82638448549966,
            0.0
          ],
          [
            -3.9760281471373475,
            283.8411609184718,
            0.0
          ],
          [
            -4.006996022451747,
            278.85593735144397,
            0.0
          ],
          [
            -4.037963897766147,
            273.87071378441607,
            0.0
          ],
          [
            -4.068931773080546,
            268.88549021738817,
            0.0
          ],
          [
            -4.099899648394946,
            263.9002666503603,
            0.0
          ],
          [
            -4.1308675237093455,
            258.91504308333253,
            0.0
          ],
          [
            -4.1618353990237456,
            253.92981951630463,
            0.0
          ],
          [
            -4.192803274338145,
            248.94459594927673,
            0.0
          ],
          [
            -4.221750127917318,
            243.9995584529231,
            0.0
          ],
          [
            -4.252521743732532,
            239.01196510338534,
            0.0
          ],
          [
            -4.293578336321107,
            234.02172045770388,
            0.0
          ],
          [
            -4.369581600470479,
            229.14872993440474,
            0.0
          ],
          [
            -4.500674693129302,
            224.15260261062554,
            0.0
          ],
          [
            -4.6526831540697975,
            219.16602186313835,
            0.0
          ],
          [
            -4.805606414566085,
            214.17778309782267,
            0.0
          ],
          [
            -4.95121136084745,
            209.2032476800072,
            0.0
          ],
          [
            -5.095903876606528,
            204.14164205948939,
            0.0
          ],
          [
            -5.195773483369652,
            199.1521053549848,
            0.0
          ],
          [
            -5.247992788856393,
            194.11190150601902,
            0.0
          ],
          [
            -5.2450437394671425,
            189.04171711784593,
            0.0
          ],
          [
            -5.232592247136392,
            184.03777837265704,
            0.0
          ],
          [
            -5.186961289090255,
            179.0088921776095,
            0.0
          ],
          [
            -4.998244912559223,
            173.89415604571028,
            0.0
          ],
          [
            -4.6726529927316065,
            168.773549424084,
            0.0
          ],
          [
            -4.209442045680304,
            163.66357130546137,
            0.0
          ],
          [
            -3.608529433675804,
            158.56892527581195,
            0.0
          ],
          [
            -2.8717228885422665,
            153.4941220103404,
            0.0
          ],
          [
            -1.9825756589610304,
            148.4255173188135,
            0.0
          ],
          [
            -0.9690797404256264,
            143.40922181849578,
            0.0
          ],
          [
            0.1828207455098605,
            138.40765720005305,
            0.0
          ],
          [
            1.4763726448703558,
            133.42878142078138,
            0.0
          ],
          [
            2.8839946749592587,
            128.54946204667317,
            0.0
          ],
          [
            4.432097174049721,
            123.67631111213923,
            0.0
          ],
          [
            6.13429753582746,
            118.80168652665024,
            0.0
          ],
          [
            7.934028461384983,
            114.04577718768104,
            0.0
          ],
          [
            9.886753224466691,
            109.28946915355485,
            0.0
          ],
          [
            11.973414745940458,
            104.5712552551272,
            0.0
          ],
          [
            14.193783136720583,
            99.92461985760994,
            0.0
          ],
          [
            16.53467074650639,
            95.3331609581977,
            0.0
          ],
          [
            18.966005778559804,
            90.85446947945749,
            0.0
          ],
          [
            21.518371552114402,
            86.46739957027762,
            0.0
          ],
          [
            24.228325763921177,
            82.06911653428632,
            0.0
          ],
          [
            27.034161173426387,
            77.79338363753196,
            0.0
          ],
          [
            29.93400720899252,
            73.6129769253449,
            0.0
          ],
          [
            32.973633767143596,
            69.49184561473815,
            0.0
          ],
          [
            36.162996341700456,
            65.38713623658923,
            0.0
          ],
          [
            39.42810943722218,
            61.42451752936846,
            0.0
          ],
          [
            42.80066726564507,
            57.55207115606057,
            0.0
          ],
          [
            46.26975900657708,
            53.78112441562751,
            0.0
          ],
          [
            49.835385561024154,
            50.109571877804996,
            0.0
          ],
          [
            53.45951973811012,
            46.56900686717137,
            0.0
          ],
          [
            57.256543228623606,
            43.06473803926092,
            0.0
          ],
          [
            61.111456292838106,
            39.69262633746976,
            0.0
          ],
          [
            65.059575525496,
            36.42262716925762,
            0.0
          ],
          [
            69.1145394131719,
            33.24921648098063,
            0.0
          ],
          [
            73.24789523711395,
            30.192950044334452,
            0.0
          ],
          [
            77.46454890393701,
            27.252202141522766,
            0.0
          ],
          [
            81.73823716320386,
            24.435287918530904,
            0.0
          ],
          [
            86.0832574703734,
            21.739961732310473,
            0.0
          ],
          [
            90.50862560636268,
            19.15279733060774,
            0.0
          ],
          [
            94.97167266221362,
            16.71682770683349,
            0.0
          ],
          [
            99.53653565419982,
            14.367350412896098,
            0.0
          ],
          [
            104.16368872627662,
            12.15428580943108,
            0.0
          ],
          [
            108.8684719507443,
            10.055965643339329,
            0.0
          ],
          [
            113.63614656960276,
            8.080789327306356,
            0.0
          ],
          [
            118.44190529038555,
            6.249328997203071,
            0.0
          ],
          [
            123.27663511940207,
            4.553448143096714,
            0.0
          ],
          [
            128.11302982833806,
            3.002427872384242,
            0.0
          ],
          [
            133.05032827054828,
            1.5656720877280295,
            0.0
          ],
          [
            137.9565806785695,
            0.2778868042660312,
            0.0
          ],
          [
            143.00328512368952,
            -0.8996678362586588,
            0.0
          ],
          [
            148.00447704485725,
            -1.9176260544335504,
            0.0
          ],
          [
            153.0657087472489,
            -2.813309178491759,
            0.0
          ],
          [
            158.16315556337997,
            -3.5727904312425443,
            0.0
          ],
          [
            163.2544641524789,
            -4.179834971070174,
            0.0
          ],
          [
            168.3783479151577,
            -4.661294684127682,
            0.0
          ],
          [
            173.49228327565018,
            -4.993759283875925,
            0.0
          ],
          [
            178.55519308146796,
            -5.191976586556994,
            0.0
          ],
          [
            183.71114070242405,
            -5.250000004358419,
            0.0
          ],
          [
            188.70631976547128,
            -5.229862024248834,
            0.0
          ],
          [
            193.7484200381576,
            -5.211037208675426,
            0.0
          ],
          [
            198.73064751403697,
            -5.190821961358545,
            0.0
          ],
          [
            203.6760509323217,
            -5.180370288423167,
            0.0
          ],
          [
            208.64415020112895,
            -5.159956665113505,
            0.0
          ],
          [
            213.6271111948159,
            -5.139973262138212,
            0.0
          ],
          [
            218.65211688923696,
            -5.120212712404629,
            0.0
          ],
          [
            223.62928854854678,
            -5.100092856650061,
            0.0
          ],
          [
            228.59816738319594,
            -5.09001994712984,
            0.0
          ],
          [
            233.58162622630792,
            -5.069906681804268,
            0.0
          ],
          [
            238.53209340849875,
            -5.0500032408125435,
            0.0
          ],
          [
            243.53283727474624,
            -5.029778455667257,
            0.0
          ],
          [
            248.51135295213066,
            -5.009717285387252,
            0.0
          ],
          [
            253.52113863435056,
            -4.9992167752061665,
            0.0
          ],
          [
            258.5082406992994,
            -4.978792710245478,
            0.0
          ],
          [
            263.4372742164824,
            -4.960127686029408,
            0.0
          ],
          [
            268.43227158231883,
            -4.939464013580054,
            0.0
          ],
          [
            273.4184790029806,
            -4.919447690116938,
            0.0
          ],
          [
            278.46955393064104,
            -4.9062000469189435,
            0.0
          ],
          [
            283.3944438924307,
            -4.890397459388693,
            0.0
          ],
          [
            288.38724639815405,
            -4.870457293363373,
            0.0
          ],
          [
            293.3786730604589,
            -4.849580765715125,
            0.0
          ],
          [
            298.4369568549441,
            -4.833272140624447,
            0.0
          ],
          [
            303.4260567830073,
            -4.812587894720351,
            0.0
          ],
          [
            308.45770287582894,
            -4.776275368097289,
            0.0
          ],
          [
            313.5937463063936,
            -4.626502218461768,
            0.0
          ],
          [
            318.584063754475,
            -4.356498477590904,
            0.0
          ],
          [
            323.70540931859216,
            -3.951952070537738,
            0.0
          ],
          [
            328.81383317404874,
            -3.429554487488332,
            0.0
          ],
          [
            333.86208822047746,
            -2.776300300228707,
            0.0
          ],
          [
            338.93399968163743,
            -1.9984422558945627,
            0.0
          ],
          [
            344.0160585055855,
            -1.0963049074767603,
            0.0
          ],
          [
            349.00819849604187,
            -0.07613890948749447,
            0.0
          ],
          [
            354.01148954148744,
            1.0775473480531002,
            0.0
          ],
          [
            358.93315856935385,
            2.3414645747309715,
            0.0
          ],
          [
            363.8609272597457,
            3.736924533103818,
            0.0
          ],
          [
            368.7349853879038,
            5.24007914428136,
            0.0
          ],
          [
            373.5340190730668,
            6.860531511339853,
            0.0
          ],
          [
            378.37364584637567,
            8.619980903474438,
            0.0
          ],
          [
            383.12573051166856,
            10.488237960830084,
            0.0
          ],
          [
            387.87022952226414,
            12.482752187216681,
            0.0
          ],
          [
            392.56334309261456,
            14.595952487061869,
            0.0
          ],
          [
            397.16122635082957,
            16.8117935503682,
            0.0
          ],
          [
            401.7526896788876,
            19.155674010206504,
            0.0
          ],
          [
            406.177065827901,
            21.555678375601566,
            0.0
          ],
          [
            410.6578141953632,
            24.134717734184044,
            0.0
          ],
          [
            414.9978880721561,
            26.770239661758303,
            0.0
          ],
          [
            419.3056304835909,
            29.543471262706824,
            0.0
          ],
          [
            423.4908859499651,
            32.38169230367918,
            0.0
          ],
          [
            427.67335455549903,
            35.36659481404401,
            0.0
          ],
          [
            431.7776870646873,
            38.45388763415876,
            0.0
          ],
          [
            435.8042866642706,
            41.64163846944648,
            0.0
          ],
          [
            439.72779761132176,
            44.908940876549075,
            0.0
          ],
          [
            443.58839592647405,
            48.28578008745183,
            0.0
          ],
          [
            447.3609100186563,
            51.75343831895112,
            0.0
          ],
          [
            451.0372695141502,
            55.31171620231231,
            0.0
          ],
          [
            454.59880871993477,
            58.926450610344965,
            0.0
          ],
          [
            458.07309004386804,
            62.630888157249736,
            0.0
          ],
          [
            461.5195605065345,
            66.48482097591527,
            0.0
          ],
          [
            464.7927137065835,
            70.34842515683711,
            0.0
          ],
          [
            468.0352781407698,
            74.36549077877332,
            0.0
          ]
        ],
        "type": "LineString"
      },
      "id": "road:299:section:0:lane:-2",
      "properties": {
        "lane_id": "road:299:section:0:lane:-2",
        "road_id": "299",
        "speed_limit_mps": 13.89
      },
      "type": "Feature"
    },
    {
      "geometry": {
        "coordinates": [
          [
            112.54008245072131,
            414.52908089220574,
            0.0
          ],
          [
            107.55486786278763,
            414.49669980506,
            0.0
          ],
          [
            102.56965327485396,
            414.4643187179143,
            0.0
          ],
          [
            97.58443868692028,
            414.43193763076863,
            0.0
          ],
          [
            92.5992240989866,
            414.3995565436229,
            0.0
          ],
          [
            87.61400951105291,
            414.3671754564772,
            0.0
          ],
          [
            82.62879492311924,
            414.33479436933146,
            0.0
          ],
          [
            77.56048601089192,
            414.28725203702004,
            0.0
          ],
          [
            71.93223518260109,
            413.98760532543423,
            0.0
          ],
          [
            66.41291445769362,
            413.3364120244162,
            0.0
          ],
          [
            60.95674823411289,
            412.333808432679,
            0.0
          ],
          [
            55.667724911084164,
            411.0054776391814,
            0.0
          ],
          [
            50.31547920457684,
            409.2984413413239,
            0.0
          ],
          [
            45.206779072577305,
            407.3000182802115,
            0.0
          ],
          [
            40.20440419468396,
            404.9544731310571,
            0.0
          ],
          [
            35.365441991850965,
            402.30282253581174,
            0.0
          ],
          [
            30.635339653539273,
            399.30335132126027,
            0.0
          ],
          [
            26.155459387633627,
            396.0394701718304,
            0.0
          ],
          [
            21.959587018497075,
            392.55097598230844,
            0.0
          ],
          [
            17.878841671614655,
            388.6919058757987,
            0.0
          ],
          [
            14.0894291553194,
            384.61704946117374,
            0.0
          ],
          [
            10.575198041002853,
            380.30898725052157,
            0.0
          ],
          [
            7.357582808490931,
            375.7970676716578,
            0.0
          ],
          [
            4.448099831139868,
            371.1284403173692,
            0.0
          ],
          [
            1.80123026998875,
            366.1974816556149,
            0.0
          ],
          [
            -0.501990592670781,
            361.14829447598316,
            0.0
          ],
          [
            -2.475140478467994,
            355.96280477550715,
            0.0
          ],
          [
            -4.119082192781708,
            350.6607910413188,
            0.0
          ],
          [
            -5.395470994403135,
            345.3298426000125,
            0.0
          ],
          [
            -6.35104009239407,
            339.8894171228812,
            0.0
          ],
          [
            -6.954914658318187,
            334.30569138835244,
            0.0
          ],
          [
            -7.194677233611565,
            328.7943261481132,
            0.0
          ],
          [
            -7.228217617378869,
            323.7446908010893,
            0.0
          ],
          [
            -7.259185492693269,
            318.75946723406145,
            0.0
          ],
          [
            -7.290153368007668,
            313.7742436670336,
            0.0
          ],
          [
            -7.321121243322068,
            308.7890201000057,
            0.0
          ],
          [
            -7.352089118636467,
            303.80379653297786,
            0.0
          ],
          [
            -7.383056993950867,
            298.81857296595,
            0.0
          ],
          [
            -7.414024869265267,
            293.8333493989221,
            0.0
          ],
          [
            -7.444992744579666,
            288.84812583189427,
            0.0
          ],
          [
            -7.475960619894066,
            283.8629022648664,
            0.0
          ],
          [
            -7.506928495208466,
            278.8776786978386,
            0.0
          ],
          [
            -7.537896370522866,
            273.8924551308107,
            0.0
          ],
          [
            -7.568864245837265,
            268.9072315637828,
            0.0
          ],
          [
            -7.599832121151665,
            263.9220079967549,
            0.0
          ],
          [
            -7.630799996466064,
            258.93678442972714,
            0.0
          ],
          [
            -7.661767871780464,
            253.9515608626992,
            0.0
          ],
          [
            -7.692735747094863,
            248.9663372956713,
            0.0
          ],
          [
            -7.7215874339142,
            244.03330503130508,
            0.0
          ],
          [
            -7.752339183235153,
            239.04771269286098,
            0.0
          ],
          [
            -7.7933996563551355,
            234.05708608841033,
            0.0
          ],
          [
            -7.867801621498243,
            229.2603394522807,
            0.0
          ],
          [
            -7.99910900984977,
            224.25727988415036,
            0.0
          ],
          [
            -8.15104436458909,
            219.2731145367159,
            0.0
          ],
          [
            -8.30384551937327,
            214.2887928523392,
            0.0
          ],
          [
            -8.449503627176842,
            209.3125693125415,
            0.0
          ],
          [
            -8.595157781945785,
            204.21390619975244,
            0.0
          ],
          [
            -8.695082713946576,
            199.22163886344745,
            0.0
          ],
          [
            -8.747842468771113,
            194.14433941595206,
            0.0
          ],
          [
            -8.744786137861823,
            188.99925366439882,
            0.0
          ],
          [
            -8.732354312812593,
            183.9969680350714,
            0.0
          ],
          [
            -8.686229627067151,
            178.93733032441665,
            0.0
          ],
          [
            -8.494181533242054,
            173.72555253397726,
            0.0
          ],
          [
            -8.161841140863464,
            168.4986565959924,
            0.0
          ],
          [
            -7.688930124979279,
            163.28520282630868,
            0.0
          ],
          [
            -7.076006048247455,
            158.09289384050675,
            0.0
          ],
          [
            -6.325981192594816,
            152.930118846445,
            0.0
          ],
          [
            -5.420827517186755,
            147.77097613645188,
            0.0
          ],
          [
            -4.391658797690579,
            142.67713398444076,
            0.0
          ],
          [
            -3.2181437844822023,
            137.5809527391144,
            0.0
          ],
          [
            -1.8966355111154094,
            132.49453521144815,
            0.0
          ],
          [
            -0.46956544719105153,
            127.54764644132295,
            0.0
          ],
          [
            1.1068703258680195,
            122.58412687487356,
            0.0
          ],
          [
            2.8504945549706484,
            117.59063822748298,
            0.0
          ],
          [
            4.674685059984164,
            112.77036329731253,
            0.0
          ],
          [
            6.665030328887216,
            107.92180633542348,
            0.0
          ],
          [
            8.792790655233514,
            103.11056008035095,
            0.0
          ],
          [
            11.055535590816852,
            98.3749739817308,
            0.0
          ],
          [
            13.446935723798294,
            93.68516446865597,
            0.0
          ],
          [
            15.91613540314724,
            89.13741074628008,
            0.0
          ],
          [
            18.502633295659194,
            84.69107674811029,
            0.0
          ],
          [
            21.28060180229232,
            80.18207561103132,
            0.0
          ],
          [
            24.137863062212606,
            75.82832454147925,
            0.0
          ],
          [
            27.078319941677638,
            71.58935387959362,
            0.0
          ],
          [
            30.168876894002587,
            67.39820312315362,
            0.0
          ],
          [
            33.43633403496693,
            63.19275416752318,
            0.0
          ],
          [
            36.75763657319581,
            59.162090805140956,
            0.0
          ],
          [
            40.19422522725044,
            55.21616450114277,
            0.0
          ],
          [
            43.728974883815404,
            51.3739650853126,
            0.0
          ],
          [
            47.36216154229437,
            47.63304952717334,
            0.0
          ],
          [
            51.031084107237966,
            44.0485504825635,
            0.0
          ],
          [
            54.92273655134744,
            40.45641551451418,
            0.0
          ],
          [
            58.84904215886095,
            37.022142807024316,
            0.0
          ],
          [
            62.86691190012465,
            33.69458277336277,
            0.0
          ],
          [
            66.99799166090082,
            30.461704039330144,
            0.0
          ],
          [
            71.20425809838657,
            27.351551225932816,
            0.0
          ],
          [
            75.50347074194218,
            24.353207066924156,
            0.0
          ],
          [
            79.85432969330972,
            21.48556036418337,
            0.0
          ],
          [
            84.27844056043446,
            18.74118932987669,
            0.0
          ],
          [
            88.79340370734391,
            16.1018935567849,
            0.0
          ],
          [
            93.32153061096031,
            13.630238778795695,
            0.0
          ],
          [
            97.97799681518714,
            11.233509847824383,
            0.0
          ],
          [
            102.6895147363124,
            8.979886488722835,
            0.0
          ],
          [
            107.4839871931937,
            6.841435824515115,
            0.0
          ],
          [
            112.34706754169557,
            4.826826318941038,
            0.0
          ],
          [
            117.24750812696405,
            2.95943303896812,
            0.0
          ],
          [
            122.17234075976944,
            1.2322233739364634,
            0.0
          ],
          [
            127.0755884509128,
            -0.3402829120549402,
            0.0
          ],
          [
            132.12223174543755,
            -1.8090333572074817,
            0.0
          ],
          [
            137.09228443133847,
            -3.1137193045004867,
            0.0
          ],
          [
            142.2714881539743,
            -4.322309096326039,
            0.0
          ],
          [
            147.34833488935158,
            -5.355572748576487,
            0.0
          ],
          [
            152.50007074105906,
            -6.26730015212698,
            0.0
          ],
          [
            157.69448090337414,
            -7.041269069358746,
            0.0
          ],
          [
            162.87512625737887,
            -7.659217496941838,
            0.0
          ],
          [
            168.10858331996604,
            -8.150883064321123,
            0.0
          ],
          [
            173.32256145606732,
            -8.489641791048825,
            0.0
          ],
          [
            178.4491133702242,
            -8.690368659333062,
            0.0
          ],
          [
            183.71114068671,
            -8.75000000435842,
            0.0
          ],
          [
            188.7024774359978,
            -8.729859915177371,
            0.0
          ],
          [
            193.7826511574038,
            -8.710869809025786,
            0.0
          ],
          [
            198.76344221168546,
            -8.690668316244164,
            0.0
          ],
          [
            203.68326095860442,
            -8.680362862061147,
            0.0
          ],
          [
            208.64140449367662,
            -8.65995558812628,
            0.0
          ],
          [
            213.62481486473249,
            -8.63997250883358,
            0.0
          ],
          [
            218.6777589034378,
            -8.620118780730994,
            0.0
          ],
          [
            223.65240113559236,
            -8.600016542720953,
            0.0
          ],
          [
            228.61376807208654,
            -8.589985178172304,
            0.0
          ],
          [
            233.6000528280783,
            -8.569858175803462,
            0.0
          ],
          [
            238.531112069657,
            -8.55000310323741,
            0.0
          ],
          [
            243.54536609362006,
            -8.529756031123654,
            0.0
          ],
          [
            248.5220004029629,
            -8.50970108989132,
            0.0
          ],
          [
            253.55018184527995,
            -8.499096271974436,
            0.0
          ],
          [
            258.54087924059706,
            -8.478640524882847,
            0.0
          ],
          [
            263.43343104689916,
            -8.460125576035566,
            0.0
          ],
          [
            268.43412691051856,
            -8.439463521831057,
            0.0
          ],
          [
            273.41872412369986,
            -8.419447681533486,
            0.0
          ],
          [
            278.5103111394136,
            -8.405962731721026,
            0.0
          ],
          [
            283.3908534229927,
            -8.390395617749526,
            0.0
          ],
          [
            288.38420003660354,
            -8.370455967603307,
            0.0
          ],
          [
            293.37520652471807,
            -8.349579049018983,
            0.0
          ],
          [
            298.4779332443248,
            -8.333032266049235,
            0.0
          ],
          [
            303.4660240880242,
            -8.31235968935635,
            0.0
          ],
          [
            308.53017199769045,
            -8.275525034293832,
            0.0
          ],
          [
            313.7759455117573,
            -8.121756636893256,
            0.0
          ],
          [
            318.78301479506854,
            -7.850839400203744,
            0.0
          ],
          [
            324.0124748959531,
            -7.438456155032693,
            0.0
          ],
          [
            329.22380272113435,
            -6.905460839860676,
            0.0
          ],
          [
            334.33942274641066,
            -6.243597770932967,
            0.0
          ],
          [
            339.49761487296126,
            -5.452763884826792,
            0.0
          ],
          [
            344.681628924366,
            -4.532438784036917,
            0.0
          ],
          [
            349.74019677704985,
            -3.498737120876239,
            0.0
          ],
          [
            354.8412290821316,
            -2.3226779819348486,
            0.0
          ],
          [
            359.83006478647036,
            -1.0416640420522914,
            0.0
          ],
          [
            364.8533565694838,
            0.3805747204095695,
            0.0
          ],
          [
            369.8088144364445,
            1.9088794843224726,
            0.0
          ],
          [
            374.6649758810223,
            3.54829107644702,
            0.0
          ],
          [
            379.61058614688767,
            5.345843048562198,
            0.0
          ],
          [
            384.4351192368182,
            7.242394285227224,
            0.0
          ],
          [
            389.2690625933388,
            9.27444016385175,
            0.0
          ],
          [
            394.0479933563602,
            11.426439339217229,
            0.0
          ],
          [
            398.7126680687827,
            13.674433418697845,
            0.0
          ],
          [
            403.40596734884,
            16.07076348540412,
            0.0
          ],
          [
            407.8637124512145,
            18.488884745755378,
            0.0
          ],
          [
            412.45820748036476,
            21.133287405270664,
            0.0
          ],
          [
            416.8576690572018,
            23.8052414007702,
            0.0
          ],
          [
            421.2483424050474,
            26.63213645024866,
            0.0
          ],
          [
            425.47532425360447,
            29.498637566243744,
            0.0
          ],
          [
            429.73840331394354,
            32.540719086902655,
            0.0
          ],
          [
            433.91352443660963,
            35.68112750737173,
            0.0
          ],
          [
            438.0086479379193,
            38.92303747348593,
            0.0
          ],
          [
            441.990665903446,
            42.23884217191307,
            0.0
          ],
          [
            445.9249094656292,
            45.6798820692353,
            0.0
          ],
          [
            449.7699489229067,
            49.2144362398247,
            0.0
          ],
          [
            453.51500906692036,
            52.8397116091454,
            0.0
          ],
          [
            457.1239455747289,
            56.502882194855005,
            0.0
          ],
          [
            460.64502854163453,
            60.25704478337125,
            0.0
          ],
          [
            464.1749153954299,
            64.20466957435896,
            0.0
          ],
          [
            467.4792599831523,
            68.10510861567434,
            0.0
          ],
          [
            470.7886008601976,
            72.20465436601961,
            0.0
          ]
        ],
        "type": "LineString"
      },
      "id": "road:299:section:0:lane:-3",
      "properties": {
        "lane_id": "road:299:section:0:lane:-3",
        "road_id": "299",
        "speed_limit_mps": 13.89
      },
      "type": "Feature"
    },
    {
      "geometry": {
        "coordinates": [
          [
            112.51734894300985,
            418.029007061088,
            0.0
          ],
          [
            107.53213435507617,
            417.9966259739423,
            0.0
          ],
          [
            102.5469197671425,
            417.96424488679656,
            0.0
          ],
          [
            97.56170517920881,
            417.9318637996509,
            0.0
          ],
          [
            92.57649059127513,
            417.8994827125052,
            0.0
          ],
          [
            87.59127600334145,
            417.86710162535945,
            0.0
          ],
          [
            82.60606141540778,
            417.83472053821373,
            0.0
          ],
          [
            77.49767555805364,
            417.7866883983523,
            0.0
          ],
          [
            71.62490304716366,
            417.47408592319,
            0.0
          ],
          [
            65.87424072148738,
            416.79471082670636,
            0.0
          ],
          [
            60.185112015542174,
            415.7476885632914,
            0.0
          ],
          [
            54.7117887535611,
            414.37240295209523,
            0.0
          ],
          [
            49.13422641441335,
            412.5930796895696,
            0.0
          ],
          [
            43.83832950760899,
            410.52140707825157,
            0.0
          ],
          [
            38.62938426116864,
            408.0800630288251,
            0.0
          ],
          [
            33.598082627782134,
            405.3238225156592,
            0.0
          ],
          [
            28.67216940155746,
            402.2009300625085,
            0.0
          ],
          [
            24.01426081816488,
            398.80809233567015,
            0.0
          ],
          [
            19.663938051071952,
            395.1929441536459,
            0.0
          ],
          [
            15.392708457024044,
            391.15546866966235,
            0.0
          ],
          [
            11.453352426124662,
            386.91946112675356,
            0.0
          ],
          [
            7.798413417208881,
            382.43958978338907,
            0.0
          ],
          [
            4.445392870788581,
            377.7384974970044,
            0.0
          ],
          [
            1.421508846643757,
            372.8862079392598,
            0.0
          ],
          [
            -1.3379117840958799,
            367.7453147100098,
            0.0
          ],
          [
            -3.7294984001079925,
            362.50224918458014,
            0.0
          ],
          [
            -5.785685141284203,
            357.0987158792028,
            0.0
          ],
          [
            -7.499075853400425,
            351.56943995821536,
            0.0
          ],
          [
            -8.821031823209818,
            346.04784887306676,
            0.0
          ],
          [
            -9.812075013713008,
            340.41022157122126,
            0.0
          ],
          [
            -10.44488726478843,
            334.5704388266541,
            0.0
          ],
          [
            -10.694368504431463,
            328.840812801542,
            0.0
          ],
          [
            -10.728150090135586,
            323.76643214748384,
            0.0
          ],
          [
            -10.759117965449985,
            318.781208580456,
            0.0
          ],
          [
            -10.790085840764384,
            313.79598501342815,
            0.0
          ],
          [
            -10.821053716078785,
            308.81076144640025,
            0.0
          ],
          [
            -10.852021591393184,
            303.8255378793724,
            0.0
          ],
          [
            -10.882989466707583,
            298.84031431234456,
            0.0
          ],
          [
            -10.913957342021984,
            293.85509074531666,
            0.0
          ],
          [
            -10.944925217336383,
            288.8698671782888,
            0.0
          ],
          [
            -10.975893092650782,
            283.88464361126097,
            0.0
          ],
          [
            -11.006860967965181,
            278.8994200442331,
            0.0
          ],
          [
            -11.037828843279582,
            273.9141964772052,
            0.0
          ],
          [
            -11.068796718593982,
            268.9289729101773,
            0.0
          ],
          [
            -11.09976459390838,
            263.9437493431495,
            0.0
          ],
          [
            -11.130732469222782,
            258.9585257761217,
            0.0
          ],
          [
            -11.16170034453718,
            253.9733022090938,
            0.0
          ],
          [
            -11.19266821985158,
            248.9880786420659,
            0.0
          ],
          [
            -11.22142473991108,
            244.067051609687,
            0.0
          ],
          [
            -11.252156622737774,
            239.0834602823366,
            0.0
          ],
          [
            -11.293220976389163,
            234.0924517191168,
            0.0
          ],
          [
            -11.36602164252601,
            229.37194897015667,
            0.0
          ],
          [
            -11.497543326570236,
            224.36195715767522,
            0.0
          ],
          [
            -11.649405575108384,
            219.38020721029343,
            0.0
          ],
          [
            -11.802084624180456,
            214.39980260685576,
            0.0
          ],
          [
            -11.947795893506234,
            209.42189094507586,
            0.0
          ],
          [
            -12.09441168728504,
            204.28617034001553,
            0.0
          ],
          [
            -12.1943919445235,
            199.29117237191014,
            0.0
          ],
          [
            -12.247692148685834,
            194.1767773258851,
            0.0
          ],
          [
            -12.244528536256501,
            188.95679021095168,
            0.0
          ],
          [
            -12.232116378488794,
            183.9561576974858,
            0.0
          ],
          [
            -12.18549796504405,
            178.8657684712238,
            0.0
          ],
          [
            -11.990118153924886,
            173.55694902224425,
            0.0
          ],
          [
            -11.65102928899532,
            168.22376376790083,
            0.0
          ],
          [
            -11.168418204278256,
            162.90683434715598,
            0.0
          ],
          [
            -10.543482662819109,
            157.61686240520157,
            0.0
          ],
          [
            -9.780239496647368,
            152.3661156825496,
            0.0
          ],
          [
            -8.859079375412481,
            147.11643495409024,
            0.0
          ],
          [
            -7.814237854955532,
            141.94504615038576,
            0.0
          ],
          [
            -6.619108314474265,
            136.75424827817574,
            0.0
          ],
          [
            -5.269643667101173,
            131.56028900211493,
            0.0
          ],
          [
            -3.823125569341359,
            126.54583083597275,
            0.0
          ],
          [
            -2.218356522313682,
            121.49194263760789,
            0.0
          ],
          [
            -0.4333084258861639,
            116.37958992831572,
            0.0
          ],
          [
            1.415341658583344,
            111.49494940694402,
            0.0
          ],
          [
            3.443307433307739,
            106.55414351729213,
            0.0
          ],
          [
            5.6121665645265715,
            101.6498649055747,
            0.0
          ],
          [
            7.9172880449131195,
            96.82532810585168,
            0.0
          ],
          [
            10.359200701090197,
            92.03716797911426,
            0.0
          ],
          [
            12.866265027734675,
            87.42035201310267,
            0.0
          ],
          [
            15.486895039203986,
            82.91475392594296,
            0.0
          ],
          [
            18.332877840663468,
            78.29503468777631,
            0.0
          ],
          [
            21.24156495099882,
            73.86326544542655,
            0.0
          ],
          [
            24.22263267436276,
            69.56573083384234,
            0.0
          ],
          [
            27.364120020861584,
            65.30456063156909,
            0.0
          ],
          [
            30.709671728233403,
            60.998372098457125,
            0.0
          ],
          [
            34.087163709169445,
            56.899664080913446,
            0.0
          ],
          [
            37.587783188855816,
            52.880257846224964,
            0.0
          ],
          [
            41.18819076105372,
            48.96680575499768,
            0.0
          ],
          [
            44.88893752356461,
            45.15652717654169,
            0.0
          ],
          [
            48.60264847636581,
            41.52809409795563,
            0.0
          ],
          [
            52.58892987407128,
            37.84809298976744,
            0.0
          ],
          [
            56.58662802488378,
            34.35165927657887,
            0.0
          ],
          [
            60.67424827475329,
            30.96653837746791,
            0.0
          ],
          [
            64.88144390862975,
            27.67419159767966,
            0.0
          ],
          [
            69.1606209596592,
            24.510152407531184,
            0.0
          ],
          [
            73.54239257994735,
            21.45421199232555,
            0.0
          ],
          [
            77.97042222341558,
            18.535832809835842,
            0.0
          ],
          [
            82.47362365049553,
            15.742416927442912,
            0.0
          ],
          [
            87.07818180832514,
            13.050989782962066,
            0.0
          ],
          [
            91.67138855970701,
            10.543649850757898,
            0.0
          ],
          [
            96.41945797617446,
            8.099669282752668,
            0.0
          ],
          [
            101.21534074634818,
            5.80548716801459,
            0.0
          ],
          [
            106.09950243564309,
            3.6269060056908984,
            0.0
          ],
          [
            111.05798851378839,
            1.572863310575718,
            0.0
          ],
          [
            116.05311096354255,
            -0.33046291926683224,
            0.0
          ],
          [
            121.06804640013681,
            -2.0890013952237876,
            0.0
          ],
          [
            126.03814707348756,
            -3.6829936964941226,
            0.0
          ],
          [
            131.1941352203268,
            -5.183738802142991,
            0.0
          ],
          [
            136.22798818410746,
            -6.505325413267007,
            0.0
          ],
          [
            141.53969118425908,
            -7.744950356393421,
            0.0
          ],
          [
            146.69219273384587,
            -8.793519442719424,
            0.0
          ],
          [
            151.9344327348692,
            -9.7212911257622,
            0.0
          ],
          [
            157.2258062433683,
            -10.50974770747495,
            0.0
          ],
          [
            162.49578836227886,
            -11.1386000228135,
            0.0
          ],
          [
            167.8388187247744,
            -11.640471444514565,
            0.0
          ],
          [
            173.15283963648443,
            -11.985524298221724,
            0.0
          ],
          [
            178.34303365898046,
            -12.188760732109133,
            0.0
          ],
          [
            183.71114067099595,
            -12.25000000435842,
            0.0
          ],
          [
            188.6986351065243,
            -12.22985780610591,
            0.0
          ],
          [
            193.81688227665,
            -12.210702409376145,
            0.0
          ],
          [
            198.79623690933394,
            -12.190514671129781,
            0.0
          ],
          [
            203.69047098488716,
            -12.180355435699127,
            0.0
          ],
          [
            208.63865878622428,
            -12.159954511139055,
            0.0
          ],
          [
            213.62251853464906,
            -12.139971755528949,
            0.0
          ],
          [
            218.70340091763862,
            -12.120024849057362,
            0.0
          ],
          [
            223.67551372263793,
            -12.099940228791844,
            0.0
          ],
          [
            228.62936876097717,
            -12.089950409214769,
            0.0
          ],
          [
            233.61847942984866,
            -12.069809669802657,
            0.0
          ],
          [
            238.5301307308153,
            -12.050002965662276,
            0.0
          ],
          [
            243.55789491249388,
            -12.029733606580049,
            0.0
          ],
          [
            248.53264785379514,
            -12.00968489439539,
            0.0
          ],
          [
            253.57922505620934,
            -11.998975768742705,
            0.0
          ],
          [
            258.5735177818947,
            -11.978488339520215,
            0.0
          ],
          [
            263.42958787731595,
            -11.960123466041724,
            0.0
          ],
          [
            268.4359822387182,
            -11.939463030082061,
            0.0
          ],
          [
            273.41896924441915,
            -11.919447672950033,
            0.0
          ],
          [
            278.5510683481861,
            -11.905725416523106,
            0.0
          ],
          [
            283.3872629535546,
            -11.890393776110358,
            0.0
          ],
          [
            288.38115367505304,
            -11.870454641843242,
            0.0
          ],
          [
            293.3717399889773,
            -11.849577332322841,
            0.0
          ],
          [
            298.51890963370545,
            -11.832792391474023,
            0.0
          ],
          [
            303.5059913930411,
            -11.81213148399235,
            0.0
          ],
          [
            308.60264111955195,
            -11.774774700490376,
            0.0
          ],
          [
            313.958144717121,
            -11.617011055324742,
            0.0
          ],
          [
            318.98196583566204,
            -11.345180322816583,
            0.0
          ],
          [
            324.319540473314,
            -10.924960239527646,
            0.0
          ],
          [
            329.63377226822,
            -10.381367192233018,
            0.0
          ],
          [
            334.8167572723438,
            -9.710895241637227,
            0.0
          ],
          [
            340.06123006428504,
            -8.907085513759021,
            0.0
          ],
          [
            345.3471993431465,
            -7.968572660597075,
            0.0
          ],
          [
            350.47219505805776,
            -6.921335332264983,
            0.0
          ],
          [
            355.6709686227757,
            -5.722903311922796,
            0.0
          ],
          [
            360.7269710035868,
            -4.424792658835553,
            0.0
          ],
          [
            365.8457858792219,
            -2.975775092284678,
            0.0
          ],
          [
            370.8826434849852,
            -1.4223201756364148,
            0.0
          ],
          [
            375.7959326889778,
            0.2360506415541863,
            0.0
          ],
          [
            380.8475264473996,
            2.071705193649956,
            0.0
          ],
          [
            385.74450796196777,
            3.996550609624366,
            0.0
          ],
          [
            390.6678956644134,
            6.0661281404868195,
            0.0
          ],
          [
            395.53264362010583,
            8.256926191372587,
            0.0
          ],
          [
            400.2641097867358,
            10.537073287027486,
            0.0
          ],
          [
            405.0592450187925,
            12.985852960601742,
            0.0
          ],
          [
            409.550359074528,
            15.422091115909193,
            0.0
          ],
          [
            414.2586007653664,
            18.131857076357285,
            0.0
          ],
          [
            418.7174500422475,
            20.840243139782093,
            0.0
          ],
          [
            423.1910543265039,
            23.720801637790494,
            0.0
          ],
          [
            427.45976255724383,
            26.615582828808304,
            0.0
          ],
          [
            431.8034520723881,
            29.714843359761304,
            0.0
          ],
          [
            436.04936180853196,
            32.90836738058469,
            0.0
          ],
          [
            440.2130092115681,
            36.20443647752538,
            0.0
          ],
          [
            444.2535341955702,
            39.56874346727706,
            0.0
          ],
          [
            448.26142300478426,
            43.07398405101877,
            0.0
          ],
          [
            452.178987827157,
            46.67543416069829,
            0.0
          ],
          [
            455.99274861969053,
            50.36770701597848,
            0.0
          ],
          [
            459.649082429523,
            54.07931377936505,
            0.0
          ],
          [
            463.21696703940097,
            57.88320140949277,
            0.0
          ],
          [
            466.8302702843253,
            61.92451817280264,
            0.0
          ],
          [
            470.1658062597211,
            65.86179207451156,
            0.0
          ],
          [
            473.5419235796255,
            70.04381795326591,
            0.0
          ]
        ],
        "type": "LineString"
      },
      "id": "road:299:section:0:lane:-4",
      "properties": {
        "lane_id": "road:299:section:0:lane:-4",
        "road_id": "299",
        "speed_limit_mps": 13.89
      },
      "type": "Feature"
    },
    {
      "geometry": {
        "coordinates": [
          [
            715.642143182357,
            798.4800911108023,
            0.0
          ],
          [
            720.6137185504848,
            798.4391139671468,
            0.0
          ],
          [
            725.6211657495136,
            798.3996369054872,
            0.0
          ],
          [
            730.6105679791274,
            798.3798747714114,
            0.0
          ],
          [
            735.6624148412782,
            798.4093839452111,
            0.0
          ],
          [
            740.642175366942,
            798.4297330446615,
            0.0
          ],
          [
            745.6412154485863,
            798.4596543158614,
            0.0
          ],
          [
            750.6210062068931,
            798.4798639845621,
            0.0
          ],
          [
            755.5583079403355,
            798.4885878094888,
            0.0
          ],
          [
            760.4774715308855,
            798.3590928591316,
            0.0
          ],
          [
            765.4151115626607,
            798.0543465628891,
            0.0
          ],
          [
            770.3442851805511,
            797.5731428180846,
            0.0
          ],
          [
            775.2536532469805,
            796.9271292276749,
            0.0
          ],
          [
            780.1090656333045,
            796.1111052133093,
            0.0
          ],
          [
            784.9577285687682,
            795.1317778845188,
            0.0
          ],
          [
            789.7215883344147,
            793.9810003141201,
            0.0
          ],
          [
            794.4524723285152,
            792.6713703768302,
            0.0
          ],
          [
            799.1507579054407,
            791.194728784159,
            0.0
          ],
          [
            803.8138260804998,
            789.5450173577559,
            0.0
          ],
          [
            808.4123658626596,
            787.7426387258523,
            0.0
          ],
          [
            812.9514177093893,
            785.7701295823092,
            0.0
          ],
          [
            817.3930367872762,
            783.6589570257112,
            0.0
          ],
          [
            821.7971782982694,
            781.3769317752457,
            0.0
          ],
          [
            826.0705699060347,
            778.9602620500846,
            0.0
          ],
          [
            830.2725708931172,
            776.4022538984609,
            0.0
          ],
          [
            834.377225816713,
            773.687538280642,
            0.0
          ],
          [
            838.3870911407959,
            770.8461131726475,
            0.0
          ],
          [
            842.3068090117705,
            767.8535600114474,
            0.0
          ],
          [
            846.1492427095675,
            764.7015192090169,
            0.0
          ],
          [
            849.8449190730175,
            761.4480828145959,
            0.0
          ],
          [
            853.445535103819,
            758.0445315876549,
            0.0
          ],
          [
            856.9124952271728,
            754.538391854456,
            0.0
          ],
          [
            860.2465791619096,
            750.918466398093,
            0.0
          ],
          [
            863.4494338786278,
            747.1930836568581,
            0.0
          ],
          [
            866.5243405741417,
            743.3486000375779,
            0.0
          ],
          [
            869.4633849167664,
            739.4144776192237,
            0.0
          ],
          [
            872.280753061524,
            735.3443449425126,
            0.0
          ],
          [
            874.9625408815986,
            731.1749494402709,
            0.0
          ],
          [
            877.491145795347,
            726.920854476387,
            0.0
          ],
          [
            879.8502565260484,
            722.607401408929,
            0.0
          ],
          [
            882.0687946574023,
            718.2061202164232,
            0.0
          ],
          [
            884.1393337553352,
            713.7279091967372,
            0.0
          ],
          [
            886.029731523883,
            709.2034847036293,
            0.0
          ],
          [
            887.7823736149345,
            704.6023089858472,
            0.0
          ],
          [
            889.3648463237649,
            699.9497054163271,
            0.0
          ],
          [
            890.792746423969,
            695.2160082927257,
            0.0
          ],
          [
            892.0573452168474,
            690.4323244767281,
            0.0
          ],
          [
            893.1556144801568,
            685.6028942032334,
            0.0
          ],
          [
            894.0862118981361,
            680.7471422637396,
            0.0
          ],
          [
            894.8393974426065,
            675.887858970524,
            0.0
          ],
          [
            895.4264539874315,
            670.9974724627685,
            0.0
          ],
          [
            895.8393281800487,
            666.0979000815205,
            0.0
          ],
          [
            896.0858592463104,
            661.1931387322201,
            0.0
          ],
          [
            896.1682123682236,
            656.2715926704486,
            0.0
          ],
          [
            896.1204890473422,
            651.2588909740739,
            0.0
          ],
          [
            896.0684496620158,
            646.266826051618,
            0.0
          ],
          [
            896.0164102766896,
            641.274761129162,
            0.0
          ],
          [
            895.9643708913633,
            636.2826962067061,
            0.0
          ],
          [
            895.912331506037,
            631.2906312842501,
            0.0
          ],
          [
            895.8602921207107,
            626.2985663617941,
            0.0
          ],
          [
            895.8082527353844,
            621.3065014393381,
            0.0
          ],
          [
            895.7562133500581,
            616.3144365168822,
            0.0
          ],
          [
            895.7041739647318,
            611.3223715944263,
            0.0
          ],
          [
            895.6521345794056,
            606.3303066719702,
            0.0
          ],
          [
            895.6000951940792,
            601.3382417495143,
            0.0
          ]
        ],
        "type": "LineString"
      },
      "id": "road:300:section:0:lane:-1",
      "properties": {
        "lane_id": "road:300:section:0:lane:-1",
        "road_id": "300",
        "speed_limit_mps": 13.89
      },
      "type": "Feature"
    },
    {
      "geometry": {
        "coordinates": [
          [
            715.6064307470712,
            794.9802733124068,
            0.0
          ],
          [
            720.5752057568925,
            794.939325864314,
            0.0
          ],
          [
            725.6218872236909,
            794.899636979848,
            0.0
          ],
          [
            730.6068294010354,
            794.8798767681214,
            0.0
          ],
          [
            735.6897227620148,
            794.9094904786232,
            0.0
          ],
          [
            740.6490743259303,
            794.9297398440445,
            0.0
          ],
          [
            745.6674590968887,
            794.9597527071124,
            0.0
          ],
          [
            750.6330081767023,
            794.9798845628054,
            0.0
          ],
          [
            755.5259102827125,
            794.9887377567321,
            0.0
          ],
          [
            760.2981113381165,
            794.8636916058775,
            0.0
          ],
          [
            765.1254369092061,
            794.5663545051078,
            0.0
          ],
          [
            769.9499058129846,
            794.0954330955176,
            0.0
          ],
          [
            774.7544601232886,
            793.4629112458991,
            0.0
          ],
          [
            779.4601205927785,
            792.6717927334121,
            0.0
          ],
          [
            784.2243751330066,
            791.7094697835062,
            0.0
          ],
          [
            788.8400608719422,
            790.5938319786359,
            0.0
          ],
          [
            793.4539787464394,
            789.3168196518368,
            0.0
          ],
          [
            798.0366763392292,
            787.8767742540565,
            0.0
          ],
          [
            802.6054539748461,
            786.2602286500492,
            0.0
          ],
          [
            807.0839102096763,
            784.5045520102042,
            0.0
          ],
          [
            811.5185168046423,
            782.576887499852,
            0.0
          ],
          [
            815.8051892921806,
            780.5398641556096,
            0.0
          ],
          [
            820.1435645645668,
            778.2922013786454,
            0.0
          ],
          [
            824.281854548387,
            775.9518575943448,
            0.0
          ],
          [
            828.3930462058592,
            773.449731764761,
            0.0
          ],
          [
            832.4105437927929,
            770.7923419458851,
            0.0
          ],
          [
            836.3001529861615,
            768.0363642267929,
            0.0
          ],
          [
            840.113561994902,
            765.1259846187226,
            0.0
          ],
          [
            843.9034398927013,
            762.0170509734522,
            0.0
          ],
          [
            847.4760398012814,
            758.8715714142835,
            0.0
          ],
          [
            851.0065247210035,
            755.5343068263002,
            0.0
          ],
          [
            854.3822602149884,
            752.1201464609701,
            0.0
          ],
          [
            857.6304461163149,
            748.5934184657382,
            0.0
          ],
          [
            860.759591743512,
            744.9537200668718,
            0.0
          ],
          [
            863.7663431635893,
            741.1937333866255,
            0.0
          ],
          [
            866.6096061555536,
            737.388164025021,
            0.0
          ],
          [
            869.369804822067,
            733.4010538301978,
            0.0
          ],
          [
            872.0002485123684,
            729.3108614811872,
            0.0
          ],
          [
            874.4702422110918,
            725.1533303507713,
            0.0
          ],
          [
            876.7471477686979,
            720.9885388329039,
            0.0
          ],
          [
            878.9080819401464,
            716.7028254619,
            0.0
          ],
          [
            880.9381964523028,
            712.3127343074976,
            0.0
          ],
          [
            882.7785096371136,
            707.9075077582357,
            0.0
          ],
          [
            884.4908655505064,
            703.4123616501196,
            0.0
          ],
          [
            886.0231759100549,
            698.9089178077658,
            0.0
          ],
          [
            887.4190648206442,
            694.284196917292,
            0.0
          ],
          [
            888.6547329665892,
            689.6124282184164,
            0.0
          ],
          [
            889.7300941563163,
            684.8846947107829,
            0.0
          ],
          [
            890.6394905998669,
            680.138773714209,
            0.0
          ],
          [
            891.3701237497365,
            675.4251062893205,
            0.0
          ],
          [
            891.9447926637661,
            670.6396534760001,
            0.0
          ],
          [
            892.3485882037725,
            665.8434704880632,
            0.0
          ],
          [
            892.5875310580598,
            661.0849727149571,
            0.0
          ],
          [
            892.6684077259811,
            656.3085719367665,
            0.0
          ],
          [
            892.6206792018046,
            651.2953744645632,
            0.0
          ],
          [
            892.5686398164783,
            646.3033095421073,
            0.0
          ],
          [
            892.516600431152,
            641.3112446196513,
            0.0
          ],
          [
            892.4645610458257,
            636.3191796971954,
            0.0
          ],
          [
            892.4125216604995,
            631.3271147747395,
            0.0
          ],
          [
            892.3604822751731,
            626.3350498522834,
            0.0
          ],
          [
            892.3084428898468,
            621.3429849298275,
            0.0
          ],
          [
            892.2564035045206,
            616.3509200073715,
            0.0
          ],
          [
            892.2043641191942,
            611.3588550849156,
            0.0
          ],
          [
            892.152324733868,
            606.3667901624596,
            0.0
          ],
          [
            892.1002853485417,
            601.3747252400036,
            0.0
          ]
        ],
        "type": "LineString"
      },
      "id": "road:300:section:0:lane:-2",
      "properties": {
        "lane_id": "road:300:section:0:lane:-2",
        "road_id": "300",
        "speed_limit_mps": 13.89
      },
      "type": "Feature"
    },
    {
      "geometry": {
        "coordinates": [
          [
            715.5707183117853,
            791.4804555140113,
            0.0
          ],
          [
            720.5366929633002,
            791.4395377614812,
            0.0
          ],
          [
            725.6226086978683,
            791.3996370542086,
            0.0
          ],
          [
            730.6030908229434,
            791.3798787648315,
            0.0
          ],
          [
            735.7170306827514,
            791.4095970120352,
            0.0
          ],
          [
            740.6559732849187,
            791.4297466434276,
            0.0
          ],
          [
            745.693702745191,
            791.4598510983634,
            0.0
          ],
          [
            750.6450101465115,
            791.4799051410487,
            0.0
          ],
          [
            755.4935126250895,
            791.4888877039755,
            0.0
          ],
          [
            760.1187511453475,
            791.3682903526235,
            0.0
          ],
          [
            764.8357622557514,
            791.0783624473264,
            0.0
          ],
          [
            769.5555264454182,
            790.6177233729504,
            0.0
          ],
          [
            774.2552669995968,
            789.9986932641233,
            0.0
          ],
          [
            778.8111755522525,
            789.2324802535148,
            0.0
          ],
          [
            783.4910216972451,
            788.2871616824935,
            0.0
          ],
          [
            787.9585334094696,
            787.2066636431517,
            0.0
          ],
          [
            792.4554851643635,
            785.9622689268435,
            0.0
          ],
          [
            796.9225947730176,
            784.558819723954,
            0.0
          ],
          [
            801.3970818691923,
            782.9754399423424,
            0.0
          ],
          [
            805.7554545566929,
            781.2664652945562,
            0.0
          ],
          [
            810.0856158998954,
            779.3836454173949,
            0.0
          ],
          [
            814.2173417970848,
            777.4207712855081,
            0.0
          ],
          [
            818.4899508308641,
            775.207470982045,
            0.0
          ],
          [
            822.493139190739,
            772.943453138605,
            0.0
          ],
          [
            826.5135215186012,
            770.4972096310611,
            0.0
          ],
          [
            830.4438617688728,
            767.8971456111283,
            0.0
          ],
          [
            834.2132148315271,
            765.2266152809383,
            0.0
          ],
          [
            837.9203149780337,
            762.3984092259977,
            0.0
          ],
          [
            841.657637075835,
            759.3325827378876,
            0.0
          ],
          [
            845.1071605295454,
            756.2950600139712,
            0.0
          ],
          [
            848.5675143381881,
            753.0240820649454,
            0.0
          ],
          [
            851.8520252028039,
            749.7019010674842,
            0.0
          ],
          [
            855.0143130707203,
            746.2683705333834,
            0.0
          ],
          [
            858.0697496083964,
            742.7143564768855,
            0.0
          ],
          [
            861.008345753037,
            739.0388667356731,
            0.0
          ],
          [
            863.7558273943408,
            735.3618504308182,
            0.0
          ],
          [
            866.4588565826099,
            731.457762717883,
            0.0
          ],
          [
            869.0379561431382,
            727.4467735221036,
            0.0
          ],
          [
            871.4493386268365,
            723.3858062251555,
            0.0
          ],
          [
            873.6440390113473,
            719.369676256879,
            0.0
          ],
          [
            875.7473692228905,
            715.199530707377,
            0.0
          ],
          [
            877.7370591492704,
            710.8975594182581,
            0.0
          ],
          [
            879.5272877503443,
            706.611530812842,
            0.0
          ],
          [
            881.1993574860785,
            702.2224143143918,
            0.0
          ],
          [
            882.6815054963448,
            697.8681301992044,
            0.0
          ],
          [
            884.0453832173193,
            693.3523855418582,
            0.0
          ],
          [
            885.2521207163311,
            688.7925319601047,
            0.0
          ],
          [
            886.304573832476,
            684.1664952183323,
            0.0
          ],
          [
            887.1927693015978,
            679.5304051646785,
            0.0
          ],
          [
            887.9008500568667,
            674.962353608117,
            0.0
          ],
          [
            888.4631313401005,
            670.2818344892318,
            0.0
          ],
          [
            888.8578482274962,
            665.5890408946058,
            0.0
          ],
          [
            889.089202869809,
            660.9768066976941,
            0.0
          ],
          [
            889.1686030837385,
            656.3455512030843,
            0.0
          ],
          [
            889.120869356267,
            651.3318579550526,
            0.0
          ],
          [
            889.0688299709407,
            646.3397930325966,
            0.0
          ],
          [
            889.0167905856144,
            641.3477281101407,
            0.0
          ],
          [
            888.9647512002881,
            636.3556631876847,
            0.0
          ],
          [
            888.9127118149619,
            631.3635982652288,
            0.0
          ],
          [
            888.8606724296355,
            626.3715333427728,
            0.0
          ],
          [
            888.8086330443092,
            621.3794684203168,
            0.0
          ],
          [
            888.756593658983,
            616.3874034978609,
            0.0
          ],
          [
            888.7045542736566,
            611.3953385754049,
            0.0
          ],
          [
            888.6525148883304,
            606.4032736529489,
            0.0
          ],
          [
            888.6004755030041,
            601.411208730493,
            0.0
          ]
        ],
        "type": "LineString"
      },
      "id": "road:300:section:0:lane:-3",
      "properties": {
        "lane_id": "road:300:section:0:lane:-3",
        "road_id": "300",
        "speed_limit_mps": 13.89
      },
      "type": "Feature"
    },
    {
      "geometry": {
        "coordinates": [
          [
            715.5350058764994,
            787.9806377156158,
            0.0
          ],
          [
            720.4981801697079,
            787.9397496586486,
            0.0
          ],
          [
            725.6233301720457,
            787.8996371285693,
            0.0
          ],
          [
            730.5993522448514,
            787.8798807615415,
            0.0
          ],
          [
            735.744338603488,
            787.9097035454472,
            0.0
          ],
          [
            740.662872243907,
            787.9297534428106,
            0.0
          ],
          [
            745.7199463934934,
            787.9599494896145,
            0.0
          ],
          [
            750.6570121163207,
            787.9799257192919,
            0.0
          ],
          [
            755.4611149674664,
            787.9890376512188,
            0.0
          ],
          [
            759.9393909525785,
            787.8728890993694,
            0.0
          ],
          [
            764.5460876022968,
            787.590370389545,
            0.0
          ],
          [
            769.1611470778518,
            787.1400136503833,
            0.0
          ],
          [
            773.7560738759048,
            786.5344752823476,
            0.0
          ],
          [
            778.1622305117265,
            785.7931677736176,
            0.0
          ],
          [
            782.7576682614834,
            784.8648535814809,
            0.0
          ],
          [
            787.0770059469971,
            783.8194953076676,
            0.0
          ],
          [
            791.4569915822876,
            782.6077182018502,
            0.0
          ],
          [
            795.808513206806,
            781.2408651938516,
            0.0
          ],
          [
            800.1887097635387,
            779.6906512346357,
            0.0
          ],
          [
            804.4269989037095,
            778.028378578908,
            0.0
          ],
          [
            808.6527149951486,
            776.1904033349376,
            0.0
          ],
          [
            812.6294943019892,
            774.3016784154065,
            0.0
          ],
          [
            816.8363370971615,
            772.1227405854447,
            0.0
          ],
          [
            820.7044238330913,
            769.9350486828653,
            0.0
          ],
          [
            824.6339968313432,
            767.5446874973612,
            0.0
          ],
          [
            828.4771797449527,
            765.0019492763714,
            0.0
          ],
          [
            832.1262766768926,
            762.4168663350837,
            0.0
          ],
          [
            835.7270679611654,
            759.6708338332729,
            0.0
          ],
          [
            839.4118342589687,
            756.6481145023229,
            0.0
          ],
          [
            842.7382812578094,
            753.718548613659,
            0.0
          ],
          [
            846.1285039553726,
            750.5138573035907,
            0.0
          ],
          [
            849.3217901906195,
            747.2836556739982,
            0.0
          ],
          [
            852.3981800251255,
            743.9433226010285,
            0.0
          ],
          [
            855.3799074732806,
            740.4749928868994,
            0.0
          ],
          [
            858.2503483424847,
            736.8840000847207,
            0.0
          ],
          [
            860.9020486331281,
            733.3355368366155,
            0.0
          ],
          [
            863.5479083431528,
            729.5144716055682,
            0.0
          ],
          [
            866.0756637739081,
            725.5826855630199,
            0.0
          ],
          [
            868.4284350425812,
            721.6182820995398,
            0.0
          ],
          [
            870.5409302539969,
            717.7508136808539,
            0.0
          ],
          [
            872.5866565056346,
            713.6962359528538,
            0.0
          ],
          [
            874.5359218462379,
            709.4823845290185,
            0.0
          ],
          [
            876.2760658635749,
            705.3155538674484,
            0.0
          ],
          [
            877.9078494216506,
            701.032466978664,
            0.0
          ],
          [
            879.3398350826347,
            696.8273425906431,
            0.0
          ],
          [
            880.6717016139945,
            692.4205741664243,
            0.0
          ],
          [
            881.849508466073,
            687.972635701793,
            0.0
          ],
          [
            882.8790535086356,
            683.4482957258817,
            0.0
          ],
          [
            883.7460480033286,
            678.9220366151479,
            0.0
          ],
          [
            884.4315763639968,
            674.4996009269134,
            0.0
          ],
          [
            884.9814700164351,
            669.9240155024634,
            0.0
          ],
          [
            885.36710825122,
            665.3346113011484,
            0.0
          ],
          [
            885.5908746815583,
            660.8686406804311,
            0.0
          ],
          [
            885.6687984414959,
            656.382530469402,
            0.0
          ],
          [
            885.6210595107294,
            651.3683414455419,
            0.0
          ],
          [
            885.5690201254031,
            646.376276523086,
            0.0
          ],
          [
            885.5169807400769,
            641.38421160063,
            0.0
          ],
          [
            885.4649413547505,
            636.3921466781741,
            0.0
          ],
          [
            885.4129019694243,
            631.4000817557181,
            0.0
          ],
          [
            885.360862584098,
            626.4080168332621,
            0.0
          ],
          [
            885.3088231987716,
            621.4159519108061,
            0.0
          ],
          [
            885.2567838134454,
            616.4238869883502,
            0.0
          ],
          [
            885.204744428119,
            611.4318220658943,
            0.0
          ],
          [
            885.1527050427928,
            606.4397571434382,
            0.0
          ],
          [
            885.1006656574665,
            601.4476922209823,
            0.0
          ]
        ],
        "type": "LineString"
      },
      "id": "road:300:section:0:lane:-4",
      "properties": {
        "lane_id": "road:300:section:0:lane:-4",
        "road_id": "300",
        "speed_limit_mps": 13.89
      },
      "type": "Feature"
    },
    {
      "geometry": {
        "coordinates": [
          [
            491.9876083373533,
            121.12855554549041,
            0.0
          ],
          [
            493.93464546030606,
            125.7274599789346,
            0.0
          ],
          [
            495.7567458850295,
            130.36143109077796,
            0.0
          ],
          [
            497.4728414556763,
            135.06615814428434,
            0.0
          ],
          [
            499.0610600070762,
            139.76109255812636,
            0.0
          ],
          [
            500.5401191900929,
            144.51038709779115,
            0.0
          ],
          [
            501.9051401299844,
            149.29271420188437,
            0.0
          ],
          [
            503.1625427636526,
            154.14492320409812,
            0.0
          ],
          [
            504.299081365714,
            159.03176616600112,
            0.0
          ],
          [
            505.3047154873513,
            163.9280068119792,
            0.0
          ],
          [
            506.1903822119388,
            168.81460639827995,
            0.0
          ],
          [
            506.959128899225,
            173.71423472293696,
            0.0
          ],
          [
            507.6143593850748,
            178.654576523739,
            0.0
          ],
          [
            508.13693526967864,
            183.60308276726008,
            0.0
          ],
          [
            508.5479133980604,
            188.59937288344358,
            0.0
          ],
          [
            508.83497088524746,
            193.61391219322437,
            0.0
          ],
          [
            509.00560067170903,
            198.600136947264,
            0.0
          ],
          [
            509.04268916992334,
            203.5947831868956,
            0.0
          ],
          [
            509.02028536046646,
            208.51527575593542,
            0.0
          ],
          [
            508.993084790603,
            213.47925965076593,
            0.0
          ],
          [
            508.9701781790792,
            218.39765785698413,
            0.0
          ],
          [
            508.94405215503997,
            223.36164815809758,
            0.0
          ],
          [
            508.9200489797578,
            228.2793526383916,
            0.0
          ],
          [
            508.89502698076853,
            233.24302978408525,
            0.0
          ],
          [
            508.8699049954101,
            238.15975087969628,
            0.0
          ],
          [
            508.8460059399608,
            243.12378285211423,
            0.0
          ],
          [
            508.8197821662125,
            248.04246795365495,
            0.0
          ],
          [
            508.7969669740591,
            253.0060784257917,
            0.0
          ],
          [
            508.76968817570184,
            257.92710529393713,
            0.0
          ],
          [
            508.74783024121245,
            262.8901524028601,
            0.0
          ],
          [
            508.7196394404452,
            267.81530367487346,
            0.0
          ],
          [
            508.6985647430859,
            272.77793725939335,
            0.0
          ],
          [
            508.6696650804795,
            277.70928740222985,
            0.0
          ],
          [
            508.649269542513,
            282.67033435898145,
            0.0
          ],
          [
            508.61976293364506,
            287.6088671746257,
            0.0
          ],
          [
            508.599754173294,
            292.56697906821665,
            0.0
          ],
          [
            508.5698067196778,
            297.52799649217155,
            0.0
          ]
        ],
        "type": "LineString"
      },
      "id": "road:301:section:0:lane:-1",
      "properties": {
        "lane_id": "road:301:section:0:lane:-1",
        "road_id": "301",
        "speed_limit_mps": 13.89
      },
      "type": "Feature"
    },
    {
      "geometry": {
        "coordinates": [
          [
            495.20282501206,
            119.74566663647126,
            0.0
          ],
          [
            497.17104427798847,
            124.39489752527476,
            0.0
          ],
          [
            499.0177741609167,
            129.09033133707487,
            0.0
          ],
          [
            500.7854742134094,
            133.93635098711383,
            0.0
          ],
          [
            502.3918086158391,
            138.6858652773974,
            0.0
          ],
          [
            503.8965180866789,
            143.5181238025936,
            0.0
          ],
          [
            505.2783230778762,
            148.35909929194995,
            0.0
          ],
          [
            506.56034946253243,
            153.30533423499045,
            0.0
          ],
          [
            507.7184319480004,
            158.284744348771,
            0.0
          ],
          [
            508.7439208040449,
            163.27849407951996,
            0.0
          ],
          [
            509.64084137637974,
            168.22780868652086,
            0.0
          ],
          [
            510.41979864788277,
            173.19100925459182,
            0.0
          ],
          [
            511.0894057600615,
            178.23738029689582,
            0.0
          ],
          [
            511.619610287191,
            183.2552685605414,
            0.0
          ],
          [
            512.0395160055723,
            188.357068877665,
            0.0
          ],
          [
            512.3321060637763,
            193.4723299093903,
            0.0
          ],
          [
            512.5050031055879,
            198.53546387896694,
            0.0
          ],
          [
            512.5423834441707,
            203.6410431782539,
            0.0
          ],
          [
            512.520283225617,
            208.51141001645263,
            0.0
          ],
          [
            512.492856141761,
            213.51926577046595,
            0.0
          ],
          [
            512.470174273044,
            218.39242887700578,
            0.0
          ],
          [
            512.4438172500155,
            223.40219788054927,
            0.0
          ],
          [
            512.4200441773132,
            228.27355461382388,
            0.0
          ],
          [
            512.3947837170755,
            233.28429461989694,
            0.0
          ],
          [
            512.3699003737609,
            238.15406303977113,
            0.0
          ],
          [
            512.3457733604695,
            243.16413136319028,
            0.0
          ],
          [
            512.3197787189333,
            248.03755562811824,
            0.0
          ],
          [
            512.2967435246136,
            253.0456270817571,
            0.0
          ],
          [
            512.269686630949,
            257.9238169406675,
            0.0
          ],
          [
            512.2476337446657,
            262.9272392902573,
            0.0
          ],
          [
            512.2196393491796,
            267.8145043884878,
            0.0
          ],
          [
            512.1983972914968,
            272.8121736885819,
            0.0
          ],
          [
            512.1696636130324,
            277.712492418178,
            0.0
          ],
          [
            512.1491435643476,
            282.7000300032263,
            0.0
          ],
          [
            512.1197526246551,
            287.61736204504314,
            0.0
          ],
          [
            512.0996777010076,
            292.5901156227621,
            0.0
          ],
          [
            512.0696282000471,
            297.56334625236514,
            0.0
          ]
        ],
        "type": "LineString"
      },
      "id": "road:301:section:0:lane:-2",
      "properties": {
        "lane_id": "road:301:section:0:lane:-2",
        "road_id": "301",
        "speed_limit_mps": 13.89
      },
      "type": "Feature"
    },
    {
      "geometry": {
        "coordinates": [
          [
            498.4180416867667,
            118.36277772745211,
            0.0
          ],
          [
            500.4074430956709,
            123.0623350716149,
            0.0
          ],
          [
            502.2788024368039,
            127.81923158337179,
            0.0
          ],
          [
            504.09810697114244,
            132.80654382994328,
            0.0
          ],
          [
            505.72255722460204,
            137.61063799666843,
            0.0
          ],
          [
            507.25291698326487,
            142.52586050739603,
            0.0
          ],
          [
            508.651506025768,
            147.42548438201553,
            0.0
          ],
          [
            509.95815616141226,
            152.4657452658828,
            0.0
          ],
          [
            511.13778253028676,
            157.53772253154088,
            0.0
          ],
          [
            512.1831261207384,
            162.62898134706072,
            0.0
          ],
          [
            513.0913005408207,
            167.6410109747618,
            0.0
          ],
          [
            513.8804683965406,
            172.66778378624664,
            0.0
          ],
          [
            514.5644521350481,
            177.82018407005265,
            0.0
          ],
          [
            515.1022853047033,
            182.90745435382271,
            0.0
          ],
          [
            515.5311186130841,
            188.11476487188642,
            0.0
          ],
          [
            515.8292412423052,
            193.33074762555628,
            0.0
          ],
          [
            516.0044055394667,
            198.47079081066988,
            0.0
          ],
          [
            516.042077718418,
            203.68730316961222,
            0.0
          ],
          [
            516.0202810907675,
            208.50754427696987,
            0.0
          ],
          [
            515.992627492919,
            213.55927189016597,
            0.0
          ],
          [
            515.9701703670087,
            218.38719989702747,
            0.0
          ],
          [
            515.943582344991,
            223.44274760300098,
            0.0
          ],
          [
            515.9200393748687,
            228.26775658925618,
            0.0
          ],
          [
            515.8945404533823,
            233.3255594557086,
            0.0
          ],
          [
            515.8698957521117,
            238.148375199846,
            0.0
          ],
          [
            515.8455407809781,
            243.20447987426633,
            0.0
          ],
          [
            515.8197752716542,
            248.03264330258153,
            0.0
          ],
          [
            515.7965200751681,
            253.08517573772247,
            0.0
          ],
          [
            515.7696850861962,
            257.92052858739794,
            0.0
          ],
          [
            515.7474372481188,
            262.9643261776545,
            0.0
          ],
          [
            515.7196392579141,
            267.8137051021022,
            0.0
          ],
          [
            515.6982298399078,
            272.84641011777035,
            0.0
          ],
          [
            515.6696621455853,
            277.71569743412607,
            0.0
          ],
          [
            515.6490175861823,
            282.7297256474711,
            0.0
          ],
          [
            515.6197423156651,
            287.6258569154606,
            0.0
          ],
          [
            515.5996012287213,
            292.61325217730746,
            0.0
          ],
          [
            515.5694496804164,
            297.5986960125587,
            0.0
          ]
        ],
        "type": "LineString"
      },
      "id": "road:301:section:0:lane:-3",
      "properties": {
        "lane_id": "road:301:section:0:lane:-3",
        "road_id": "301",
        "speed_limit_mps": 13.89
      },
      "type": "Feature"
    },
    {
      "geometry": {
        "coordinates": [
          [
            501.63325836147334,
            116.97988881843295,
            0.0
          ],
          [
            503.6438419133533,
            121.72977261795505,
            0.0
          ],
          [
            505.5398307126911,
            126.54813182966869,
            0.0
          ],
          [
            507.4107397288755,
            131.67673667277276,
            0.0
          ],
          [
            509.05330583336496,
            136.53541071593946,
            0.0
          ],
          [
            510.6093158798509,
            141.5335972121985,
            0.0
          ],
          [
            512.0246889736599,
            146.4918694720811,
            0.0
          ],
          [
            513.3559628602922,
            151.62615629677512,
            0.0
          ],
          [
            514.5571331125732,
            156.79070071431076,
            0.0
          ],
          [
            515.622331437432,
            161.97946861460147,
            0.0
          ],
          [
            516.5417597052616,
            167.05421326300274,
            0.0
          ],
          [
            517.3411381451983,
            172.1445583179015,
            0.0
          ],
          [
            518.0394985100347,
            177.40298784320947,
            0.0
          ],
          [
            518.5849603222157,
            182.55964014710403,
            0.0
          ],
          [
            519.022721220596,
            187.87246086610784,
            0.0
          ],
          [
            519.3263764208342,
            193.18916534172223,
            0.0
          ],
          [
            519.5038079733455,
            198.40611774237286,
            0.0
          ],
          [
            519.5417719926653,
            203.73356316097053,
            0.0
          ],
          [
            519.5202789559181,
            208.5036785374871,
            0.0
          ],
          [
            519.4923988440771,
            213.59927800986597,
            0.0
          ],
          [
            519.4701664609735,
            218.38197091704916,
            0.0
          ],
          [
            519.4433474399666,
            223.48329732545267,
            0.0
          ],
          [
            519.4200345724241,
            228.26195856468846,
            0.0
          ],
          [
            519.3942971896893,
            233.3668242915203,
            0.0
          ],
          [
            519.3698911304625,
            238.14268735992084,
            0.0
          ],
          [
            519.3453082014868,
            243.24482838534237,
            0.0
          ],
          [
            519.319771824375,
            248.0277309770448,
            0.0
          ],
          [
            519.2962966257227,
            253.1247243936878,
            0.0
          ],
          [
            519.2696835414434,
            257.91724023412837,
            0.0
          ],
          [
            519.247240751572,
            263.00141306505174,
            0.0
          ],
          [
            519.2196391666486,
            267.81290581571653,
            0.0
          ],
          [
            519.1980623883186,
            272.88064654695887,
            0.0
          ],
          [
            519.1696606781384,
            277.71890245007415,
            0.0
          ],
          [
            519.1488916080169,
            282.75942129171597,
            0.0
          ],
          [
            519.1197320066752,
            287.63435178587804,
            0.0
          ],
          [
            519.099524756435,
            292.6363887318529,
            0.0
          ],
          [
            519.0692711607857,
            297.6340457727523,
            0.0
          ]
        ],
        "type": "LineString"
      },
      "id": "road:301:section:0:lane:-4",
      "properties": {
        "lane_id": "road:301:section:0:lane:-4",
        "road_id": "301",
        "speed_limit_mps": 13.89
      },
      "type": "Feature"
    },
    {
      "geometry": {
        "coordinates": [
          [
            508.27997830539067,
            355.6910703207324,
            0.0
          ],
          [
            508.25005338672594,
            360.57509027158324,
            0.0
          ],
          [
            508.23010045317073,
            365.4612715334291,
            0.0
          ],
          [
            508.200175759126,
            370.35580548283747,
            0.0
          ],
          [
            508.180178622735,
            375.2384847099439,
            0.0
          ],
          [
            508.15032248557907,
            380.1353600744121,
            0.0
          ],
          [
            508.1302410902462,
            385.01497635836574,
            0.0
          ],
          [
            508.1004923233206,
            389.91384190418455,
            0.0
          ],
          [
            508.0805183213395,
            394.80138929205066,
            0.0
          ],
          [
            508.0602938888005,
            399.67791840950105,
            0.0
          ],
          [
            508.02946036835993,
            404.52126142256117,
            0.0
          ],
          [
            508.00952915981213,
            409.4081286529156,
            0.0
          ],
          [
            507.99941663049543,
            414.3130166036259,
            0.0
          ],
          [
            507.979962639085,
            419.21178766800324,
            0.0
          ],
          [
            507.96027208361284,
            424.1123552139979,
            0.0
          ],
          [
            507.9404410674182,
            429.00346448906424,
            0.0
          ],
          [
            507.92053678373094,
            433.8883531940651,
            0.0
          ],
          [
            507.90024381728506,
            438.7655011922869,
            0.0
          ],
          [
            507.88009731164186,
            443.64225687046667,
            0.0
          ],
          [
            507.8599235957486,
            448.5176687908,
            0.0
          ],
          [
            507.8397736007376,
            453.3951137205244,
            0.0
          ],
          [
            507.8194558623158,
            458.27792471133597,
            0.0
          ],
          [
            507.79953560519994,
            463.1651739577115,
            0.0
          ],
          [
            507.77968087994753,
            468.05955709500466,
            0.0
          ],
          [
            507.7598067196778,
            472.97799649217154,
            0.0
          ]
        ],
        "type": "LineString"
      },
      "id": "road:302:section:0:lane:-1",
      "properties": {
        "lane_id": "road:302:section:0:lane:-1",
        "road_id": "302",
        "speed_limit_mps": 13.89
      },
      "type": "Feature"
    },
    {
      "geometry": {
        "coordinates": [
          [
            511.77979609617205,
            355.7267835021973,
            0.0
          ],
          [
            511.74999288479603,
            360.59566962650723,
            0.0
          ],
          [
            511.73007437667644,
            365.47478207671753,
            0.0
          ],
          [
            511.70009541909553,
            370.3795199037408,
            0.0
          ],
          [
            511.68016257145837,
            375.2490846476218,
            0.0
          ],
          [
            511.65022277404285,
            380.1617792116247,
            0.0
          ],
          [
            511.63023175865584,
            385.023058501988,
            0.0
          ],
          [
            511.6003741342855,
            389.94260488867906,
            0.0
          ],
          [
            511.58039511427864,
            394.8307565228778,
            0.0
          ],
          [
            511.5602893123907,
            399.6835783430462,
            0.0
          ],
          [
            511.5294600112338,
            404.52284252424397,
            0.0
          ],
          [
            511.50952600757887,
            409.41282605889813,
            0.0
          ],
          [
            511.49930508067524,
            414.3409600518374,
            0.0
          ],
          [
            511.4799158020825,
            419.229894485059,
            0.0
          ],
          [
            511.4602575648321,
            424.12243644677835,
            0.0
          ],
          [
            511.44043692076417,
            429.00885211943466,
            0.0
          ],
          [
            511.42053627636096,
            433.8902377601982,
            0.0
          ],
          [
            511.4002408272692,
            438.7609262494285,
            0.0
          ],
          [
            511.3800927044452,
            443.63657793083286,
            0.0
          ],
          [
            511.3599188514355,
            448.51190596427375,
            0.0
          ],
          [
            511.3397702774107,
            453.39029051854084,
            0.0
          ],
          [
            511.3194555607807,
            458.2793775519679,
            0.0
          ],
          [
            511.29953237342335,
            463.16993026149146,
            0.0
          ],
          [
            511.2796688536869,
            468.06873226147343,
            0.0
          ],
          [
            511.2596282000471,
            473.0133462523651,
            0.0
          ]
        ],
        "type": "LineString"
      },
      "id": "road:302:section:0:lane:-2",
      "properties": {
        "lane_id": "road:302:section:0:lane:-2",
        "road_id": "302",
        "speed_limit_mps": 13.89
      },
      "type": "Feature"
    },
    {
      "geometry": {
        "coordinates": [
          [
            515.2796138869534,
            355.76249668366216,
            0.0
          ],
          [
            515.2499323828661,
            360.6162489814312,
            0.0
          ],
          [
            515.2300483001821,
            365.48829262000595,
            0.0
          ],
          [
            515.200015079065,
            370.40323432464413,
            0.0
          ],
          [
            515.1801465201818,
            375.2596845852997,
            0.0
          ],
          [
            515.1501230625066,
            380.18819834883726,
            0.0
          ],
          [
            515.1302224270655,
            385.0311406456102,
            0.0
          ],
          [
            515.1002559452504,
            389.97136787317356,
            0.0
          ],
          [
            515.0802719072177,
            394.8601237537049,
            0.0
          ],
          [
            515.0602847359809,
            399.6892382765913,
            0.0
          ],
          [
            515.0294596541078,
            404.5244236259267,
            0.0
          ],
          [
            515.0095228553456,
            409.4175234648807,
            0.0
          ],
          [
            514.9991935308551,
            414.3689035000489,
            0.0
          ],
          [
            514.97986896508,
            419.2480013021147,
            0.0
          ],
          [
            514.9602430460513,
            424.1325176795588,
            0.0
          ],
          [
            514.9404327741101,
            429.0142397498051,
            0.0
          ],
          [
            514.9205357689909,
            433.89212232633133,
            0.0
          ],
          [
            514.9002378372534,
            438.75635130657014,
            0.0
          ],
          [
            514.8800880972485,
            443.63089899119905,
            0.0
          ],
          [
            514.8599141071223,
            448.5061431377475,
            0.0
          ],
          [
            514.8397669540838,
            453.3854673165572,
            0.0
          ],
          [
            514.8194552592455,
            458.28083039259985,
            0.0
          ],
          [
            514.7995291416468,
            463.1746865652714,
            0.0
          ],
          [
            514.7796568274263,
            468.07790742794214,
            0.0
          ],
          [
            514.7594496804163,
            473.0486960125587,
            0.0
          ]
        ],
        "type": "LineString"
      },
      "id": "road:302:section:0:lane:-3",
      "properties": {
        "lane_id": "road:302:section:0:lane:-3",
        "road_id": "302",
        "speed_limit_mps": 13.89
      },
      "type": "Feature"
    },
    {
      "geometry": {
        "coordinates": [
          [
            518.7794316777347,
            355.79820986512703,
            0.0
          ],
          [
            518.7498718809361,
            360.6368283363552,
            0.0
          ],
          [
            518.7300222236879,
            365.50180316329437,
            0.0
          ],
          [
            518.6999347390346,
            370.42694874554746,
            0.0
          ],
          [
            518.6801304689051,
            375.27028452297753,
            0.0
          ],
          [
            518.6500233509704,
            380.2146174860498,
            0.0
          ],
          [
            518.6302130954751,
            385.03922278923244,
            0.0
          ],
          [
            518.6001377562153,
            390.0001308576681,
            0.0
          ],
          [
            518.5801487001568,
            394.889490984532,
            0.0
          ],
          [
            518.5602801595711,
            399.6948982101365,
            0.0
          ],
          [
            518.5294592969816,
            404.52600472760946,
            0.0
          ],
          [
            518.5095197031123,
            409.4222208708632,
            0.0
          ],
          [
            518.4990819810349,
            414.39684694826036,
            0.0
          ],
          [
            518.4798221280774,
            419.2661081191704,
            0.0
          ],
          [
            518.4602285272706,
            424.1425989123393,
            0.0
          ],
          [
            518.4404286274562,
            429.01962738017556,
            0.0
          ],
          [
            518.420535261621,
            433.89400689246446,
            0.0
          ],
          [
            518.4002348472375,
            438.75177636371177,
            0.0
          ],
          [
            518.3800834900519,
            443.6252200515653,
            0.0
          ],
          [
            518.3599093628092,
            448.5003803112212,
            0.0
          ],
          [
            518.3397636307569,
            453.3806441145736,
            0.0
          ],
          [
            518.3194549577104,
            458.2822832332318,
            0.0
          ],
          [
            518.2995259098701,
            463.1794428690513,
            0.0
          ],
          [
            518.2796448011657,
            468.0870825944109,
            0.0
          ],
          [
            518.2592711607856,
            473.0840457727523,
            0.0
          ]
        ],
        "type": "LineString"
      },
      "id": "road:302:section:0:lane:-4",
      "properties": {
        "lane_id": "road:302:section:0:lane:-4",
        "road_id": "302",
        "speed_limit_mps": 13.89
      },
      "type": "Feature"
    },
    {
      "geometry": {
        "coordinates": [
          [
            507.63000011999986,
            507.05445729310895,
            0.0
          ],
          [
            507.6113202495479,
            511.8907144983085,
            0.0
          ],
          [
            507.5935279527427,
            516.6770347774548,
            0.0
          ],
          [
            507.5760626765266,
            521.4487026151777,
            0.0
          ],
          [
            507.55836815214593,
            526.2280208660923,
            0.0
          ],
          [
            507.53989097007394,
            531.0349598078275,
            0.0
          ],
          [
            507.5203514484136,
            535.8488761688969,
            0.0
          ],
          [
            507.50022327470833,
            540.6322226688552,
            0.0
          ],
          [
            507.4798744796174,
            545.4036788604841,
            0.0
          ],
          [
            507.45964357099456,
            550.1854278322865,
            0.0
          ],
          [
            507.4398708643445,
            555.00334059753,
            0.0
          ],
          [
            507.42096017153415,
            559.8385829307971,
            0.0
          ],
          [
            507.40302921926684,
            564.6308382932583,
            0.0
          ],
          [
            507.38554235385055,
            569.4036423587837,
            0.0
          ],
          [
            507.36794004846485,
            574.1796525372627,
            0.0
          ],
          [
            507.3496696413217,
            578.9795121800744,
            0.0
          ],
          [
            507.3299398932076,
            583.7943870989237,
            0.0
          ],
          [
            507.3099926363603,
            588.5696173603865,
            0.0
          ]
        ],
        "type": "LineString"
      },
      "id": "road:303:section:0:lane:-1",
      "properties": {
        "lane_id": "road:303:section:0:lane:-1",
        "road_id": "303",
        "speed_limit_mps": 13.89
      },
      "type": "Feature"
    },
    {
      "geometry": {
        "coordinates": [
          [
            511.1300001199997,
            507.0544584593268,
            0.0
          ],
          [
            511.1111502902463,
            511.9252063266817,
            0.0
          ],
          [
            511.0932977524096,
            516.7171763935088,
            0.0
          ],
          [
            511.07583046672784,
            521.48901904694,
            0.0
          ],
          [
            511.0581917123625,
            526.2631641065955,
            0.0
          ],
          [
            511.0398333516405,
            531.0550427785832,
            0.0
          ],
          [
            511.0203509985668,
            535.8506506905901,
            0.0
          ],
          [
            511.00022000436735,
            540.627438071059,
            0.0
          ],
          [
            510.9798700389162,
            545.3981034780861,
            0.0
          ],
          [
            510.9596434576804,
            550.18453721503,
            0.0
          ],
          [
            510.9398461754845,
            555.0164867532744,
            0.0
          ],
          [
            510.9208103563196,
            559.8709663224897,
            0.0
          ],
          [
            510.90280639610666,
            564.6703314885091,
            0.0
          ],
          [
            510.8853060209249,
            569.4443151337849,
            0.0
          ],
          [
            510.8677470218131,
            574.2164105201123,
            0.0
          ],
          [
            510.8495834897802,
            579.0040693250389,
            0.0
          ],
          [
            510.829938556161,
            583.7913277976191,
            0.0
          ],
          [
            510.8099926352005,
            588.5697074616043,
            0.0
          ]
        ],
        "type": "LineString"
      },
      "id": "road:303:section:0:lane:-2",
      "properties": {
        "lane_id": "road:303:section:0:lane:-2",
        "road_id": "303",
        "speed_limit_mps": 13.89
      },
      "type": "Feature"
    },
    {
      "geometry": {
        "coordinates": [
          [
            514.6300001199995,
            507.05445962554467,
            0.0
          ],
          [
            514.6109803309448,
            511.95969815505487,
            0.0
          ],
          [
            514.5930675520766,
            516.7573180095628,
            0.0
          ],
          [
            514.5755982569291,
            521.5293354787024,
            0.0
          ],
          [
            514.558015272579,
            526.2983073470986,
            0.0
          ],
          [
            514.5397757332071,
            531.075125749339,
            0.0
          ],
          [
            514.52035054872,
            535.8524252122833,
            0.0
          ],
          [
            514.5002167340264,
            540.622653473263,
            0.0
          ],
          [
            514.4798655982149,
            545.3925280956882,
            0.0
          ],
          [
            514.4596433443662,
            550.1836465977735,
            0.0
          ],
          [
            514.4398214866244,
            555.0296329090188,
            0.0
          ],
          [
            514.420660541105,
            559.9033497141822,
            0.0
          ],
          [
            514.4025835729465,
            564.7098246837598,
            0.0
          ],
          [
            514.3850696879992,
            569.484987908786,
            0.0
          ],
          [
            514.3675539951613,
            574.2531685029619,
            0.0
          ],
          [
            514.3494973382386,
            579.0286264700035,
            0.0
          ],
          [
            514.3299372191144,
            583.7882684963146,
            0.0
          ],
          [
            514.3099926340408,
            588.5697975628221,
            0.0
          ]
        ],
        "type": "LineString"
      },
      "id": "road:303:section:0:lane:-3",
      "properties": {
        "lane_id": "road:303:section:0:lane:-3",
        "road_id": "303",
        "speed_limit_mps": 13.89
      },
      "type": "Feature"
    },
    {
      "geometry": {
        "coordinates": [
          [
            518.1300001199993,
            507.05446079176255,
            0.0
          ],
          [
            518.1108103716433,
            511.99418998342804,
            0.0
          ],
          [
            518.0928373517435,
            516.7974596256169,
            0.0
          ],
          [
            518.0753660471303,
            521.5696519104647,
            0.0
          ],
          [
            518.0578388327956,
            526.3334505876018,
            0.0
          ],
          [
            518.0397181147736,
            531.0952087200948,
            0.0
          ],
          [
            518.0203500988732,
            535.8541997339764,
            0.0
          ],
          [
            518.0002134636854,
            540.6178688754668,
            0.0
          ],
          [
            517.9798611575137,
            545.3869527132903,
            0.0
          ],
          [
            517.959643231052,
            550.1827559805172,
            0.0
          ],
          [
            517.9397967977644,
            555.0427790647632,
            0.0
          ],
          [
            517.9205107258904,
            559.9357331058749,
            0.0
          ],
          [
            517.9023607497862,
            564.7493178790106,
            0.0
          ],
          [
            517.8848333550736,
            569.5256606837872,
            0.0
          ],
          [
            517.8673609685095,
            574.2899264858115,
            0.0
          ],
          [
            517.8494111866971,
            579.053183614968,
            0.0
          ],
          [
            517.8299358820677,
            583.78520919501,
            0.0
          ],
          [
            517.8099926328811,
            588.56988766404,
            0.0
          ]
        ],
        "type": "LineString"
      },
      "id": "road:303:section:0:lane:-4",
      "properties": {
        "lane_id": "road:303:section:0:lane:-4",
        "road_id": "303",
        "speed_limit_mps": 13.89
      },
      "type": "Feature"
    },
    {
      "geometry": {
        "coordinates": [
          [
            507.25,
            603.569980895609,
            0.0
          ],
          [
            507.229447389478,
            608.4973763686828,
            0.0
          ],
          [
            507.20946382944976,
            613.4483097489921,
            0.0
          ],
          [
            507.1952702729504,
            618.4230671325262,
            0.0
          ],
          [
            507.17438827986615,
            623.3763869504509,
            0.0
          ],
          [
            507.15347327301646,
            628.3292141962138,
            0.0
          ],
          [
            507.13266120816434,
            633.2799583179989,
            0.0
          ],
          [
            507.12053533934295,
            638.210372350427,
            0.0
          ],
          [
            507.0999999985346,
            643.1548395986179,
            0.0
          ],
          [
            507.1468716235627,
            648.0581951388458,
            0.0
          ],
          [
            507.3541624272324,
            652.9362551838416,
            0.0
          ],
          [
            507.71135067285184,
            657.7956027627735,
            0.0
          ],
          [
            508.23026744875483,
            662.653755563903,
            0.0
          ]
        ],
        "type": "LineString"
      },
      "id": "road:304:section:0:lane:-1",
      "properties": {
        "lane_id": "road:304:section:0:lane:-1",
        "road_id": "304",
        "speed_limit_mps": 13.89
      },
      "type": "Feature"
    },
    {
      "geometry": {
        "coordinates": [
          [
            510.75,
            603.5699809068268,
            0.0
          ],
          [
            510.72944738913486,
            608.497327357933,
            0.0
          ],
          [
            510.7094635065338,
            613.4468062824005,
            0.0
          ],
          [
            510.69501747034906,
            618.4651332031756,
            0.0
          ],
          [
            510.6741358364397,
            623.4184231284107,
            0.0
          ],
          [
            510.65323443406436,
            628.3701020381809,
            0.0
          ],
          [
            510.6324369570263,
            633.319577854564,
            0.0
          ],
          [
            510.62053467323017,
            638.212531699621,
            0.0
          ],
          [
            510.5999999985346,
            643.154839577663,
            0.0
          ],
          [
            510.6459799496675,
            647.9791956313535,
            0.0
          ],
          [
            510.84894835429037,
            652.7452805152667,
            0.0
          ],
          [
            511.19694305888066,
            657.4783556690786,
            0.0
          ],
          [
            511.70431822254005,
            662.2283484398887,
            0.0
          ]
        ],
        "type": "LineString"
      },
      "id": "road:304:section:0:lane:-2",
      "properties": {
        "lane_id": "road:304:section:0:lane:-2",
        "road_id": "304",
        "speed_limit_mps": 13.89
      },
      "type": "Feature"
    },
    {
      "geometry": {
        "coordinates": [
          [
            514.25,
            603.5699809180446,
            0.0
          ],
          [
            514.2294473887918,
            608.4972783471834,
            0.0
          ],
          [
            514.2094631836178,
            613.445302815809,
            0.0
          ],
          [
            514.1947646677478,
            618.507199273825,
            0.0
          ],
          [
            514.1738833930133,
            623.4604593063706,
            0.0
          ],
          [
            514.1529955951122,
            628.410989880148,
            0.0
          ],
          [
            514.1322127058883,
            633.3591973911293,
            0.0
          ],
          [
            514.1205340071174,
            638.2146910488151,
            0.0
          ],
          [
            514.0999999985346,
            643.1548395567081,
            0.0
          ],
          [
            514.1450882757723,
            647.9001961238612,
            0.0
          ],
          [
            514.3437342813484,
            652.5543058466919,
            0.0
          ],
          [
            514.6825354449095,
            657.1611085753838,
            0.0
          ],
          [
            515.1783689963253,
            661.8029413158742,
            0.0
          ]
        ],
        "type": "LineString"
      },
      "id": "road:304:section:0:lane:-3",
      "properties": {
        "lane_id": "road:304:section:0:lane:-3",
        "road_id": "304",
        "speed_limit_mps": 13.89
      },
      "type": "Feature"
    },
    {
      "geometry": {
        "coordinates": [
          [
            517.75,
            603.5699809292626,
            0.0
          ],
          [
            517.7294473884485,
            608.4972293364336,
            0.0
          ],
          [
            517.7094628607018,
            613.4437993492174,
            0.0
          ],
          [
            517.6945118651465,
            618.5492653444744,
            0.0
          ],
          [
            517.6736309495868,
            623.5024954843304,
            0.0
          ],
          [
            517.6527567561601,
            628.451877722115,
            0.0
          ],
          [
            517.6319884547502,
            633.3988169276945,
            0.0
          ],
          [
            517.6205333410046,
            638.2168503980091,
            0.0
          ],
          [
            517.5999999985346,
            643.1548395357534,
            0.0
          ],
          [
            517.6441966018771,
            647.8211966163689,
            0.0
          ],
          [
            517.8385202084064,
            652.363331178117,
            0.0
          ],
          [
            518.1681278309383,
            656.8438614816889,
            0.0
          ],
          [
            518.6524197701106,
            661.3775341918599,
            0.0
          ]
        ],
        "type": "LineString"
      },
      "id": "road:304:section:0:lane:-4",
      "properties": {
        "lane_id": "road:304:section:0:lane:-4",
        "road_id": "304",
        "speed_limit_mps": 13.89
      },
      "type": "Feature"
    },
    {
      "geometry": {
        "coordinates": [
          [
            813.5100733316843,
            536.7260209318322,
            0.0
          ],
          [
            813.4654596197408,
            531.8528358521248,
            0.0
          ],
          [
            813.4208459077973,
            526.9796507724175,
            0.0
          ],
          [
            813.3762321958537,
            522.10646569271,
            0.0
          ],
          [
            813.3316184839102,
            517.2332806130026,
            0.0
          ],
          [
            813.2870047719667,
            512.3600955332953,
            0.0
          ],
          [
            813.2656555538731,
            507.3884124940461,
            0.0
          ],
          [
            814.1536920952944,
            502.15532428399496,
            0.0
          ],
          [
            816.3771785612298,
            497.3242425655503,
            0.0
          ],
          [
            819.7664585366728,
            493.2413897461699,
            0.0
          ],
          [
            824.1073407916856,
            490.16777278337275,
            0.0
          ],
          [
            829.0866071614344,
            488.3297448889318,
            0.0
          ],
          [
            834.3683746851838,
            487.8436149564891,
            0.0
          ],
          [
            839.0948750078325,
            488.0303703444698,
            0.0
          ],
          [
            844.4361288719915,
            488.246897507675,
            0.0
          ],
          [
            848.9970623630713,
            488.43057153844194,
            0.0
          ],
          [
            853.8597955965672,
            488.57772489475894,
            0.0
          ],
          [
            858.7302914008457,
            488.68599385409163,
            0.0
          ],
          [
            863.568708142851,
            488.74747287907724,
            0.0
          ],
          [
            868.4417009640528,
            488.80963531864063,
            0.0
          ],
          [
            873.3146937852545,
            488.871797758204,
            0.0
          ],
          [
            878.1876866064562,
            488.9339601977675,
            0.0
          ]
        ],
        "type": "LineString"
      },
      "id": "road:305:section:0:lane:-1",
      "properties": {
        "lane_id": "road:305:section:0:lane:-1",
        "road_id": "305",
        "speed_limit_mps": 13.89
      },
      "type": "Feature"
    },
    {
      "geometry": {
        "coordinates": [
          [
            523.1965050278081,
            712.7098794212715,
            0.0
          ],
          [
            525.4212665152571,
            717.0396088275406,
            0.0
          ],
          [
            527.7942687510838,
            721.3044406020795,
            0.0
          ],
          [
            530.2938290912601,
            725.49899104064,
            0.0
          ],
          [
            532.9337972537384,
            729.6114543795944,
            0.0
          ],
          [
            535.6991605619015,
            733.6393459218679,
            0.0
          ],
          [
            538.5944602274797,
            737.5846969025263,
            0.0
          ],
          [
            541.606970491467,
            741.4207951874503,
            0.0
          ],
          [
            544.747024039645,
            745.1766520211557,
            0.0
          ],
          [
            548.0019733148254,
            748.836428907658,
            0.0
          ],
          [
            551.3724874980226,
            752.3887365267702,
            0.0
          ],
          [
            554.8424282038397,
            755.8224827232214,
            0.0
          ],
          [
            558.4419154147987,
            759.1634638978426,
            0.0
          ],
          [
            562.1117875571821,
            762.3573830785095,
            0.0
          ],
          [
            565.9009472055938,
            765.4581115360902,
            0.0
          ],
          [
            569.7854632477411,
            768.432979196764,
            0.0
          ],
          [
            573.758071359947,
            771.2818309736996,
            0.0
          ],
          [
            577.8079749468819,
            773.9944309474542,
            0.0
          ],
          [
            581.9494420030056,
            776.582685208838,
            0.0
          ],
          [
            586.1625902514372,
            779.0404975485112,
            0.0
          ],
          [
            590.4471099104325,
            781.3624385481849,
            0.0
          ],
          [
            594.8161579856626,
            783.5460036065529,
            0.0
          ],
          [
            599.2272744295506,
            785.5944088167732,
            0.0
          ],
          [
            603.7342106587753,
            787.5040677687832,
            0.0
          ],
          [
            608.2870090960054,
            789.2759952834703,
            0.0
          ],
          [
            612.8947426478755,
            790.8978404141192,
            0.0
          ],
          [
            617.5530370047038,
            792.3674239743801,
            0.0
          ],
          [
            622.2773341953414,
            793.7068604048352,
            0.0
          ],
          [
            627.0059277582477,
            794.886605655131,
            0.0
          ],
          [
            631.7871586715075,
            795.9139225643405,
            0.0
          ],
          [
            636.5966954973679,
            796.7986981891588,
            0.0
          ],
          [
            641.4357857648388,
            797.5213969976447,
            0.0
          ],
          [
            646.2976957702309,
            798.0940490972483,
            0.0
          ],
          [
            651.1664640415767,
            798.5239483917962,
            0.0
          ],
          [
            656.0527766580084,
            798.7817254674966,
            0.0
          ],
          [
            660.9380891368713,
            798.8986533714356,
            0.0
          ],
          [
            665.8139079770717,
            798.8758255543582,
            0.0
          ],
          [
            670.755022780339,
            798.8358195883769,
            0.0
          ],
          [
            675.6943064124284,
            798.7854257762014,
            0.0
          ],
          [
            680.6372411163504,
            798.7458012704038,
            0.0
          ],
          [
            685.5871252886267,
            798.7028951518358,
            0.0
          ],
          [
            690.5526491669713,
            798.6615806702155,
            0.0
          ],
          [
            695.5094785997355,
            798.6303492354142,
            0.0
          ],
          [
            700.4089333415507,
            798.5929518008197,
            0.0
          ]
        ],
        "type": "LineString"
      },
      "id": "road:306:section:0:lane:-1",
      "properties": {
        "lane_id": "road:306:section:0:lane:-1",
        "road_id": "306",
        "speed_limit_mps": 13.89
      },
      "type": "Feature"
    },
    {
      "geometry": {
        "coordinates": [
          [
            526.3340196634244,
            711.1587501838146,
            0.0
          ],
          [
            528.4986190038508,
            715.3723051176705,
            0.0
          ],
          [
            530.819704531817,
            719.5446854098271,
            0.0
          ],
          [
            533.2652932850076,
            723.6495585478799,
            0.0
          ],
          [
            535.8492154656903,
            727.6748757859352,
            0.0
          ],
          [
            538.5523096228483,
            731.6121457748625,
            0.0
          ],
          [
            541.3893560634702,
            735.4779085254077,
            0.0
          ],
          [
            544.3188882238042,
            739.2082170050948,
            0.0
          ],
          [
            547.394295162778,
            742.8871202785006,
            0.0
          ],
          [
            550.583761874481,
            746.4733022006803,
            0.0
          ],
          [
            553.8859651539868,
            749.9530784898184,
            0.0
          ],
          [
            557.2628104255715,
            753.2942916899478,
            0.0
          ],
          [
            560.8104407050486,
            756.5866270870517,
            0.0
          ],
          [
            564.3585557774027,
            759.6737227861836,
            0.0
          ],
          [
            568.0717382199911,
            762.7126304540552,
            0.0
          ],
          [
            571.8758797818301,
            765.6258171576208,
            0.0
          ],
          [
            575.7629879899897,
            768.4129794079022,
            0.0
          ],
          [
            579.7055746295149,
            771.0534930962797,
            0.0
          ],
          [
            583.7575119402339,
            773.5858730522137,
            0.0
          ],
          [
            587.8766112748351,
            775.9889189518912,
            0.0
          ],
          [
            592.0621863491201,
            778.2573575352005,
            0.0
          ],
          [
            596.3455205492183,
            780.3978215677893,
            0.0
          ],
          [
            600.6292375146229,
            782.3874633061519,
            0.0
          ],
          [
            605.0574991706545,
            784.2638659981633,
            0.0
          ],
          [
            609.5081484169555,
            785.995931448904,
            0.0
          ],
          [
            614.0074313376705,
            787.5794185181568,
            0.0
          ],
          [
            618.5522899922896,
            789.0130993826328,
            0.0
          ],
          [
            623.2092933221361,
            790.3332196139412,
            0.0
          ],
          [
            627.797379772231,
            791.477264998998,
            0.0
          ],
          [
            632.4661647205145,
            792.4804184089022,
            0.0
          ],
          [
            637.1647787631329,
            793.3451085489211,
            0.0
          ],
          [
            641.8970771530852,
            794.051928701907,
            0.0
          ],
          [
            646.6566993765056,
            794.6125097235399,
            0.0
          ],
          [
            651.4111247248619,
            795.032510127978,
            0.0
          ],
          [
            656.195346858773,
            795.2846304247713,
            0.0
          ],
          [
            660.9701111146604,
            795.3987998612242,
            0.0
          ],
          [
            665.7785768370035,
            795.376003885967,
            0.0
          ],
          [
            670.7196710166697,
            795.3359981282442,
            0.0
          ],
          [
            675.6553803945402,
            795.2856422450195,
            0.0
          ],
          [
            680.6019255823356,
            795.2459794445022,
            0.0
          ],
          [
            685.5283034324972,
            795.2033894739948,
            0.0
          ],
          [
            690.520925967965,
            795.1617244390761,
            0.0
          ],
          [
            695.5113200846642,
            795.1303497198523,
            0.0
          ],
          [
            700.3735815976761,
            795.093130340487,
            0.0
          ]
        ],
        "type": "LineString"
      },
      "id": "road:306:section:0:lane:-2",
      "properties": {
        "lane_id": "road:306:section:0:lane:-2",
        "road_id": "306",
        "speed_limit_mps": 13.89
      },
      "type": "Feature"
    },
    {
      "geometry": {
        "coordinates": [
          [
            529.4715342990407,
            709.6076209463577,
            0.0
          ],
          [
            531.5759714924444,
            713.7050014078003,
            0.0
          ],
          [
            533.8451403125504,
            717.7849302175748,
            0.0
          ],
          [
            536.2367574787551,
            721.8001260551199,
            0.0
          ],
          [
            538.7646336776423,
            725.7382971922761,
            0.0
          ],
          [
            541.4054586837951,
            729.5849456278572,
            0.0
          ],
          [
            544.1842518994608,
            733.3711201482889,
            0.0
          ],
          [
            547.0308059561413,
            736.9956388227394,
            0.0
          ],
          [
            550.041566285911,
            740.5975885358453,
            0.0
          ],
          [
            553.1655504341365,
            744.1101754937025,
            0.0
          ],
          [
            556.3994428099512,
            747.5174204528665,
            0.0
          ],
          [
            559.6831926473033,
            750.7661006566742,
            0.0
          ],
          [
            563.1789659952984,
            754.0097902762609,
            0.0
          ],
          [
            566.6053239976233,
            756.9900624938577,
            0.0
          ],
          [
            570.2425292343883,
            759.9671493720202,
            0.0
          ],
          [
            573.9662963159192,
            762.8186551184775,
            0.0
          ],
          [
            577.7679046200325,
            765.5441278421048,
            0.0
          ],
          [
            581.603174312148,
            768.1125552451052,
            0.0
          ],
          [
            585.5655818774621,
            770.5890608955895,
            0.0
          ],
          [
            589.590632298233,
            772.937340355271,
            0.0
          ],
          [
            593.6772627878078,
            775.1522765222162,
            0.0
          ],
          [
            597.8748831127741,
            777.2496395290256,
            0.0
          ],
          [
            602.0312005996951,
            779.1805177955305,
            0.0
          ],
          [
            606.3807876825337,
            781.0236642275433,
            0.0
          ],
          [
            610.7292877379056,
            782.7158676143378,
            0.0
          ],
          [
            615.1201200274654,
            784.2609966221944,
            0.0
          ],
          [
            619.5515429798753,
            785.6587747908854,
            0.0
          ],
          [
            624.1412524489308,
            786.9595788230472,
            0.0
          ],
          [
            628.5888317862143,
            788.0679243428649,
            0.0
          ],
          [
            633.1451707695215,
            789.0469142534639,
            0.0
          ],
          [
            637.7328620288979,
            789.8915189086832,
            0.0
          ],
          [
            642.3583685413316,
            790.5824604061692,
            0.0
          ],
          [
            647.0157029827802,
            791.1309703498315,
            0.0
          ],
          [
            651.6557854081473,
            791.5410718641597,
            0.0
          ],
          [
            656.3379170595375,
            791.7875353820459,
            0.0
          ],
          [
            661.0021330924495,
            791.8989463510129,
            0.0
          ],
          [
            665.7432456969352,
            791.8761822175757,
            0.0
          ],
          [
            670.6843192530004,
            791.8361766681115,
            0.0
          ],
          [
            675.616454376652,
            791.7858587138377,
            0.0
          ],
          [
            680.5666100483209,
            791.7461576186006,
            0.0
          ],
          [
            685.4694815763677,
            791.7038837961538,
            0.0
          ],
          [
            690.4892027689588,
            791.6618682079368,
            0.0
          ],
          [
            695.513161569593,
            791.6303502042905,
            0.0
          ],
          [
            700.3382298538016,
            791.5933088801544,
            0.0
          ]
        ],
        "type": "LineString"
      },
      "id": "road:306:section:0:lane:-3",
      "properties": {
        "lane_id": "road:306:section:0:lane:-3",
        "road_id": "306",
        "speed_limit_mps": 13.89
      },
      "type": "Feature"
    },
    {
      "geometry": {
        "coordinates": [
          [
            532.609048934657,
            708.0564917089008,
            0.0
          ],
          [
            534.6533239810379,
            712.0376976979302,
            0.0
          ],
          [
            536.8705760932836,
            716.0251750253225,
            0.0
          ],
          [
            539.2082216725025,
            719.9506935623598,
            0.0
          ],
          [
            541.6800518895943,
            723.8017185986171,
            0.0
          ],
          [
            544.2586077447419,
            727.557745480852,
            0.0
          ],
          [
            546.9791477354515,
            731.2643317711703,
            0.0
          ],
          [
            549.7427236884785,
            734.7830606403838,
            0.0
          ],
          [
            552.6888374090441,
            738.3080567931901,
            0.0
          ],
          [
            555.7473389937921,
            741.7470487867248,
            0.0
          ],
          [
            558.9129204659156,
            745.0817624159147,
            0.0
          ],
          [
            562.103574869035,
            748.2379096234007,
            0.0
          ],
          [
            565.5474912855483,
            751.43295346547,
            0.0
          ],
          [
            568.8520922178438,
            754.3064022015318,
            0.0
          ],
          [
            572.4133202487856,
            757.2216682899852,
            0.0
          ],
          [
            576.0567128500084,
            760.0114930793343,
            0.0
          ],
          [
            579.7728212500753,
            762.6752762763074,
            0.0
          ],
          [
            583.500773994781,
            765.1716173939307,
            0.0
          ],
          [
            587.3736518146904,
            767.592248738965,
            0.0
          ],
          [
            591.3046533216309,
            769.8857617586509,
            0.0
          ],
          [
            595.2923392264954,
            772.0471955092318,
            0.0
          ],
          [
            599.4042456763299,
            774.1014574902619,
            0.0
          ],
          [
            603.4331636847675,
            775.9735722849092,
            0.0
          ],
          [
            607.7040761944129,
            777.7834624569234,
            0.0
          ],
          [
            611.9504270588557,
            779.4358037797715,
            0.0
          ],
          [
            616.2328087172602,
            780.942574726232,
            0.0
          ],
          [
            620.5507959674611,
            782.3044501991382,
            0.0
          ],
          [
            625.0732115757255,
            783.5859380321532,
            0.0
          ],
          [
            629.3802838001976,
            784.6585836867318,
            0.0
          ],
          [
            633.8241768185285,
            785.6134100980256,
            0.0
          ],
          [
            638.3009452946628,
            786.4379292684455,
            0.0
          ],
          [
            642.819659929578,
            787.1129921104314,
            0.0
          ],
          [
            647.3747065890549,
            787.6494309761231,
            0.0
          ],
          [
            651.9004460914325,
            788.0496336003414,
            0.0
          ],
          [
            656.4804872603021,
            788.2904403393206,
            0.0
          ],
          [
            661.0341550702386,
            788.3990928408016,
            0.0
          ],
          [
            665.707914556867,
            788.3763605491843,
            0.0
          ],
          [
            670.6489674893311,
            788.3363552079788,
            0.0
          ],
          [
            675.5775283587637,
            788.2860751826558,
            0.0
          ],
          [
            680.5312945143061,
            788.246335792699,
            0.0
          ],
          [
            685.4106597202381,
            788.2043781183128,
            0.0
          ],
          [
            690.4574795699525,
            788.1620119767974,
            0.0
          ],
          [
            695.5150030545217,
            788.1303506887286,
            0.0
          ],
          [
            700.3028781099271,
            788.0934874198217,
            0.0
          ]
        ],
        "type": "LineString"
      },
      "id": "road:306:section:0:lane:-4",
      "properties": {
        "lane_id": "road:306:section:0:lane:-4",
        "road_id": "306",
        "speed_limit_mps": 13.89
      },
      "type": "Feature"
    },
    {
      "geometry": {
        "coordinates": [
          [
            696.2535948742419,
            734.9336419249223,
            0.03
          ],
          [
            691.255669983293,
            734.9461211375196,
            0.03
          ],
          [
            686.2577450923442,
            734.9586003501171,
            0.03
          ],
          [
            681.2598202013954,
            734.9710795627144,
            0.03
          ],
          [
            676.2618953104466,
            734.9835587753117,
            0.03
          ],
          [
            671.2639704194977,
            734.9960379879092,
            0.03
          ],
          [
            666.2660455285488,
            735.0085172005065,
            0.03
          ],
          [
            661.1876298478794,
            734.9191436213949,
            0.03
          ],
          [
            656.1129711350678,
            734.5727178627398,
            0.03
          ],
          [
            651.0849960952694,
            733.9692956988249,
            0.03
          ],
          [
            646.0758869895752,
            733.1069540235667,
            0.03
          ],
          [
            641.1139117906478,
            731.9890633771658,
            0.03
          ],
          [
            636.2106956120086,
            730.6152177149119,
            0.03
          ],
          [
            631.3699344783893,
            728.9872661550872,
            0.03
          ],
          [
            626.6523198723261,
            727.1254453428675,
            0.03
          ],
          [
            622.0160357078977,
            725.0189410015564,
            0.03
          ],
          [
            617.5010509240068,
            722.6843851664537,
            0.03
          ],
          [
            613.1222222157589,
            720.1210706890977,
            0.03
          ],
          [
            608.853065437392,
            717.3312291397403,
            0.03
          ],
          [
            604.7520288793901,
            714.3231726673745,
            0.03
          ],
          [
            600.8085808980136,
            711.1162259200339,
            0.03
          ],
          [
            597.0191892791045,
            707.7057393095632,
            0.03
          ],
          [
            593.4224676849437,
            704.1135914164389,
            0.03
          ],
          [
            590.0117569143043,
            700.3440289979756,
            0.03
          ],
          [
            586.7738450466649,
            696.4197806937246,
            0.03
          ],
          [
            583.7243393079835,
            692.3859345446068,
            0.03
          ],
          [
            580.8429706880735,
            688.2088015437122,
            0.03
          ],
          [
            578.1435693469425,
            683.8984073156607,
            0.03
          ],
          [
            575.6436389197486,
            679.4792700697675,
            0.03
          ],
          [
            573.3455725434276,
            674.976693270715,
            0.03
          ],
          [
            571.2287856591616,
            670.3407380396658,
            0.03
          ],
          [
            569.3272079983539,
            665.6352830718714,
            0.03
          ],
          [
            567.634007927667,
            660.8582517703047,
            0.03
          ],
          [
            566.1499221924729,
            656.0050585066404,
            0.03
          ],
          [
            564.8827465458025,
            651.1053952068787,
            0.03
          ],
          [
            563.8272155736948,
            646.1474814831982,
            0.03
          ],
          [
            562.9826310057329,
            641.1283013320788,
            0.03
          ],
          [
            562.3737048479454,
            636.0986422853393,
            0.03
          ],
          [
            561.9763312923593,
            631.049185727867,
            0.03
          ],
          [
            561.7950163700086,
            625.9642179706555,
            0.03
          ],
          [
            561.7641604597281,
            620.953772411676,
            0.03
          ],
          [
            561.7338563170645,
            615.9559238140042,
            0.03
          ],
          [
            561.7035521744008,
            610.9580752163323,
            0.03
          ],
          [
            561.6732480317372,
            605.9602266186605,
            0.03
          ]
        ],
        "type": "LineString"
      },
      "id": "road:307:section:0:lane:-1",
      "properties": {
        "lane_id": "road:307:section:0:lane:-1",
        "road_id": "307",
        "speed_limit_mps": 13.89
      },
      "type": "Feature"
    },
    {
      "geometry": {
        "coordinates": [
          [
            695.3931374366805,
            672.4014829440626,
            0.04
          ],
          [
            690.5025745753605,
            672.221208817449,
            0.04
          ],
          [
            685.5529472330293,
            671.7112686787032,
            0.04
          ],
          [
            680.6230440468896,
            670.8176783921581,
            0.04
          ],
          [
            675.790890234154,
            669.555917338856,
            0.04
          ],
          [
            671.0855989713584,
            667.9227801341123,
            0.04
          ],
          [
            666.541904565586,
            665.9389021335825,
            0.04
          ],
          [
            662.1371595982517,
            663.6007874755591,
            0.04
          ],
          [
            657.9465221259333,
            660.9444496478849,
            0.04
          ],
          [
            653.9393417985412,
            657.9461044538536,
            0.04
          ],
          [
            650.178336008958,
            654.6393540044013,
            0.04
          ],
          [
            646.6950498924666,
            651.0575920163972,
            0.04
          ],
          [
            643.5273634600005,
            647.2334405269946,
            0.04
          ],
          [
            640.6899065694295,
            643.1589552248715,
            0.04
          ],
          [
            638.1666436819946,
            638.8461069117693,
            0.04
          ],
          [
            636.0148925467107,
            634.3542676109985,
            0.04
          ],
          [
            634.2192418808479,
            629.6618734792279,
            0.04
          ],
          [
            632.8156308218694,
            624.8770296129327,
            0.04
          ],
          [
            631.8087531975058,
            619.9995038771916,
            0.04
          ],
          [
            631.2034811131203,
            615.0517588672822,
            0.04
          ],
          [
            630.9505407533279,
            610.1458968022571,
            0.04
          ],
          [
            630.7386621976832,
            605.3021158539491,
            0.04
          ]
        ],
        "type": "LineString"
      },
      "id": "road:308:section:0:lane:-1",
      "properties": {
        "lane_id": "road:308:section:0:lane:-1",
        "road_id": "308",
        "speed_limit_mps": 13.89
      },
      "type": "Feature"
    },
    {
      "geometry": {
        "coordinates": [
          [
            523.5704062332184,
            594.2971796400032,
            0.2
          ],
          [
            528.5126554892208,
            594.269593645658,
            0.2
          ],
          [
            533.4549047452234,
            594.2420076513129,
            0.2
          ],
          [
            538.3971540012259,
            594.2144216569677,
            0.2
          ],
          [
            543.3394032572284,
            594.1868356626226,
            0.2
          ],
          [
            548.2816525132309,
            594.1592496682774,
            0.2
          ],
          [
            553.2239017692334,
            594.1316636739323,
            0.2
          ]
        ],
        "type": "LineString"
      },
      "id": "road:309:section:0:lane:-1",
      "properties": {
        "lane_id": "road:309:section:0:lane:-1",
        "road_id": "309",
        "speed_limit_mps": 13.89
      },
      "type": "Feature"
    },
    {
      "geometry": {
        "coordinates": [
          [
            573.485154260476,
            594.0089885630772,
            0.2
          ],
          [
            578.3607312172547,
            593.9813767541974,
            0.2
          ],
          [
            583.2363081740336,
            593.9537649453175,
            0.2
          ],
          [
            588.1118851308124,
            593.9261531364377,
            0.2
          ],
          [
            592.9874620875913,
            593.898541327558,
            0.2
          ],
          [
            597.8630390443701,
            593.8709295186782,
            0.2
          ],
          [
            602.7386160011489,
            593.8433177097983,
            0.2
          ],
          [
            607.6141929579278,
            593.8157059009185,
            0.2
          ],
          [
            612.4897699147066,
            593.7880940920387,
            0.2
          ],
          [
            617.3653468714855,
            593.7604822831588,
            0.2
          ],
          [
            622.2409238282643,
            593.732870474279,
            0.2
          ]
        ],
        "type": "LineString"
      },
      "id": "road:310:section:0:lane:-1",
      "properties": {
        "lane_id": "road:310:section:0:lane:-1",
        "road_id": "310",
        "speed_limit_mps": 13.89
      },
      "type": "Feature"
    },
    {
      "geometry": {
        "coordinates": [
          [
            642.3176985899725,
            593.6250097238157,
            0.2
          ],
          [
            647.1533593029473,
            593.5972841593094,
            0.2
          ],
          [
            651.9890200159219,
            593.5695585948032,
            0.2
          ],
          [
            656.8246807288967,
            593.5418330302971,
            0.2
          ],
          [
            661.6603414418715,
            593.5141074657909,
            0.2
          ],
          [
            666.4960021548462,
            593.4863819012846,
            0.2
          ],
          [
            671.331662867821,
            593.4586563367784,
            0.2
          ],
          [
            676.1673235807958,
            593.4309307722722,
            0.2
          ],
          [
            681.0029842937705,
            593.403205207766,
            0.2
          ],
          [
            685.8386450067453,
            593.3754796432598,
            0.2
          ],
          [
            690.6743057197201,
            593.3477540787536,
            0.2
          ],
          [
            695.5099664326948,
            593.3200285142474,
            0.2
          ]
        ],
        "type": "LineString"
      },
      "id": "road:311:section:0:lane:-1",
      "properties": {
        "lane_id": "road:311:section:0:lane:-1",
        "road_id": "311",
        "speed_limit_mps": 13.89
      },
      "type": "Feature"
    },
    {
      "geometry": {
        "coordinates": [
          [
            752.0669856653947,
            734.7487005436388,
            0.0
          ],
          [
            747.3863707810351,
            734.7972718274825,
            0.0
          ],
          [
            742.7057558966756,
            734.8458431113262,
            0.0
          ],
          [
            738.025141012316,
            734.8944143951699,
            0.0
          ],
          [
            733.3445261279563,
            734.9429856790135,
            0.0
          ],
          [
            728.6639112435968,
            734.9915569628572,
            0.0
          ],
          [
            723.9832963592372,
            735.0401282467009,
            0.0
          ],
          [
            719.3026814748777,
            735.0886995305445,
            0.0
          ],
          [
            714.6220665905181,
            735.1372708143882,
            0.0
          ]
        ],
        "type": "LineString"
      },
      "id": "road:312:section:0:lane:-1",
      "properties": {
        "lane_id": "road:312:section:0:lane:-1",
        "road_id": "312",
        "speed_limit_mps": 13.89
      },
      "type": "Feature"
    },
    {
      "geometry": {
        "coordinates": [
          [
            818.3039692351747,
            682.6018777671986,
            0.0
          ],
          [
            818.3498038827092,
            687.5163587675776,
            0.0
          ],
          [
            818.3268011470817,
            692.4962041721484,
            0.0
          ],
          [
            817.9307428029748,
            697.5269071649467,
            0.0
          ],
          [
            817.1233216864129,
            702.5310592628124,
            0.0
          ],
          [
            815.899051393137,
            707.441374489693,
            0.0
          ],
          [
            814.2705067434941,
            712.2455809186794,
            0.0
          ],
          [
            812.2469446671581,
            716.8969014295511,
            0.0
          ],
          [
            809.8003313084089,
            721.3834528325341,
            0.0
          ],
          [
            806.5752180967673,
            725.5047798135552,
            0.0
          ],
          [
            802.6517566505544,
            728.9567962089748,
            0.0
          ],
          [
            798.1737109332794,
            731.6299103386293,
            0.0
          ],
          [
            793.259148293051,
            733.4371250863935,
            0.0
          ],
          [
            788.1184659164464,
            734.3137370004986,
            0.0
          ],
          [
            783.0671516366366,
            734.4318073593396,
            0.0
          ],
          [
            778.1527055951642,
            734.4812484703394,
            0.0
          ],
          [
            773.2382595536919,
            734.5306895813393,
            0.0
          ],
          [
            768.3238135122197,
            734.5801306923391,
            0.0
          ]
        ],
        "type": "LineString"
      },
      "id": "road:313:section:0:lane:-1",
      "properties": {
        "lane_id": "road:313:section:0:lane:-1",
        "road_id": "313",
        "speed_limit_mps": 13.89
      },
      "type": "Feature"
    },
    {
      "geometry": {
        "coordinates": [
          [
            749.8901321696729,
            596.5099706680793,
            0.2
          ],
          [
            745.4236910458832,
            596.535830952555,
            0.2
          ],
          [
            740.9572499220935,
            596.5616912370307,
            0.2
          ],
          [
            736.4908087983038,
            596.5875515215065,
            0.2
          ],
          [
            732.0243676745141,
            596.6134118059822,
            0.2
          ],
          [
            727.5579265507243,
            596.6392720904579,
            0.2
          ],
          [
            723.0914854269347,
            596.6651323749336,
            0.2
          ],
          [
            718.6250443031449,
            596.6909926594093,
            0.2
          ],
          [
            714.1586031793552,
            596.716852943885,
            0.2
          ]
        ],
        "type": "LineString"
      },
      "id": "road:314:section:0:lane:-1",
      "properties": {
        "lane_id": "road:314:section:0:lane:-1",
        "road_id": "314",
        "speed_limit_mps": 13.89
      },
      "type": "Feature"
    },
    {
      "geometry": {
        "coordinates": [
          [
            806.2699457102411,
            596.1899717377283,
            0.2
          ],
          [
            801.6511957099058,
            596.2162217326221,
            0.2
          ],
          [
            797.0324457095704,
            596.242471727516,
            0.2
          ],
          [
            792.4136957092351,
            596.2687217224097,
            0.2
          ],
          [
            787.7949457088997,
            596.2949717173035,
            0.2
          ],
          [
            783.1761957085644,
            596.3212217121974,
            0.2
          ],
          [
            778.5574457082289,
            596.3474717070911,
            0.2
          ],
          [
            773.9386957078935,
            596.3737217019849,
            0.2
          ],
          [
            769.3199457075582,
            596.3999716968787,
            0.2
          ]
        ],
        "type": "LineString"
      },
      "id": "road:315:section:0:lane:-1",
      "properties": {
        "lane_id": "road:315:section:0:lane:-1",
        "road_id": "315",
        "speed_limit_mps": 13.89
      },
      "type": "Feature"
    },
    {
      "geometry": {
        "coordinates": [
          [
            827.0149584384574,
            596.0677405685948,
            0.2
          ],
          [
            824.7394084657078,
            596.0799747112009,
            0.2
          ]
        ],
        "type": "LineString"
      },
      "id": "road:316:section:0:lane:-1",
      "properties": {
        "lane_id": "road:316:section:0:lane:-1",
        "road_id": "316",
        "speed_limit_mps": 13.89
      },
      "type": "Feature"
    },
    {
      "geometry": {
        "coordinates": [
          [
            844.3315129107328,
            595.9699621289864,
            0.2
          ],
          [
            839.4636753858362,
            596.0019873813945,
            0.2
          ]
        ],
        "type": "LineString"
      },
      "id": "road:317:section:0:lane:-1",
      "properties": {
        "lane_id": "road:317:section:0:lane:-1",
        "road_id": "317",
        "speed_limit_mps": 13.89
      },
      "type": "Feature"
    },
    {
      "geometry": {
        "coordinates": [
          [
            878.4300363237643,
            595.7799712203935,
            0.2
          ],
          [
            873.6350363236832,
            595.8074711997589,
            0.2
          ],
          [
            868.8400363236019,
            595.8349711791243,
            0.2
          ],
          [
            864.0450363235208,
            595.8624711584897,
            0.2
          ],
          [
            859.2500363234396,
            595.8899711378551,
            0.2
          ]
        ],
        "type": "LineString"
      },
      "id": "road:318:section:0:lane:-1",
      "properties": {
        "lane_id": "road:318:section:0:lane:-1",
        "road_id": "318",
        "speed_limit_mps": 13.89
      },
      "type": "Feature"
    },
    {
      "geometry": {
        "coordinates": [
          [
            708.5481637046591,
            743.1754975650671,
            0.02
          ],
          [
            708.6598920120204,
            748.0515552685581,
            0.02
          ],
          [
            708.7716203193817,
            752.9276129720492,
            0.02
          ],
          [
            708.8833486267429,
            757.8036706755403,
            0.02
          ],
          [
            708.9950769341041,
            762.6797283790313,
            0.02
          ],
          [
            709.1068052414654,
            767.5557860825223,
            0.02
          ],
          [
            709.2185335488266,
            772.4318437860135,
            0.02
          ],
          [
            709.3302618561878,
            777.3079014895045,
            0.02
          ],
          [
            709.441990163549,
            782.1839591929955,
            0.02
          ]
        ],
        "type": "LineString"
      },
      "id": "road:319:section:0:lane:-1",
      "properties": {
        "lane_id": "road:319:section:0:lane:-1",
        "road_id": "319",
        "speed_limit_mps": 13.89
      },
      "type": "Feature"
    },
    {
      "geometry": {
        "coordinates": [
          [
            707.1091563815801,
            680.6105658794966,
            0.02
          ],
          [
            707.2190997730095,
            685.2655874632308,
            0.02
          ],
          [
            707.3255457071843,
            689.9092298499953,
            0.02
          ],
          [
            707.4291589915646,
            694.5844372275077,
            0.02
          ],
          [
            707.5395260760051,
            699.2457504957262,
            0.02
          ],
          [
            707.6457210069686,
            703.8879939000476,
            0.02
          ],
          [
            707.7493107306517,
            708.5605294709388,
            0.02
          ],
          [
            707.8598050712803,
            713.2246970853255,
            0.02
          ],
          [
            707.965885791129,
            717.8667911213215,
            0.02
          ],
          [
            708.0696501231629,
            722.545007576648,
            0.02
          ]
        ],
        "type": "LineString"
      },
      "id": "road:320:section:0:lane:-1",
      "properties": {
        "lane_id": "road:320:section:0:lane:-1",
        "road_id": "320",
        "speed_limit_mps": 13.89
      },
      "type": "Feature"
    },
    {
      "geometry": {
        "coordinates": [
          [
            705.3880618526234,
            605.716676940148,
            0.02
          ],
          [
            705.5088087226926,
            610.7225866629958,
            0.02
          ],
          [
            705.6185926717548,
            615.6910494057665,
            0.02
          ],
          [
            705.7385579175652,
            620.661704755769,
            0.02
          ],
          [
            705.8491229382109,
            625.6487969066403,
            0.02
          ],
          [
            705.9587962576187,
            630.6195443782975,
            0.02
          ],
          [
            706.0792014913618,
            635.6025197132819,
            0.02
          ],
          [
            706.1890410934473,
            640.5697236252344,
            0.02
          ],
          [
            706.3091176764754,
            645.5430654498256,
            0.02
          ],
          [
            706.419517051869,
            650.5283882256023,
            0.02
          ],
          [
            706.5392046628731,
            655.4964482684268,
            0.02
          ],
          [
            706.649559338356,
            660.480473824201,
            0.02
          ]
        ],
        "type": "LineString"
      },
      "id": "road:321:section:0:lane:-1",
      "properties": {
        "lane_id": "road:321:section:0:lane:-1",
        "road_id": "321",
        "speed_limit_mps": 13.89
      },
      "type": "Feature"
    },
    {
      "geometry": {
        "coordinates": [
          [
            751.2824539324918,
            546.2425943098775,
            0.02
          ],
          [
            746.5102647334718,
            546.3215422762996,
            0.02
          ],
          [
            741.7119205104875,
            546.3903487932774,
            0.02
          ],
          [
            736.8925211316796,
            546.4769987894008,
            0.02
          ],
          [
            732.3714510118948,
            546.8915224623963,
            0.02
          ],
          [
            728.0212533130077,
            547.979878641627,
            0.02
          ],
          [
            723.8647460773141,
            549.726323193216,
            0.02
          ],
          [
            720.0051498958177,
            552.1029257236414,
            0.02
          ],
          [
            716.5200332670331,
            555.0655853466112,
            0.02
          ],
          [
            713.6026073494579,
            558.4726820688561,
            0.02
          ],
          [
            711.0965945242095,
            562.2971307405403,
            0.02
          ],
          [
            708.9492108761575,
            566.4491016196188,
            0.02
          ],
          [
            707.2577599080005,
            570.765482949557,
            0.02
          ],
          [
            706.0360147835999,
            575.1757434807023,
            0.02
          ],
          [
            705.25211648852,
            579.6900745980059,
            0.02
          ],
          [
            704.9384277739161,
            584.3169260052964,
            0.02
          ]
        ],
        "type": "LineString"
      },
      "id": "road:322:section:0:lane:-1",
      "properties": {
        "lane_id": "road:322:section:0:lane:-1",
        "road_id": "322",
        "speed_limit_mps": 13.89
      },
      "type": "Feature"
    },
    {
      "geometry": {
        "coordinates": [
          [
            807.1284067186477,
            545.3397694300495,
            0.02
          ],
          [
            802.189151553547,
            545.419956013147,
            0.02
          ],
          [
            797.2498963884464,
            545.5001425962445,
            0.02
          ],
          [
            792.3106412233458,
            545.580329179342,
            0.02
          ],
          [
            787.3713860582451,
            545.6605157624394,
            0.02
          ],
          [
            782.4321308931444,
            545.740702345537,
            0.02
          ],
          [
            777.4928757280437,
            545.8208889286344,
            0.02
          ],
          [
            772.553620562943,
            545.901075511732,
            0.02
          ],
          [
            767.6143653978423,
            545.9812620948294,
            0.02
          ]
        ],
        "type": "LineString"
      },
      "id": "road:323:section:0:lane:-1",
      "properties": {
        "lane_id": "road:323:section:0:lane:-1",
        "road_id": "323",
        "speed_limit_mps": 13.89
      },
      "type": "Feature"
    },
    {
      "geometry": {
        "coordinates": [
          [
            818.0837907058083,
            657.5527866918663,
            0.0
          ],
          [
            818.1195939380767,
            661.3407677031812,
            0.0
          ]
        ],
        "type": "LineString"
      },
      "id": "road:324:section:0:lane:-1",
      "properties": {
        "lane_id": "road:324:section:0:lane:-1",
        "road_id": "324",
        "speed_limit_mps": 13.89
      },
      "type": "Feature"
    },
    {
      "geometry": {
        "coordinates": [
          [
            829.6342529331914,
            602.5496423757957,
            0.0
          ],
          [
            827.7954583858724,
            606.5130147528295,
            0.0
          ],
          [
            826.4619944229797,
            610.6632169958679,
            0.0
          ],
          [
            825.6463931377795,
            614.9026650580637,
            0.0
          ],
          [
            825.3511914355693,
            619.202718791539,
            0.0
          ],
          [
            825.3704578591584,
            623.8222104138415,
            0.0
          ],
          [
            825.3129974520054,
            628.3677866730801,
            0.0
          ],
          [
            824.8018504591504,
            633.0764397879695,
            0.0
          ],
          [
            823.7117758239955,
            637.7090111380055,
            0.0
          ]
        ],
        "type": "LineString"
      },
      "id": "road:325:section:0:lane:-4",
      "properties": {
        "lane_id": "road:325:section:0:lane:-4",
        "road_id": "325",
        "speed_limit_mps": 13.89
      },
      "type": "Feature"
    },
    {
      "geometry": {
        "coordinates": [
          [
            851.2764815085308,
            586.0117156203048,
            0.0
          ],
          [
            851.2146886687083,
            581.3353225210485,
            0.0
          ],
          [
            851.1528958288858,
            576.6589294217921,
            0.0
          ],
          [
            851.0911029890633,
            571.9825363225358,
            0.0
          ],
          [
            851.0293101492408,
            567.3061432232794,
            0.0
          ],
          [
            850.9700566872491,
            562.6371085325032,
            0.0
          ],
          [
            850.9024406544575,
            557.9236780157469,
            -0.0005472153520527188
          ],
          [
            850.760876748659,
            553.540094958881,
            0.01
          ],
          [
            849.3588357166109,
            549.8981069478999,
            0.01994456928582284
          ],
          [
            846.5371902050016,
            547.2244772565634,
            0.02
          ],
          [
            842.6768103459788,
            545.4825379373376,
            0.02
          ],
          [
            838.5725291220896,
            544.8481151318671,
            0.02
          ],
          [
            833.9504223451281,
            544.9100174341568,
            0.02
          ],
          [
            829.2742204795089,
            544.984896575482,
            0.02
          ],
          [
            824.5980186138897,
            545.0597757168074,
            0.02
          ]
        ],
        "type": "LineString"
      },
      "id": "road:326:section:0:lane:-1",
      "properties": {
        "lane_id": "road:326:section:0:lane:-1",
        "road_id": "326",
        "speed_limit_mps": 13.89
      },
      "type": "Feature"
    },
    {
      "geometry": {
        "coordinates": [
          [
            825.6380547648643,
            670.4300930928807,
            0.0
          ],
          [
            830.5889226675031,
            670.4616912715505,
            0.0
          ],
          [
            835.5633218933198,
            670.5000527662198,
            0.0
          ],
          [
            840.5635290331871,
            670.5296762590114,
            0.0
          ],
          [
            844.9921255169055,
            670.2284101161258,
            0.0
          ],
          [
            848.4257697174329,
            668.1312154187219,
            0.0
          ],
          [
            850.3891506466052,
            664.5678067363697,
            0.0
          ],
          [
            851.4836404075882,
            659.9247626138986,
            0.0
          ],
          [
            852.0625643448468,
            655.1624461570344,
            0.0
          ],
          [
            852.1480318155899,
            650.335510464317,
            0.0
          ],
          [
            852.0776639837469,
            645.3650658305909,
            0.0
          ],
          [
            852.0173189744555,
            640.4055087605103,
            0.0
          ],
          [
            851.947788527964,
            635.4295142702846,
            0.0
          ],
          [
            851.8789340784377,
            630.4355877868566,
            0.0
          ],
          [
            851.8088227640611,
            625.4646784997774,
            0.0
          ],
          [
            851.7490433611836,
            620.4967290628089,
            0.0
          ],
          [
            851.6794857123224,
            615.5052859387184,
            0.0
          ],
          [
            851.6096906996493,
            610.5268903241015,
            0.0
          ],
          [
            851.5398946406414,
            605.5555982689599,
            0.0
          ],
          [
            851.4800874973365,
            600.567499116736,
            0.0
          ]
        ],
        "type": "LineString"
      },
      "id": "road:327:section:0:lane:-1",
      "properties": {
        "lane_id": "road:327:section:0:lane:-1",
        "road_id": "327",
        "speed_limit_mps": 13.89
      },
      "type": "Feature"
    },
    {
      "geometry": {
        "coordinates": [
          [
            768.8665360144417,
            670.0400777289499,
            0.0
          ],
          [
            773.4715984845698,
            670.0697411181566,
            0.0
          ],
          [
            778.0644934793866,
            670.1033466273285,
            0.0
          ],
          [
            782.6855464255784,
            670.1299167628821,
            0.0
          ],
          [
            787.315110300302,
            670.1663144176281,
            0.0
          ],
          [
            791.8650447208339,
            670.2003202983276,
            0.0
          ],
          [
            796.5233805816913,
            670.2297356962084,
            0.0
          ],
          [
            801.1139139683623,
            670.259798039043,
            0.0
          ],
          [
            805.7285190990189,
            670.2928312146274,
            0.0
          ]
        ],
        "type": "LineString"
      },
      "id": "road:328:section:0:lane:-1",
      "properties": {
        "lane_id": "road:328:section:0:lane:-1",
        "road_id": "328",
        "speed_limit_mps": 13.89
      },
      "type": "Feature"
    },
    {
      "geometry": {
        "coordinates": [
          [
            714.2923445026228,
            669.6600435396116,
            0.0
          ],
          [
            718.7223445024637,
            669.6912935437431,
            0.0
          ],
          [
            723.1523445023046,
            669.7225435478747,
            0.0
          ],
          [
            727.5823445021455,
            669.7537935520062,
            0.0
          ],
          [
            732.0123445019863,
            669.7850435561377,
            0.0
          ],
          [
            736.4423445018272,
            669.8162935602692,
            0.0
          ],
          [
            740.8723445016681,
            669.8475435644008,
            0.0
          ],
          [
            745.302344501509,
            669.8787935685323,
            0.0
          ],
          [
            749.7323445013499,
            669.9100435726638,
            0.0
          ]
        ],
        "type": "LineString"
      },
      "id": "road:329:section:0:lane:-1",
      "properties": {
        "lane_id": "road:329:section:0:lane:-1",
        "road_id": "329",
        "speed_limit_mps": 13.89
      },
      "type": "Feature"
    },
    {
      "geometry": {
        "coordinates": [
          [
            757.9200087792118,
            584.4355432088394,
            0.02
          ],
          [
            757.9057230664777,
            579.9255432085216,
            0.02
          ],
          [
            757.8914373537435,
            575.4155432082038,
            0.02
          ],
          [
            757.8771516410095,
            570.905543207886,
            0.02
          ],
          [
            757.8628659282754,
            566.3955432075682,
            0.02
          ],
          [
            757.8485802155412,
            561.8855432072504,
            0.02
          ],
          [
            757.8342945028071,
            557.3755432069327,
            0.02
          ],
          [
            757.820008790073,
            552.8655432066148,
            0.02
          ]
        ],
        "type": "LineString"
      },
      "id": "road:330:section:0:lane:-1",
      "properties": {
        "lane_id": "road:330:section:0:lane:-1",
        "road_id": "330",
        "speed_limit_mps": 13.89
      },
      "type": "Feature"
    },
    {
      "geometry": {
        "coordinates": [
          [
            758.1600084770366,
            662.0554469768138,
            0.02
          ],
          [
            758.1450084677507,
            657.2362803102377,
            0.02
          ],
          [
            758.1300084584648,
            652.4171136436618,
            0.02
          ],
          [
            758.1150084491787,
            647.5979469770857,
            0.02
          ],
          [
            758.1000084398928,
            642.7787803105098,
            0.02
          ],
          [
            758.0850084306069,
            637.9596136439337,
            0.02
          ],
          [
            758.070008421321,
            633.1404469773578,
            0.02
          ],
          [
            758.0550084120349,
            628.3212803107817,
            0.02
          ],
          [
            758.040008402749,
            623.5021136442058,
            0.02
          ],
          [
            758.025008393463,
            618.6829469776297,
            0.02
          ],
          [
            758.0100083841771,
            613.8637803110538,
            0.02
          ],
          [
            757.9950083748911,
            609.0446136444777,
            0.02
          ],
          [
            757.9800083656052,
            604.2254469779018,
            0.02
          ]
        ],
        "type": "LineString"
      },
      "id": "road:331:section:0:lane:-1",
      "properties": {
        "lane_id": "road:331:section:0:lane:-1",
        "road_id": "331",
        "speed_limit_mps": 13.89
      },
      "type": "Feature"
    },
    {
      "geometry": {
        "coordinates": [
          [
            817.6099308516182,
            604.054443183013,
            0.0
          ],
          [
            817.65113490435,
            608.6893400997067,
            0.0
          ],
          [
            817.6923389570819,
            613.3242370164005,
            0.0
          ],
          [
            817.7335430098137,
            617.9591339330942,
            0.0
          ],
          [
            817.7747470625457,
            622.5940308497879,
            0.0
          ],
          [
            817.8159511152775,
            627.2289277664818,
            0.0
          ],
          [
            817.8571551680093,
            631.8638246831755,
            0.0
          ],
          [
            817.8983592207412,
            636.4987215998693,
            0.0
          ]
        ],
        "type": "LineString"
      },
      "id": "road:332:section:0:lane:-1",
      "properties": {
        "lane_id": "road:332:section:0:lane:-1",
        "road_id": "332",
        "speed_limit_mps": 13.89
      },
      "type": "Feature"
    },
    {
      "geometry": {
        "coordinates": [
          [
            758.3550383936963,
            724.7412951722511,
            0.02
          ],
          [
            758.3400350212634,
            719.8384129504252,
            0.02
          ],
          [
            758.3250316488304,
            714.9355307285994,
            0.02
          ],
          [
            758.3100282763974,
            710.0326485067735,
            0.02
          ],
          [
            758.2950249039644,
            705.1297662849478,
            0.02
          ],
          [
            758.2800215315315,
            700.2268840631219,
            0.02
          ],
          [
            758.2650181590985,
            695.3240018412961,
            0.02
          ],
          [
            758.2500147866656,
            690.4211196194702,
            0.02
          ],
          [
            758.2350114142325,
            685.5182373976444,
            0.02
          ],
          [
            758.2200080417996,
            680.6153551758186,
            0.02
          ]
        ],
        "type": "LineString"
      },
      "id": "road:333:section:0:lane:-1",
      "properties": {
        "lane_id": "road:333:section:0:lane:-1",
        "road_id": "333",
        "speed_limit_mps": 13.89
      },
      "type": "Feature"
    },
    {
      "geometry": {
        "coordinates": [
          [
            613.3488560348821,
            378.5384276881226,
            10.50000085
          ],
          [
            617.1321120873793,
            375.47668416635645,
            10.370306825626578
          ],
          [
            620.6107701686018,
            372.11576953884816,
            10.220383853349487
          ],
          [
            623.7960672070076,
            368.4560229458319,
            10.040520355103876
          ],
          [
            626.6363259237372,
            364.5458917912707,
            9.850996647825884
          ],
          [
            629.1297144950939,
            360.3875621766233,
            9.651414672202945
          ],
          [
            631.2540583150821,
            356.0374471400399,
            9.421542458156948
          ],
          [
            632.9765428826173,
            351.5265691864566,
            9.17199253047386
          ],
          [
            634.3063457953234,
            346.8721600735638,
            8.912570094256626
          ],
          [
            635.2328420157478,
            342.11400631688304,
            8.63254303536444
          ],
          [
            635.7298632913694,
            337.2981405836286,
            8.333756357719336
          ],
          [
            635.8084448039712,
            332.4510966467676,
            8.01047960344495
          ],
          [
            635.4794747782627,
            327.6319785238618,
            7.673657966779344
          ],
          [
            634.759535548085,
            322.83536415438317,
            7.317421692583222
          ],
          [
            633.6448890372332,
            318.09911284036684,
            6.94504036021484
          ],
          [
            632.1602996257956,
            313.50586552669324,
            6.549050163875437
          ],
          [
            630.2870163980256,
            309.0187613289201,
            6.142920374291786
          ],
          [
            628.0753876893208,
            304.7244914347714,
            5.713993067415674
          ],
          [
            625.5026637254958,
            300.60307298147615,
            5.274900421754931
          ],
          [
            622.6106143980346,
            296.7085759913627,
            4.825597075915632
          ],
          [
            619.3970993588823,
            293.06512204715614,
            4.376287527633558
          ],
          [
            615.9232291122987,
            289.7148556627782,
            3.9267233011475176
          ],
          [
            612.1645763130915,
            286.6397200493623,
            3.4869094937945917
          ],
          [
            608.1844548916398,
            283.88787540986294,
            3.0735206315779355
          ],
          [
            603.9647864702231,
            281.457538764124,
            2.680084263180151
          ],
          [
            599.586987038991,
            279.3885358729639,
            2.3098495351730914
          ],
          [
            595.0327701918806,
            277.6884334400302,
            1.9768035309565057
          ],
          [
            590.375543943978,
            276.3664377418286,
            1.6669943012859352
          ],
          [
            585.6354346449806,
            275.4282176021221,
            1.38308079493359
          ],
          [
            580.8161524034876,
            274.87713845396036,
            1.1233269206956635
          ],
          [
            575.8776443051511,
            274.6235530010763,
            0.8889787808166549
          ],
          [
            571.0203499649732,
            274.55080553310387,
            0.6878204497512939
          ],
          [
            566.1915340737708,
            274.8850714919795,
            0.5083600037885783
          ],
          [
            561.4051641546802,
            275.6355898103674,
            0.35853877205813484
          ],
          [
            556.6936861387871,
            276.78329523362595,
            0.22901584096345773
          ],
          [
            552.1084144073847,
            278.31487213402784,
            0.13942800747931441
          ],
          [
            547.6535470366631,
            280.2490799780977,
            0.05959322847842645
          ],
          [
            543.3906978161014,
            282.5382505949456,
            0.01972216532565192
          ],
          [
            539.3298530057159,
            285.18637329216983,
            0.0
          ],
          [
            535.5081268951898,
            288.1762787354774,
            0.0
          ],
          [
            531.9628736765783,
            291.4619856810374,
            0.0
          ],
          [
            528.6979450346702,
            295.0480238471274,
            0.0
          ],
          [
            525.7427868019699,
            298.90891007943793,
            0.0
          ]
        ],
        "type": "LineString"
      },
      "id": "road:334:section:0:lane:-2",
      "properties": {
        "lane_id": "road:334:section:0:lane:-2",
        "road_id": "334",
        "speed_limit_mps": 13.89
      },
      "type": "Feature"
    },
    {
      "geometry": {
        "coordinates": [
          [
            401.32061644671074,
            424.6495377599578,
            9.34
          ],
          [
            397.6178451804753,
            427.6498441045413,
            9.330584135950339
          ],
          [
            394.2074594770322,
            430.9585800982256,
            9.321504730987387
          ],
          [
            391.13769250263255,
            434.5476666887533,
            9.28344154941692
          ],
          [
            388.3862565754312,
            438.4053672077498,
            9.208533951326848
          ],
          [
            386.0159302708344,
            442.4624549394572,
            9.100482037680798
          ],
          [
            384.0074285951148,
            446.7543055423655,
            8.95910324521385
          ],
          [
            382.3898812829509,
            451.1885401426422,
            8.790697191840518
          ],
          [
            381.1787058210077,
            455.783637764726,
            8.58344159760836
          ],
          [
            380.3811948772819,
            460.45000036032786,
            8.337525087156186
          ],
          [
            380.00981090960545,
            465.20728904827035,
            8.061777799309928
          ],
          [
            380.06731327419504,
            469.96003524738984,
            7.761767431891696
          ],
          [
            380.46173622423805,
            474.6951463682153,
            7.422577782712499
          ],
          [
            381.23721057564626,
            479.3983425987835,
            7.078965556892959
          ],
          [
            382.3880577580659,
            484.02599145800093,
            6.746406202439963
          ],
          [
            383.9067362633342,
            488.5048272884975,
            6.404343012048625
          ],
          [
            385.77709098434076,
            492.86682893558805,
            6.0626920668218185
          ],
          [
            387.98919268199523,
            497.041131925772,
            5.730401076711585
          ],
          [
            390.5520446362684,
            501.0554451777336,
            5.388678452518038
          ],
          [
            393.4128359504525,
            504.83577846096796,
            5.046486963556038
          ],
          [
            396.57468413055386,
            508.37125476419715,
            4.713109677574129
          ],
          [
            400.0419292100374,
            511.671377464919,
            4.369337525578035
          ],
          [
            403.76148847574876,
            514.6592011149112,
            4.025371714959674
          ],
          [
            407.7027772967921,
            517.3450624081355,
            3.692481208053189
          ],
          [
            411.81807189776754,
            519.6849165495394,
            3.349592718082944
          ],
          [
            416.1058019676851,
            521.6780780203741,
            3.007875889767557
          ],
          [
            420.5655200939511,
            523.3268273306356,
            2.675769801421831
          ],
          [
            425.1349291275865,
            524.614159872016,
            2.3341755800200374
          ],
          [
            429.76927285140886,
            525.5248213048299,
            1.992191632118322
          ],
          [
            434.5134857125873,
            526.0562731233775,
            1.659666274228425
          ],
          [
            439.26006308419784,
            526.1997619056772,
            1.3178032919274356
          ],
          [
            444.00883125352135,
            525.9059697140384,
            0.9831233315810068
          ],
          [
            448.6859445506377,
            525.1775552192702,
            0.6978263956030362
          ],
          [
            453.27819296383103,
            524.030166223138,
            0.46032056150321216
          ],
          [
            457.7549165302267,
            522.4704855298921,
            0.2705151227142902
          ],
          [
            462.0553122255765,
            520.5048365372713,
            0.1291162531833916
          ],
          [
            466.15515132244474,
            518.168645832098,
            0.04639262894369715
          ],
          [
            470.01011958893446,
            515.4747110454425,
            -0.0005561518766162714
          ],
          [
            473.63637842662075,
            512.4111683591689,
            0.0
          ],
          [
            476.9593911038661,
            509.0432858097513,
            0.0
          ],
          [
            479.9864338212442,
            505.35147587175527,
            0.0
          ]
        ],
        "type": "LineString"
      },
      "id": "road:335:section:0:lane:-2",
      "properties": {
        "lane_id": "road:335:section:0:lane:-2",
        "road_id": "335",
        "speed_limit_mps": 13.89
      },
      "type": "Feature"
    },
    {
      "geometry": {
        "coordinates": [
          [
            524.8086980761299,
            506.11939531844496,
            0.0
          ],
          [
            527.7399340802203,
            510.0163507924433,
            0.0
          ],
          [
            530.9630892352887,
            513.6384132424081,
            0.0
          ],
          [
            534.492842164995,
            516.9646922537182,
            0.0
          ],
          [
            538.2865433718757,
            519.9827034867466,
            0.0
          ],
          [
            542.3219997030079,
            522.6803422165652,
            0.0
          ],
          [
            546.5594283047244,
            525.0182207325915,
            0.0
          ],
          [
            551.0024325002797,
            526.9921774754283,
            -2.539196032405166e-05
          ],
          [
            555.5848123055509,
            528.5843862773165,
            0.02995786800693061
          ],
          [
            560.2799307195852,
            529.7753212553522,
            0.0898670457010638
          ],
          [
            565.0627942744653,
            530.5717703352108,
            0.16982461955244565
          ],
          [
            569.9035647356029,
            530.9611417159814,
            0.27982535511438383
          ],
          [
            574.8177440598515,
            531.0105413762768,
            0.42099983620181114
          ],
          [
            579.8630899585868,
            531.0293840840787,
            0.5963571669413662
          ],
          [
            584.6910876099514,
            530.9179110650902,
            0.7855568778194262
          ],
          [
            589.5231670384308,
            530.4112943067958,
            1.0094123245867717
          ],
          [
            594.293450461736,
            529.5073354627344,
            1.2636371616209114
          ],
          [
            598.9663028518858,
            528.1940482048932,
            1.5437617181955572
          ],
          [
            603.5111403783188,
            526.5066106981664,
            1.8537119305867076
          ],
          [
            607.8966629757507,
            524.4374924457348,
            2.187624711896781
          ],
          [
            612.1170766509557,
            521.9927308975566,
            2.5511484023316426
          ],
          [
            616.0912335032381,
            519.2203771856439,
            2.9454285281418673
          ],
          [
            619.8129797870296,
            516.1354325596895,
            3.365276446905695
          ],
          [
            623.2716840624031,
            512.7372260040098,
            3.8152825381932254
          ],
          [
            626.4222438466794,
            509.07498019903454,
            4.288332279640563
          ],
          [
            629.2806713159966,
            505.12424678583255,
            4.7794336517598195
          ],
          [
            631.7853218335249,
            500.9739097690465,
            5.269707362024634
          ],
          [
            633.9340483838655,
            496.61601089314,
            5.759242815799269
          ],
          [
            635.7071524585264,
            492.10497009349274,
            6.245129073233509
          ],
          [
            637.0947618732474,
            487.45309805517854,
            6.718804331930826
          ],
          [
            638.0862482927238,
            482.71839768658566,
            7.175121363257905
          ],
          [
            638.6782574304826,
            477.8982815118913,
            7.6017217626717715
          ],
          [
            638.8671755369872,
            473.06742466700496,
            7.997168755095756
          ],
          [
            638.6558464154248,
            468.19304244273735,
            8.37044213641051
          ],
          [
            638.0433777717979,
            463.37512522164496,
            8.720337199009405
          ],
          [
            637.0322870351504,
            458.6246028069217,
            9.040250055623616
          ],
          [
            635.6441144684886,
            453.97617433124714,
            9.330180668447962
          ],
          [
            633.8856656599125,
            449.4490111489602,
            9.600121047319575
          ],
          [
            631.7545378637103,
            445.08101352068326,
            9.850198403556794
          ],
          [
            629.2801914011281,
            440.9098277578305,
            10.060129356682765
          ],
          [
            626.4739450304731,
            436.94834188704425,
            10.250064544254888
          ],
          [
            623.3484789042955,
            433.23088021272736,
            10.41993026495204
          ],
          [
            619.9294405360441,
            429.78260604835623,
            10.559917146004524
          ],
          [
            616.2449366654876,
            426.6230032385115,
            10.670014042400695
          ],
          [
            612.3011630245092,
            423.7706475108863,
            10.760000002105862
          ]
        ],
        "type": "LineString"
      },
      "id": "road:336:section:0:lane:-2",
      "properties": {
        "lane_id": "road:336:section:0:lane:-2",
        "road_id": "336",
        "speed_limit_mps": 13.89
      },
      "type": "Feature"
    },
    {
      "geometry": {
        "coordinates": [
          [
            899.0999049227033,
            601.3017582484736,
            0.0
          ],
          [
            899.1519443259517,
            606.2938231708989,
            0.0
          ],
          [
            899.2039837292001,
            611.2858880933244,
            0.0
          ],
          [
            899.2560231324485,
            616.2779530157497,
            0.0
          ],
          [
            899.308062535697,
            621.2700179381751,
            0.0
          ],
          [
            899.3601019389454,
            626.2620828606006,
            0.0
          ],
          [
            899.4121413421938,
            631.2541477830259,
            0.0
          ],
          [
            899.4641807454421,
            636.2462127054513,
            0.0
          ],
          [
            899.5162201486905,
            641.2382776278768,
            0.0
          ],
          [
            899.5682595519389,
            646.2303425503021,
            0.0
          ],
          [
            899.6202989551873,
            651.2224074727275,
            0.0
          ],
          [
            899.6680169397423,
            656.234613797444,
            0.0
          ],
          [
            899.5841874480572,
            661.3013047367245,
            0.0
          ],
          [
            899.3300683020973,
            666.3523277382068,
            0.0
          ],
          [
            898.9081154642355,
            671.3552900878016,
            0.0
          ],
          [
            898.3086712203651,
            676.3506109954085,
            0.0
          ],
          [
            897.5329329315898,
            681.3555123383119,
            0.0
          ],
          [
            896.5811347119736,
            686.3210941814641,
            0.0
          ],
          [
            895.4599573117919,
            691.2522213978588,
            0.0
          ],
          [
            894.1664277939227,
            696.1478204867774,
            0.0
          ],
          [
            892.7065158633955,
            700.9904958596503,
            0.0
          ],
          [
            891.0738811131839,
            705.7922579149534,
            0.0
          ],
          [
            889.2809541176725,
            710.4994598773701,
            0.0
          ],
          [
            887.3404705422267,
            715.1430852461104,
            0.0
          ],
          [
            885.2295076507503,
            719.7094143764782,
            0.0
          ],
          [
            882.9533650067342,
            724.226264533987,
            0.0
          ],
          [
            880.512048471283,
            728.6883801228981,
            0.0
          ],
          [
            877.9248325809375,
            733.0390385143569,
            0.0
          ],
          [
            875.1917012784228,
            737.2876360948984,
            0.0
          ],
          [
            872.3171620731154,
            741.4407934783528,
            0.0
          ],
          [
            869.2823385350714,
            745.5034659713675,
            0.0
          ],
          [
            866.1392743400806,
            749.4324492427227,
            0.0
          ],
          [
            862.8627130855758,
            753.2435133318194,
            0.0
          ],
          [
            859.4427305376122,
            756.9566369376488,
            0.0
          ],
          [
            855.8845448219215,
            760.5547570067323,
            0.0
          ],
          [
            852.2137979621323,
            764.024594557732,
            0.0
          ],
          [
            848.3950447461514,
            767.3859881054995,
            0.0
          ],
          [
            844.5000548503182,
            770.5811363313817,
            0.0
          ],
          [
            840.4740283700655,
            773.655862802612,
            0.0
          ],
          [
            836.3439100521551,
            776.5827331151264,
            0.0
          ],
          [
            832.1520891798308,
            779.3547801069099,
            0.0
          ],
          [
            827.8592890766627,
            781.9686642366892,
            0.0
          ],
          [
            823.4507905152304,
            784.4616629779791,
            0.0
          ],
          [
            818.9808846533284,
            786.7780497012387,
            0.0
          ],
          [
            814.3843178314945,
            788.963372016494,
            0.0
          ],
          [
            809.7408208300461,
            790.9807257163193,
            0.0
          ],
          [
            805.022198533209,
            792.8298059501877,
            0.0
          ],
          [
            800.2648390566956,
            794.512683456755,
            0.0
          ],
          [
            795.4509660251986,
            796.0259210806989,
            0.0
          ],
          [
            790.6031218743785,
            797.3681670637195,
            0.0
          ],
          [
            785.6910761750839,
            798.5540872251207,
            0.0
          ],
          [
            780.7580108791088,
            799.5504176486376,
            0.0
          ],
          [
            775.7528450267787,
            800.3913473921959,
            0.0
          ],
          [
            770.7386644600479,
            801.0508525453233,
            0.0
          ],
          [
            765.7047853369979,
            801.5423386870702,
            0.0
          ],
          [
            760.6568302734485,
            801.8544941801649,
            0.0
          ],
          [
            755.5907060175903,
            801.9884378548674,
            0.0
          ],
          [
            750.6090096844905,
            801.9798434183568,
            0.0
          ],
          [
            745.6149672630685,
            801.959555895263,
            0.0
          ],
          [
            740.6352804640119,
            801.9297262551165,
            0.0
          ],
          [
            735.6351039977419,
            801.9092773978067,
            0.0
          ],
          [
            730.614306222708,
            801.8798727776662,
            0.0
          ],
          [
            725.6204463898713,
            801.8996368321363,
            0.0
          ],
          [
            720.6522305614636,
            801.9389020913424,
            0.0
          ],
          [
            715.6778556044185,
            801.9799088999961,
            0.0
          ]
        ],
        "type": "LineString"
      },
      "id": "road:337:section:0:lane:-3",
      "properties": {
        "lane_id": "road:337:section:0:lane:-3",
        "road_id": "337",
        "speed_limit_mps": 13.89
      },
      "type": "Feature"
    },
    {
      "geometry": {
        "coordinates": [
          [
            902.59971476811,
            601.2652747454206,
            0.0
          ],
          [
            902.6517541713583,
            606.2573396678459,
            0.0
          ],
          [
            902.7037935746067,
            611.2494045902714,
            0.0
          ],
          [
            902.7558329778551,
            616.2414695126968,
            0.0
          ],
          [
            902.8078723811036,
            621.2335344351221,
            0.0
          ],
          [
            902.859911784352,
            626.2255993575476,
            0.0
          ],
          [
            902.9119511876004,
            631.217664279973,
            0.0
          ],
          [
            902.9639905908488,
            636.2097292023983,
            0.0
          ],
          [
            903.0160299940972,
            641.2017941248238,
            0.0
          ],
          [
            903.0680693973455,
            646.1938590472491,
            0.0
          ],
          [
            903.1201088005939,
            651.1859239696745,
            0.0
          ],
          [
            903.1678216258227,
            656.1976386802769,
            0.0
          ],
          [
            903.0825156423288,
            661.4094705592588,
            0.0
          ],
          [
            902.8208085317411,
            666.6067538554702,
            0.0
          ],
          [
            902.3897770670002,
            671.7131063588595,
            0.0
          ],
          [
            901.7779451257852,
            676.8133620831126,
            0.0
          ],
          [
            900.9796536753139,
            681.9638840296176,
            0.0
          ],
          [
            900.0066548771682,
            687.0392944305902,
            0.0
          ],
          [
            898.86256923825,
            692.0721189999562,
            0.0
          ],
          [
            897.5401088969833,
            697.0796336734473,
            0.0
          ],
          [
            896.04818450286,
            702.0312891647882,
            0.0
          ],
          [
            894.3653879639536,
            706.9822086077706,
            0.0
          ],
          [
            892.5321774452808,
            711.7954332081202,
            0.0
          ],
          [
            890.5416066328975,
            716.5582628777192,
            0.0
          ],
          [
            888.3902209253094,
            721.2127079592575,
            0.0
          ],
          [
            886.0564731627618,
            725.8451282626543,
            0.0
          ],
          [
            883.5329503985886,
            730.45590708043,
            0.0
          ],
          [
            880.8871235548698,
            734.903128690759,
            0.0
          ],
          [
            878.1026493763355,
            739.2309274192392,
            0.0
          ],
          [
            875.1709376197743,
            743.4671115997966,
            0.0
          ],
          [
            872.0403370460849,
            747.6583312138473,
            0.0
          ],
          [
            868.8291131451493,
            751.6718168326344,
            0.0
          ],
          [
            865.478848005516,
            755.5685591551676,
            0.0
          ],
          [
            861.9729660038374,
            759.3748818560671,
            0.0
          ],
          [
            858.3235538318531,
            763.0649831020219,
            0.0
          ],
          [
            854.5826764730194,
            766.6011066575788,
            0.0
          ],
          [
            850.6408460193479,
            770.070457632484,
            0.0
          ],
          [
            846.6932994237131,
            773.308713688905,
            0.0
          ],
          [
            842.560964746853,
            776.4656130689598,
            0.0
          ],
          [
            838.3105965960839,
            779.4779263794751,
            0.0
          ],
          [
            834.0316019083202,
            782.3073098533216,
            0.0
          ],
          [
            829.6480121419585,
            784.977064109658,
            0.0
          ],
          [
            825.1044011266862,
            787.5463950483023,
            0.0
          ],
          [
            820.5687327032811,
            789.8971422888773,
            0.0
          ],
          [
            815.8172174359638,
            792.1566146824234,
            0.0
          ],
          [
            811.0692752562004,
            794.2188129352853,
            0.0
          ],
          [
            806.2305713674755,
            796.1145943898603,
            0.0
          ],
          [
            801.3789198165117,
            797.8306382576237,
            0.0
          ],
          [
            796.4494602002227,
            799.3804716291992,
            0.0
          ],
          [
            791.4846614641871,
            800.7553322429808,
            0.0
          ],
          [
            786.4244177186932,
            801.976397874436,
            0.0
          ],
          [
            781.4069562258278,
            802.9897300707609,
            0.0
          ],
          [
            776.2520356823732,
            803.8555657296232,
            0.0
          ],
          [
            771.1330438208464,
            804.528562268658,
            0.0
          ],
          [
            765.994458235375,
            805.0303308906088,
            0.0
          ],
          [
            760.8361874660108,
            805.3498955873678,
            0.0
          ],
          [
            755.6231045040776,
            805.4882878999512,
            0.0
          ],
          [
            750.5970186204198,
            805.479822877494,
            0.0
          ],
          [
            745.5887145646839,
            805.4594574361391,
            0.0
          ],
          [
            740.6283896145842,
            805.4297194717091,
            0.0
          ],
          [
            735.607790296396,
            805.4091708192867,
            0.0
          ],
          [
            730.6180441710374,
            805.3798707816287,
            0.0
          ],
          [
            725.6197291512777,
            805.399636758646,
            0.0
          ],
          [
            720.6907418396706,
            805.4386902108506,
            0.0
          ],
          [
            715.7135680172697,
            805.4797266986205,
            0.0
          ]
        ],
        "type": "LineString"
      },
      "id": "road:337:section:0:lane:-4",
      "properties": {
        "lane_id": "road:337:section:0:lane:-4",
        "road_id": "337",
        "speed_limit_mps": 13.89
      },
      "type": "Feature"
    },
    {
      "geometry": {
        "coordinates": [
          [
            906.0995246135166,
            601.2287912423677,
            0.0
          ],
          [
            906.151564016765,
            606.2208561647931,
            0.0
          ],
          [
            906.2036034200133,
            611.2129210872185,
            0.0
          ],
          [
            906.2556428232617,
            616.2049860096439,
            0.0
          ],
          [
            906.3076822265102,
            621.1970509320693,
            0.0
          ],
          [
            906.3597216297586,
            626.1891158544947,
            0.0
          ],
          [
            906.411761033007,
            631.1811807769201,
            0.0
          ],
          [
            906.4638004362554,
            636.1732456993454,
            0.0
          ],
          [
            906.5158398395038,
            641.1653106217709,
            0.0
          ],
          [
            906.5678792427522,
            646.1573755441963,
            0.0
          ],
          [
            906.6199186460005,
            651.1494404666216,
            0.0
          ],
          [
            906.6676263119032,
            656.1606635631097,
            0.0
          ],
          [
            906.5808438366003,
            661.5176363817931,
            0.0
          ],
          [
            906.311548761385,
            666.8611799727337,
            0.0
          ],
          [
            905.871438669765,
            672.0709226299174,
            0.0
          ],
          [
            905.2472190312052,
            677.2761131708168,
            0.0
          ],
          [
            904.426374419038,
            682.5722557209233,
            0.0
          ],
          [
            903.4321750423629,
            687.7574946797162,
            0.0
          ],
          [
            902.265181164708,
            692.8920166020537,
            0.0
          ],
          [
            900.9137900000438,
            698.0114468601173,
            0.0
          ],
          [
            899.3898531423243,
            703.0720824699262,
            0.0
          ],
          [
            897.6568948147233,
            708.172159300588,
            0.0
          ],
          [
            895.7834007728891,
            713.0914065388704,
            0.0
          ],
          [
            893.7427427235681,
            717.9734405093279,
            0.0
          ],
          [
            891.5509341998686,
            722.7160015420368,
            0.0
          ],
          [
            889.1595813187895,
            727.4639919913216,
            0.0
          ],
          [
            886.553852325894,
            732.223434037962,
            0.0
          ],
          [
            883.8494145288022,
            736.7672188671612,
            0.0
          ],
          [
            881.0135974742483,
            741.1742187435799,
            0.0
          ],
          [
            878.0247131664333,
            745.4934297212402,
            0.0
          ],
          [
            874.7983355570984,
            749.813196456327,
            0.0
          ],
          [
            871.518951950218,
            753.9111844225461,
            0.0
          ],
          [
            868.0949829254563,
            757.8936049785158,
            0.0
          ],
          [
            864.5032014700627,
            761.7931267744855,
            0.0
          ],
          [
            860.7625628417846,
            765.5752091973114,
            0.0
          ],
          [
            856.9515549839066,
            769.1776187574256,
            0.0
          ],
          [
            852.8866472925446,
            772.7549271594686,
            0.0
          ],
          [
            848.8865439971081,
            776.0362910464282,
            0.0
          ],
          [
            844.6479011236403,
            779.2753633353076,
            0.0
          ],
          [
            840.2772831400127,
            782.3731196438237,
            0.0
          ],
          [
            835.9111146368095,
            785.2598395997335,
            0.0
          ],
          [
            831.4367352072543,
            787.9854639826268,
            0.0
          ],
          [
            826.758011738142,
            790.6311271186256,
            0.0
          ],
          [
            822.1565807532337,
            793.0162348765157,
            0.0
          ],
          [
            817.2501170404331,
            795.3498573483528,
            0.0
          ],
          [
            812.3977296823547,
            797.4569001542513,
            0.0
          ],
          [
            807.4389442017421,
            799.3993828295329,
            0.0
          ],
          [
            802.4930005763279,
            801.1485930584923,
            0.0
          ],
          [
            797.4479543752468,
            802.7350221776993,
            0.0
          ],
          [
            792.3662010539956,
            804.1424974222422,
            0.0
          ],
          [
            787.1577592623025,
            805.3987085237512,
            0.0
          ],
          [
            782.0559015725468,
            806.4290424928843,
            0.0
          ],
          [
            776.7512263379675,
            807.3197840670505,
            0.0
          ],
          [
            771.527423181645,
            808.0062719919925,
            0.0
          ],
          [
            766.284131133752,
            808.5183230941474,
            0.0
          ],
          [
            761.015544658573,
            808.8452969945707,
            0.0
          ],
          [
            755.6555029905649,
            808.9881379450351,
            0.0
          ],
          [
            750.5850275563492,
            808.9798023366313,
            0.0
          ],
          [
            745.5624618662991,
            808.9593589770153,
            0.0
          ],
          [
            740.6214987651565,
            808.9297126883017,
            0.0
          ],
          [
            735.5804765950502,
            808.9090642407666,
            0.0
          ],
          [
            730.6217821193667,
            808.8798687855914,
            0.0
          ],
          [
            725.6190119126841,
            808.8996366851559,
            0.0
          ],
          [
            720.7292531178776,
            808.9384783303589,
            0.0
          ],
          [
            715.7492804301211,
            808.9795444972449,
            0.0
          ]
        ],
        "type": "LineString"
      },
      "id": "road:337:section:0:lane:-5",
      "properties": {
        "lane_id": "road:337:section:0:lane:-5",
        "road_id": "337",
        "speed_limit_mps": 13.89
      },
      "type": "Feature"
    },
    {
      "geometry": {
        "coordinates": [
          [
            909.5993344589232,
            601.1923077393147,
            0.0
          ],
          [
            909.6513738621716,
            606.1843726617401,
            0.0
          ],
          [
            909.70341326542,
            611.1764375841656,
            0.0
          ],
          [
            909.7554526686683,
            616.1685025065909,
            0.0
          ],
          [
            909.8074920719168,
            621.1605674290163,
            0.0
          ],
          [
            909.8595314751652,
            626.1526323514418,
            0.0
          ],
          [
            909.9115708784136,
            631.1446972738671,
            0.0
          ],
          [
            909.963610281662,
            636.1367621962925,
            0.0
          ],
          [
            910.0156496849104,
            641.1288271187179,
            0.0
          ],
          [
            910.0676890881588,
            646.1208920411433,
            0.0
          ],
          [
            910.1197284914072,
            651.1129569635686,
            0.0
          ],
          [
            910.1674309979836,
            656.1236884459425,
            0.0
          ],
          [
            910.0791720308719,
            661.6258022043274,
            0.0
          ],
          [
            909.802288991029,
            667.1156060899971,
            0.0
          ],
          [
            909.3531002725297,
            672.4287389009753,
            0.0
          ],
          [
            908.7164929366253,
            677.738864258521,
            0.0
          ],
          [
            907.8730951627621,
            683.180627412229,
            0.0
          ],
          [
            906.8576952075575,
            688.4756949288422,
            0.0
          ],
          [
            905.6677930911661,
            693.7119142041511,
            0.0
          ],
          [
            904.2874711031044,
            698.9432600467873,
            0.0
          ],
          [
            902.7315217817888,
            704.112875775064,
            0.0
          ],
          [
            900.948401665493,
            709.3621099934052,
            0.0
          ],
          [
            899.0346241004974,
            714.3873798696206,
            0.0
          ],
          [
            896.9438788142388,
            719.3886181409366,
            0.0
          ],
          [
            894.7116474744278,
            724.2192951248161,
            0.0
          ],
          [
            892.2626894748172,
            729.082855719989,
            0.0
          ],
          [
            889.5747542531994,
            733.9909609954939,
            0.0
          ],
          [
            886.8117055027345,
            738.6313090435634,
            0.0
          ],
          [
            883.924545572161,
            743.1175100679206,
            0.0
          ],
          [
            880.8784887130923,
            747.5197478426838,
            0.0
          ],
          [
            877.556334068112,
            751.9680616988067,
            0.0
          ],
          [
            874.2087907552867,
            756.1505520124578,
            0.0
          ],
          [
            870.7111178453965,
            760.2186508018641,
            0.0
          ],
          [
            867.0334369362878,
            764.2113716929039,
            0.0
          ],
          [
            863.2015718517163,
            768.0854352926009,
            0.0
          ],
          [
            859.3204334947937,
            771.7541308572725,
            0.0
          ],
          [
            855.1324485657411,
            775.4393966864532,
            0.0
          ],
          [
            851.0797885705031,
            778.7638684039515,
            0.0
          ],
          [
            846.7348375004277,
            782.0851136016554,
            0.0
          ],
          [
            842.2439696839415,
            785.2683129081722,
            0.0
          ],
          [
            837.7906273652989,
            788.2123693461452,
            0.0
          ],
          [
            833.2254582725501,
            790.9938638555957,
            0.0
          ],
          [
            828.4116223495978,
            793.7158591889488,
            0.0
          ],
          [
            823.7444288031865,
            796.1353274641542,
            0.0
          ],
          [
            818.6830166449023,
            798.5431000142821,
            0.0
          ],
          [
            813.726184108509,
            800.6949873732174,
            0.0
          ],
          [
            808.6473170360085,
            802.6841712692054,
            0.0
          ],
          [
            803.607081336144,
            804.4665478593611,
            0.0
          ],
          [
            798.4464485502709,
            806.0895727261995,
            0.0
          ],
          [
            793.247740643804,
            807.5296626015034,
            0.0
          ],
          [
            787.8911008059118,
            808.8210191730666,
            0.0
          ],
          [
            782.7048469192657,
            809.8683549150076,
            0.0
          ],
          [
            777.250416993562,
            810.7840024044777,
            0.0
          ],
          [
            771.9218025424435,
            811.4839817153272,
            0.0
          ],
          [
            766.573804032129,
            812.0063152976859,
            0.0
          ],
          [
            761.1949018511353,
            812.3406984017737,
            0.0
          ],
          [
            755.6879014770523,
            812.4879879901189,
            0.0
          ],
          [
            750.5730364922786,
            812.4797817957685,
            0.0
          ],
          [
            745.5362091679145,
            812.4592605178915,
            0.0
          ],
          [
            740.6146079157288,
            812.4297059048943,
            0.0
          ],
          [
            735.5531628937043,
            812.4089576622466,
            0.0
          ],
          [
            730.625520067696,
            812.379866789554,
            0.0
          ],
          [
            725.6182946740905,
            812.3996366116658,
            0.0
          ],
          [
            720.7677643960847,
            812.438266449867,
            0.0
          ],
          [
            715.7849928429723,
            812.4793622958694,
            0.0
          ]
        ],
        "type": "LineString"
      },
      "id": "road:337:section:0:lane:-6",
      "properties": {
        "lane_id": "road:337:section:0:lane:-6",
        "road_id": "337",
        "speed_limit_mps": 13.89
      },
      "type": "Feature"
    },
    {
      "geometry": {
        "coordinates": [
          [
            898.0368818233438,
            498.11132394832873,
            0.0
          ],
          [
            898.0757707670851,
            503.0178067871169,
            0.0
          ],
          [
            898.1178947624438,
            507.9197887437228,
            0.0
          ],
          [
            898.1692703202694,
            512.8261567231273,
            0.0
          ],
          [
            898.2206458780951,
            517.7325247025318,
            0.0
          ],
          [
            898.2720214359207,
            522.6388926819363,
            0.0
          ],
          [
            898.3233969937463,
            527.5452606613409,
            0.0
          ],
          [
            898.3747725515719,
            532.4516286407454,
            0.0
          ],
          [
            898.4261481093976,
            537.35799662015,
            0.0
          ],
          [
            898.4775236672232,
            542.2643645995545,
            0.0
          ],
          [
            898.5288992250488,
            547.170732578959,
            0.0
          ],
          [
            898.5802747828744,
            552.0771005583636,
            0.0
          ],
          [
            898.6316503407,
            556.9834685377681,
            0.0
          ],
          [
            898.6830258985257,
            561.8898365171726,
            0.0
          ],
          [
            898.7344014563513,
            566.7962044965772,
            0.0
          ],
          [
            898.7857770141769,
            571.7025724759817,
            0.0
          ],
          [
            898.8371525720025,
            576.6089404553862,
            0.0
          ],
          [
            898.8885281298282,
            581.5153084347908,
            0.0
          ],
          [
            898.9399036876538,
            586.4216764141953,
            0.0
          ]
        ],
        "type": "LineString"
      },
      "id": "road:338:section:0:lane:-3",
      "properties": {
        "lane_id": "road:338:section:0:lane:-3",
        "road_id": "338",
        "speed_limit_mps": 13.89
      },
      "type": "Feature"
    },
    {
      "geometry": {
        "coordinates": [
          [
            901.5367718900316,
            498.0835837049861,
            0.0
          ],
          [
            901.5756608337729,
            502.9900665437743,
            0.0
          ],
          [
            901.6177028976892,
            507.8831415546033,
            0.0
          ],
          [
            901.6690784555149,
            512.7895095340078,
            0.0
          ],
          [
            901.7204540133405,
            517.6958775134124,
            0.0
          ],
          [
            901.7718295711661,
            522.6022454928169,
            0.0
          ],
          [
            901.8232051289917,
            527.5086134722214,
            0.0
          ],
          [
            901.8745806868174,
            532.414981451626,
            0.0
          ],
          [
            901.925956244643,
            537.3213494310305,
            0.0
          ],
          [
            901.9773318024686,
            542.227717410435,
            0.0
          ],
          [
            902.0287073602942,
            547.1340853898396,
            0.0
          ],
          [
            902.0800829181198,
            552.0404533692441,
            0.0
          ],
          [
            902.1314584759455,
            556.9468213486487,
            0.0
          ],
          [
            902.1828340337711,
            561.8531893280532,
            0.0
          ],
          [
            902.2342095915967,
            566.7595573074577,
            0.0
          ],
          [
            902.2855851494223,
            571.6659252868623,
            0.0
          ],
          [
            902.336960707248,
            576.5722932662668,
            0.0
          ],
          [
            902.3883362650736,
            581.4786612456713,
            0.0
          ],
          [
            902.4397118228992,
            586.3850292250759,
            0.0
          ]
        ],
        "type": "LineString"
      },
      "id": "road:338:section:0:lane:-4",
      "properties": {
        "lane_id": "road:338:section:0:lane:-4",
        "road_id": "338",
        "speed_limit_mps": 13.89
      },
      "type": "Feature"
    },
    {
      "geometry": {
        "coordinates": [
          [
            905.0366619567193,
            498.0558434616435,
            0.0
          ],
          [
            905.0755509004606,
            502.9623263004317,
            0.0
          ],
          [
            905.1175110329345,
            507.84649436548386,
            0.0
          ],
          [
            905.1688865907602,
            512.7528623448884,
            0.0
          ],
          [
            905.2202621485858,
            517.6592303242929,
            0.0
          ],
          [
            905.2716377064114,
            522.5655983036975,
            0.0
          ],
          [
            905.323013264237,
            527.471966283102,
            0.0
          ],
          [
            905.3743888220627,
            532.3783342625065,
            0.0
          ],
          [
            905.4257643798883,
            537.2847022419111,
            0.0
          ],
          [
            905.4771399377139,
            542.1910702213156,
            0.0
          ],
          [
            905.5285154955395,
            547.0974382007201,
            0.0
          ],
          [
            905.5798910533651,
            552.0038061801247,
            0.0
          ],
          [
            905.6312666111908,
            556.9101741595292,
            0.0
          ],
          [
            905.6826421690164,
            561.8165421389338,
            0.0
          ],
          [
            905.734017726842,
            566.7229101183383,
            0.0
          ],
          [
            905.7853932846676,
            571.6292780977428,
            0.0
          ],
          [
            905.8367688424933,
            576.5356460771474,
            0.0
          ],
          [
            905.8881444003189,
            581.4420140565519,
            0.0
          ],
          [
            905.9395199581445,
            586.3483820359564,
            0.0
          ]
        ],
        "type": "LineString"
      },
      "id": "road:338:section:0:lane:-5",
      "properties": {
        "lane_id": "road:338:section:0:lane:-5",
        "road_id": "338",
        "speed_limit_mps": 13.89
      },
      "type": "Feature"
    },
    {
      "geometry": {
        "coordinates": [
          [
            908.536552023407,
            498.02810321830094,
            0.0
          ],
          [
            908.5754409671483,
            502.9345860570891,
            0.0
          ],
          [
            908.61731916818,
            507.8098471763644,
            0.0
          ],
          [
            908.6686947260056,
            512.716215155769,
            0.0
          ],
          [
            908.7200702838312,
            517.6225831351735,
            0.0
          ],
          [
            908.7714458416568,
            522.528951114578,
            0.0
          ],
          [
            908.8228213994825,
            527.4353190939826,
            0.0
          ],
          [
            908.8741969573081,
            532.3416870733871,
            0.0
          ],
          [
            908.9255725151337,
            537.2480550527916,
            0.0
          ],
          [
            908.9769480729593,
            542.1544230321962,
            0.0
          ],
          [
            909.0283236307849,
            547.0607910116007,
            0.0
          ],
          [
            909.0796991886106,
            551.9671589910052,
            0.0
          ],
          [
            909.1310747464362,
            556.8735269704098,
            0.0
          ],
          [
            909.1824503042618,
            561.7798949498143,
            0.0
          ],
          [
            909.2338258620874,
            566.6862629292189,
            0.0
          ],
          [
            909.285201419913,
            571.5926309086234,
            0.0
          ],
          [
            909.3365769777387,
            576.4989988880279,
            0.0
          ],
          [
            909.3879525355643,
            581.4053668674325,
            0.0
          ],
          [
            909.4393280933899,
            586.311734846837,
            0.0
          ]
        ],
        "type": "LineString"
      },
      "id": "road:338:section:0:lane:-6",
      "properties": {
        "lane_id": "road:338:section:0:lane:-6",
        "road_id": "338",
        "speed_limit_mps": 13.89
      },
      "type": "Feature"
    },
    {
      "geometry": {
        "coordinates": [
          [
            896.8792104770548,
            442.2503952047153,
            0.0
          ],
          [
            897.4868142353288,
            446.89256607240543,
            0.0
          ],
          [
            897.68406521223,
            451.509277332983,
            0.0
          ],
          [
            897.7189561778168,
            456.0241709901505,
            0.0
          ],
          [
            897.7538471434035,
            460.53906464731796,
            0.0
          ],
          [
            897.7887381089903,
            465.05395830448543,
            0.0
          ],
          [
            897.8236290745771,
            469.5688519616529,
            0.0
          ],
          [
            897.8585200401639,
            474.0837456188204,
            0.0
          ],
          [
            897.8934110057506,
            478.59863927598786,
            0.0
          ],
          [
            897.9283019713373,
            483.11353293315534,
            0.0
          ]
        ],
        "type": "LineString"
      },
      "id": "road:339:section:0:lane:-3",
      "properties": {
        "lane_id": "road:339:section:0:lane:-3",
        "road_id": "339",
        "speed_limit_mps": 13.89
      },
      "type": "Feature"
    },
    {
      "geometry": {
        "coordinates": [
          [
            900.3315942511643,
            441.67502899414586,
            0.0
          ],
          [
            900.9752178342612,
            446.6078902375428,
            0.0
          ],
          [
            901.1839607042334,
            451.4822302434076,
            0.0
          ],
          [
            901.2188516698202,
            455.9971239005751,
            0.0
          ],
          [
            901.2537426354069,
            460.5120175577426,
            0.0
          ],
          [
            901.2886336009936,
            465.02691121491006,
            0.0
          ],
          [
            901.3235245665804,
            469.54180487207753,
            0.0
          ],
          [
            901.3584155321672,
            474.056698529245,
            0.0
          ],
          [
            901.393306497754,
            478.5715921864125,
            0.0
          ],
          [
            901.4281974633407,
            483.08648584357996,
            0.0
          ]
        ],
        "type": "LineString"
      },
      "id": "road:339:section:0:lane:-4",
      "properties": {
        "lane_id": "road:339:section:0:lane:-4",
        "road_id": "339",
        "speed_limit_mps": 13.89
      },
      "type": "Feature"
    },
    {
      "geometry": {
        "coordinates": [
          [
            903.7839780252739,
            441.09966278357643,
            0.0
          ],
          [
            904.4636214331938,
            446.3232144026801,
            0.0
          ],
          [
            904.6838561962368,
            451.45518315383225,
            0.0
          ],
          [
            904.7187471618236,
            455.97007681099973,
            0.0
          ],
          [
            904.7536381274102,
            460.4849704681672,
            0.0
          ],
          [
            904.788529092997,
            464.9998641253347,
            0.0
          ],
          [
            904.8234200585838,
            469.51475778250216,
            0.0
          ],
          [
            904.8583110241706,
            474.02965143966964,
            0.0
          ],
          [
            904.8932019897574,
            478.5445450968371,
            0.0
          ],
          [
            904.928092955344,
            483.0594387540046,
            0.0
          ]
        ],
        "type": "LineString"
      },
      "id": "road:339:section:0:lane:-5",
      "properties": {
        "lane_id": "road:339:section:0:lane:-5",
        "road_id": "339",
        "speed_limit_mps": 13.89
      },
      "type": "Feature"
    },
    {
      "geometry": {
        "coordinates": [
          [
            907.2363617993834,
            440.524296573007,
            0.0
          ],
          [
            907.9520250321262,
            446.0385385678174,
            0.0
          ],
          [
            908.1837516882401,
            451.4281360642568,
            0.0
          ],
          [
            908.2186426538269,
            455.9430297214243,
            0.0
          ],
          [
            908.2535336194136,
            460.4579233785918,
            0.0
          ],
          [
            908.2884245850004,
            464.97281703575925,
            0.0
          ],
          [
            908.3233155505872,
            469.4877106929267,
            0.0
          ],
          [
            908.3582065161739,
            474.0026043500942,
            0.0
          ],
          [
            908.3930974817607,
            478.5174980072617,
            0.0
          ],
          [
            908.4279884473474,
            483.03239166442916,
            0.0
          ]
        ],
        "type": "LineString"
      },
      "id": "road:339:section:0:lane:-6",
      "properties": {
        "lane_id": "road:339:section:0:lane:-6",
        "road_id": "339",
        "speed_limit_mps": 13.89
      },
      "type": "Feature"
    },
    {
      "geometry": {
        "coordinates": [
          [
            614.2846488412259,
            403.05035709705646,
            10.4600001
          ],
          [
            619.2389300051314,
            402.9607430332223,
            10.350847552714523
          ],
          [
            624.1925730444099,
            402.8811485906687,
            10.241812431967928
          ],
          [
            629.1217405599291,
            402.79281521887293,
            10.112795334981497
          ],
          [
            634.079119161698,
            402.7121880475468,
            9.975204184838546
          ],
          [
            638.9993245814145,
            402.6246999429783,
            9.826513597969608
          ],
          [
            643.9551236205897,
            402.5430824313588,
            9.670422730485122
          ],
          [
            648.8705325034393,
            402.45685054284223,
            9.502731871702931
          ],
          [
            653.8240588495298,
            402.3740076543581,
            9.331427979639173
          ],
          [
            658.7372372318905,
            402.2888972148417,
            9.147499647084697
          ],
          [
            663.689538471362,
            402.20494307085676,
            8.949434890025302
          ],
          [
            668.5997977610818,
            402.1217654603584,
            8.741275798272051
          ],
          [
            673.5536399684917,
            402.0358821334066,
            8.530031349841131
          ],
          [
            678.4665695713368,
            401.9538617206123,
            8.305665473481987
          ],
          [
            683.4199727543817,
            401.8668149354733,
            8.075771619730233
          ],
          [
            688.3369638252492,
            401.78605109724634,
            7.827961189662458
          ],
          [
            693.2906699034677,
            401.69783140509605,
            7.5789706396756245
          ],
          [
            698.2148401480077,
            401.6177884854633,
            7.311497398533425
          ],
          [
            703.1522509364969,
            401.5283590899661,
            7.034767351993982
          ],
          [
            708.1042287803436,
            401.44939392834004,
            6.7567952755343805
          ],
          [
            713.0460612071175,
            401.3601267862007,
            6.459304770679766
          ],
          [
            718.0049051058795,
            401.2804714131911,
            6.16123201419621
          ],
          [
            722.9418947671128,
            401.19161170952117,
            5.863785624330948
          ],
          [
            727.9010990041702,
            401.11151694796234,
            5.5665454411671496
          ],
          [
            732.8267946276133,
            401.0235233138088,
            5.269516278816159
          ],
          [
            737.7828445047323,
            400.94245837431026,
            4.972086158085023
          ],
          [
            742.7001360644101,
            400.8556512985718,
            4.685367089099178
          ],
          [
            747.6564748067349,
            400.77343439171426,
            4.388477710339836
          ],
          [
            752.5686200487509,
            400.6878711145474,
            4.091441512283229
          ],
          [
            757.5255341487751,
            400.60422415141846,
            3.793989708198022
          ],
          [
            762.4369959832517,
            400.519741252243,
            3.506298593414096
          ],
          [
            767.3926016422865,
            400.4349578758927,
            3.233917871582027
          ],
          [
            772.3037743208765,
            400.35157692242365,
            2.977183096708684
          ],
          [
            777.2595462201712,
            400.26569319280776,
            2.7183823795706
          ],
          [
            782.1722276165201,
            400.1833482599393,
            2.4807490270577484
          ],
          [
            787.1268914388729,
            400.0964625505745,
            2.2534784407627524
          ],
          [
            792.0421366139402,
            400.0151061353883,
            2.038654346746311
          ],
          [
            796.9968484771199,
            399.9272001876429,
            1.8298537385025007
          ],
          [
            801.9164872477256,
            399.846631028402,
            1.6314273301769815
          ],
          [
            806.8702125771556,
            399.75805369568417,
            1.4446017360202832
          ],
          [
            811.7928368711017,
            399.67777420396,
            1.2762002564114947
          ],
          [
            816.748993843277,
            399.58893488006345,
            1.116672868148373
          ],
          [
            821.6767742721923,
            399.5091100285037,
            0.958138109342762
          ],
          [
            826.6330679512957,
            399.4197746095225,
            0.8191767223996361
          ],
          [
            831.56973887262,
            399.34045592521454,
            0.6901264633936781
          ],
          [
            836.523414875692,
            399.2508314553646,
            0.5707555639776591
          ],
          [
            841.4589849434992,
            399.17170168138927,
            0.4612796208313899
          ],
          [
            846.4658958026996,
            399.11741266210845,
            0.36295533275108727
          ],
          [
            851.5404837781144,
            399.46991251623916,
            0.27896151104634737
          ],
          [
            856.5689010653911,
            400.31834362688625,
            0.19597417691911068
          ],
          [
            861.5186935251293,
            401.6559795817122,
            0.13334655406738966
          ],
          [
            866.3032040599732,
            403.4613908868717,
            0.08059705209379195
          ],
          [
            870.8577946617075,
            405.7183221402387,
            0.0396381704503471
          ],
          [
            875.2119533165178,
            408.44009126932093,
            0.015161758224904781
          ],
          [
            879.2646695774813,
            411.55258142284737,
            -0.00015687377271696385
          ],
          [
            882.9662039297461,
            415.0315388340243,
            0.0
          ]
        ],
        "type": "LineString"
      },
      "id": "road:340:section:0:lane:-3",
      "properties": {
        "lane_id": "road:340:section:0:lane:-3",
        "road_id": "340",
        "speed_limit_mps": 13.89
      },
      "type": "Feature"
    },
    {
      "geometry": {
        "coordinates": [
          [
            614.213956203678,
            399.5510710911695,
            10.4600001
          ],
          [
            619.1820914950274,
            399.46120458025894,
            10.350847552714523
          ],
          [
            624.1502532860445,
            399.3814044517277,
            10.241812431967928
          ],
          [
            629.0517545524053,
            399.2935150090094,
            10.112795334981497
          ],
          [
            634.0433756936638,
            399.2123705659497,
            9.975204184838546
          ],
          [
            638.9286065002524,
            399.12541445119615,
            9.826513597969608
          ],
          [
            643.9231167442177,
            399.0432287830094,
            9.670422730485122
          ],
          [
            648.80055066765,
            398.9575502495465,
            9.502731871702931
          ],
          [
            653.7937174673167,
            398.8741391710397,
            9.331427979639173
          ],
          [
            658.6673223236902,
            398.78959558371423,
            9.147499647084697
          ],
          [
            663.6603633610896,
            398.7050646711205,
            8.949434890025302
          ],
          [
            668.527468586518,
            398.62251289866657,
            8.741275798272051
          ],
          [
            673.5236208254092,
            398.5360108713387,
            8.530031349841131
          ],
          [
            678.3958233946031,
            398.4545767967346,
            8.305665473481987
          ],
          [
            683.3885923273497,
            398.36695561418634,
            8.075771619730233
          ],
          [
            688.268989102992,
            398.28671123991126,
            7.827961189662458
          ],
          [
            693.255451344094,
            398.19800860199933,
            7.5789706396756245
          ],
          [
            698.1502974809516,
            398.1183836440468,
            7.311497398533425
          ],
          [
            703.0794434320526,
            398.0291164480082,
            7.034767351993982
          ],
          [
            708.0458710749307,
            397.9498804795562,
            6.7567952755343805
          ],
          [
            712.9751707116042,
            397.8608447830398,
            6.459304770679766
          ],
          [
            717.9555931585145,
            397.7808188115966,
            6.16123201419621
          ],
          [
            722.8719512674285,
            397.6923106497591,
            5.863785624330948
          ],
          [
            727.8615133647553,
            397.6117408155287,
            5.5665454411671496
          ],
          [
            732.756707792979,
            397.5242251219408,
            5.269516278816159
          ],
          [
            737.7481206599705,
            397.44263062789116,
            4.972086158085023
          ],
          [
            742.6261704298848,
            397.35643294515205,
            4.685367089099178
          ],
          [
            747.6253691452573,
            397.27357261761176,
            4.388477710339836
          ],
          [
            752.4938924542884,
            397.1886689502497,
            4.091441512283229
          ],
          [
            757.4959449429452,
            397.10434922809645,
            3.793989708198022
          ],
          [
            762.363653319595,
            397.02050978609395,
            3.506298593414096
          ],
          [
            767.3630453229852,
            396.93508267469053,
            3.233917871582027
          ],
          [
            772.2304287744363,
            396.8523455166979,
            2.977183096708684
          ],
          [
            777.2301799725174,
            396.76581639161907,
            2.7183823795706
          ],
          [
            782.1010924276576,
            396.68407122247777,
            2.4807490270577484
          ],
          [
            787.095957811394,
            396.5965992517168,
            2.2534784407627524
          ],
          [
            791.9719556604175,
            396.5158098298773,
            2.038654346746311
          ],
          [
            796.964300552174,
            396.4273515291175,
            1.8298537385025007
          ],
          [
            801.8494787445891,
            396.34727253569116,
            1.6314273301769815
          ],
          [
            806.8343500285583,
            396.25823743227716,
            1.4446017360202832
          ],
          [
            811.722208340416,
            396.1784869035725,
            1.2762002564114947
          ],
          [
            816.707612362241,
            396.08917952103803,
            1.116672868148373
          ],
          [
            821.6066116214486,
            396.009813355965,
            0.958138109342762
          ],
          [
            826.584815362544,
            395.9201072413747,
            0.8191767223996361
          ],
          [
            831.4991933884662,
            395.8411669496274,
            0.6901264633936781
          ],
          [
            836.4662899453812,
            395.75129766608114,
            0.5707555639776591
          ],
          [
            841.3862889071639,
            395.67245672192996,
            0.4612796208313899
          ],
          [
            846.5169654855323,
            395.6177852694429,
            0.36295533275108727
          ],
          [
            851.9632451156019,
            395.9955387810855,
            0.27896151104634737
          ],
          [
            857.3129859016987,
            396.8983527268432,
            0.19597417691911068
          ],
          [
            862.5721051880961,
            398.3182672111917,
            0.13334655406738966
          ],
          [
            867.6916837759077,
            400.2485846246706,
            0.08059705209379195
          ],
          [
            872.5720062316769,
            402.66685057828977,
            0.0396381704503471
          ],
          [
            877.2253845729389,
            405.57720905454744,
            0.015161758224904781
          ],
          [
            881.5147862521584,
            408.8717280232113,
            -0.00015687377271696385
          ],
          [
            885.459077074234,
            412.5747963799825,
            0.0
          ]
        ],
        "type": "LineString"
      },
      "id": "road:340:section:0:lane:-4",
      "properties": {
        "lane_id": "road:340:section:0:lane:-4",
        "road_id": "340",
        "speed_limit_mps": 13.89
      },
      "type": "Feature"
    },
    {
      "geometry": {
        "coordinates": [
          [
            614.14326356613,
            396.0517850852825,
            10.4600001
          ],
          [
            619.1252529849236,
            395.9616661272956,
            10.350847552714523
          ],
          [
            624.1079335276792,
            395.8816603127867,
            10.241812431967928
          ],
          [
            628.9817685448816,
            395.7942147991459,
            10.112795334981497
          ],
          [
            634.0076322256295,
            395.7125530843525,
            9.975204184838546
          ],
          [
            638.8578884190903,
            395.6261289594141,
            9.826513597969608
          ],
          [
            643.8911098678459,
            395.5433751346599,
            9.670422730485122
          ],
          [
            648.7305688318606,
            395.45824995625077,
            9.502731871702931
          ],
          [
            653.7633760851035,
            395.3742706877213,
            9.331427979639173
          ],
          [
            658.5974074154899,
            395.29029395258675,
            9.147499647084697
          ],
          [
            663.6311882508172,
            395.2051862713842,
            8.949434890025302
          ],
          [
            668.4551394119541,
            395.12326033697474,
            8.741275798272051
          ],
          [
            673.4936016823268,
            395.03613960927083,
            8.530031349841131
          ],
          [
            678.3250772178694,
            394.95529187285695,
            8.305665473481987
          ],
          [
            683.3572119003177,
            394.86709629289936,
            8.075771619730233
          ],
          [
            688.2010143807348,
            394.78737138257617,
            7.827961189662458
          ],
          [
            693.2202327847203,
            394.6981857989026,
            7.5789706396756245
          ],
          [
            698.0857548138955,
            394.6189788026303,
            7.311497398533425
          ],
          [
            703.0066359276083,
            394.5298738060503,
            7.034767351993982
          ],
          [
            707.9875133695178,
            394.4503670307724,
            6.7567952755343805
          ],
          [
            712.9042802160909,
            394.36156277987885,
            6.459304770679766
          ],
          [
            717.9062812111496,
            394.2811662100021,
            6.16123201419621
          ],
          [
            722.8020077677442,
            394.193009589997,
            5.863785624330948
          ],
          [
            727.8219277253404,
            394.1119646830951,
            5.5665454411671496
          ],
          [
            732.6866209583446,
            394.02492693007275,
            5.269516278816159
          ],
          [
            737.7133968152086,
            393.94280288147206,
            4.972086158085023
          ],
          [
            742.5522047953597,
            393.8572145917324,
            4.685367089099178
          ],
          [
            747.5942634837799,
            393.77371084350926,
            4.388477710339836
          ],
          [
            752.4191648598259,
            393.68946678595194,
            4.091441512283229
          ],
          [
            757.4663557371154,
            393.60447430477444,
            3.793989708198022
          ],
          [
            762.2903106559382,
            393.5212783199449,
            3.506298593414096
          ],
          [
            767.3334890036837,
            393.4352074734885,
            3.233917871582027
          ],
          [
            772.1570832279959,
            393.3531141109721,
            2.977183096708684
          ],
          [
            777.2008137248636,
            393.2659395904304,
            2.7183823795706
          ],
          [
            782.0299572387952,
            393.18479418501624,
            2.4807490270577484
          ],
          [
            787.065024183915,
            393.0967359528591,
            2.2534784407627524
          ],
          [
            791.9017747068949,
            393.01651352436636,
            2.038654346746311
          ],
          [
            796.931752627228,
            392.9275028705922,
            1.8298537385025007
          ],
          [
            801.7824702414524,
            392.84791404298034,
            1.6314273301769815
          ],
          [
            806.7984874799611,
            392.75842116887014,
            1.4446017360202832
          ],
          [
            811.6515798097304,
            392.679199603185,
            1.2762002564114947
          ],
          [
            816.6662308812049,
            392.5894241620126,
            1.116672868148373
          ],
          [
            821.5364489707048,
            392.51051668342626,
            0.958138109342762
          ],
          [
            826.5365627737923,
            392.4204398732268,
            0.8191767223996361
          ],
          [
            831.4286479043125,
            392.3418779740403,
            0.6901264633936781
          ],
          [
            836.4091650150704,
            392.2517638767976,
            0.5707555639776591
          ],
          [
            841.3135928708286,
            392.1732117624707,
            0.4612796208313899
          ],
          [
            846.5680351683651,
            392.1181578767773,
            0.36295533275108727
          ],
          [
            852.3860064530894,
            392.52116504593175,
            0.27896151104634737
          ],
          [
            858.0570707380062,
            393.47836182680015,
            0.19597417691911068
          ],
          [
            863.6255168510629,
            394.98055484067123,
            0.13334655406738966
          ],
          [
            869.0801634918422,
            397.03577836246956,
            0.08059705209379195
          ],
          [
            874.2862178016463,
            399.61537901634085,
            0.0396381704503471
          ],
          [
            879.23881582936,
            402.7143268397739,
            0.015161758224904781
          ],
          [
            883.7649029268354,
            406.1908746235752,
            -0.00015687377271696385
          ],
          [
            887.9519502187218,
            410.1180539259407,
            0.0
          ]
        ],
        "type": "LineString"
      },
      "id": "road:340:section:0:lane:-5",
      "properties": {
        "lane_id": "road:340:section:0:lane:-5",
        "road_id": "340",
        "speed_limit_mps": 13.89
      },
      "type": "Feature"
    },
    {
      "geometry": {
        "coordinates": [
          [
            614.072570928582,
            392.55249907939555,
            10.4600001
          ],
          [
            619.0684144748196,
            392.46212767433224,
            10.350847552714523
          ],
          [
            624.0656137693138,
            392.3819161738457,
            10.241812431967928
          ],
          [
            628.9117825373578,
            392.29491458928237,
            10.112795334981497
          ],
          [
            633.9718887575953,
            392.2127356027554,
            9.975204184838546
          ],
          [
            638.7871703379282,
            392.12684346763194,
            9.826513597969608
          ],
          [
            643.859102991474,
            392.0435214863105,
            9.670422730485122
          ],
          [
            648.6605869960713,
            391.95894966295504,
            9.502731871702931
          ],
          [
            653.7330347028902,
            391.87440220440294,
            9.331427979639173
          ],
          [
            658.5274925072895,
            391.79099232145927,
            9.147499647084697
          ],
          [
            663.6020131405448,
            391.7053078716479,
            8.949434890025302
          ],
          [
            668.3828102373902,
            391.6240077752829,
            8.741275798272051
          ],
          [
            673.4635825392443,
            391.53626834720296,
            8.530031349841131
          ],
          [
            678.2543310411356,
            391.4560069489793,
            8.305665473481987
          ],
          [
            683.3258314732857,
            391.3672369716124,
            8.075771619730233
          ],
          [
            688.1330396584776,
            391.2880315252411,
            7.827961189662458
          ],
          [
            693.1850142253468,
            391.19836299580595,
            7.5789706396756245
          ],
          [
            698.0212121468393,
            391.1195739612138,
            7.311497398533425
          ],
          [
            702.933828423164,
            391.03063116409237,
            7.034767351993982
          ],
          [
            707.9291556641049,
            390.95085358198855,
            6.7567952755343805
          ],
          [
            712.8333897205775,
            390.86228077671797,
            6.459304770679766
          ],
          [
            717.8569692637847,
            390.78151360840764,
            6.16123201419621
          ],
          [
            722.7320642680598,
            390.69370853023497,
            5.863785624330948
          ],
          [
            727.7823420859254,
            390.6121885506615,
            5.5665454411671496
          ],
          [
            732.6165341237103,
            390.5256287382047,
            5.269516278816159
          ],
          [
            737.6786729704468,
            390.44297513505296,
            4.972086158085023
          ],
          [
            742.4782391608345,
            390.3579962383127,
            4.685367089099178
          ],
          [
            747.5631578223023,
            390.2738490694067,
            4.388477710339836
          ],
          [
            752.3444372653634,
            390.19026462165425,
            4.091441512283229
          ],
          [
            757.4367665312855,
            390.10459938145243,
            3.793989708198022
          ],
          [
            762.2169679922816,
            390.0220468537958,
            3.506298593414096
          ],
          [
            767.3039326843822,
            389.93533227228636,
            3.233917871582027
          ],
          [
            772.0837376815557,
            389.8538827052464,
            2.977183096708684
          ],
          [
            777.1714474772099,
            389.7660627892417,
            2.7183823795706
          ],
          [
            781.9588220499327,
            389.6855171475547,
            2.4807490270577484
          ],
          [
            787.034090556436,
            389.5968726540014,
            2.2534784407627524
          ],
          [
            791.8315937533722,
            389.5172172188554,
            2.038654346746311
          ],
          [
            796.8992047022821,
            389.42765421206684,
            1.8298537385025007
          ],
          [
            801.7154617383159,
            389.3485555502695,
            1.6314273301769815
          ],
          [
            806.7626249313637,
            389.2586049054632,
            1.4446017360202832
          ],
          [
            811.5809512790447,
            389.1799123027975,
            1.2762002564114947
          ],
          [
            816.624849400169,
            389.08966880298715,
            1.116672868148373
          ],
          [
            821.4662863199609,
            389.01122001088754,
            0.958138109342762
          ],
          [
            826.4883101850405,
            388.920772505079,
            0.8191767223996361
          ],
          [
            831.3581024201587,
            388.8425889984532,
            0.6901264633936781
          ],
          [
            836.3520400847596,
            388.75223008751414,
            0.5707555639776591
          ],
          [
            841.2408968344934,
            388.6739668030114,
            0.4612796208313899
          ],
          [
            846.6191048511979,
            388.6185304841117,
            0.36295533275108727
          ],
          [
            852.8087677905768,
            389.0467913107781,
            0.27896151104634737
          ],
          [
            858.8011555743137,
            390.05837092675716,
            0.19597417691911068
          ],
          [
            864.6789285140298,
            391.64284247015075,
            0.13334655406738966
          ],
          [
            870.4686432077767,
            393.8229721002685,
            0.08059705209379195
          ],
          [
            876.0004293716158,
            396.5639074543919,
            0.0396381704503471
          ],
          [
            881.252247085781,
            399.8514446250004,
            0.015161758224904781
          ],
          [
            886.0150196015124,
            403.51002122393913,
            -0.00015687377271696385
          ],
          [
            890.4448233632097,
            407.6613114718989,
            0.0
          ]
        ],
        "type": "LineString"
      },
      "id": "road:340:section:0:lane:-6",
      "properties": {
        "lane_id": "road:340:section:0:lane:-6",
        "road_id": "340",
        "speed_limit_mps": 13.89
      },
      "type": "Feature"
    },
    {
      "geometry": {
        "coordinates": [
          [
            433.39,
            403.9,
            9.81
          ],
          [
            438.3310399175638,
            403.90000000252246,
            9.88919287074745
          ],
          [
            443.2429959135714,
            403.89,
            9.977259918271429
          ],
          [
            448.1954154497412,
            403.8798698051485,
            10.057774250861991
          ],
          [
            453.0598402520829,
            403.8767100997083,
            10.14359280376505
          ],
          [
            457.9838158695129,
            403.8573321185223,
            10.225574932390593
          ],
          [
            462.9088221262504,
            403.83761031393993,
            10.313122783476938
          ],
          [
            467.83459744410476,
            403.81776656780664,
            10.395327769116069
          ],
          [
            472.76022632141877,
            403.79803026297947,
            10.482757565958087
          ],
          [
            477.6863654163814,
            403.77826168222276,
            10.564378629632172
          ],
          [
            482.61275310329586,
            403.7584240871075,
            10.652387359223587
          ],
          [
            487.53963891646896,
            403.73865860088375,
            10.733578228433004
          ],
          [
            492.46657001376354,
            403.71878551608825,
            10.812957066975358
          ],
          [
            497.3943893878061,
            403.69900108504,
            10.881423025601853
          ],
          [
            502.32284451353377,
            403.6791996494424,
            10.931197965642774
          ],
          [
            507.25074933684425,
            403.6593069277626,
            10.971124547064237
          ],
          [
            512.1803301334535,
            403.63948021240253,
            10.990578999406925
          ],
          [
            517.1107011502518,
            403.6196362686292,
            11.0
          ],
          [
            522.0397657575323,
            403.59971782069704,
            11.0
          ],
          [
            526.9713915845432,
            403.5798437961297,
            11.0
          ],
          [
            531.8987953869629,
            403.5598622395834,
            11.0
          ],
          [
            536.8261211048077,
            403.5398793563799,
            11.0
          ],
          [
            541.7534325533604,
            403.51989567524504,
            11.0
          ],
          [
            546.6808005004451,
            403.49991193134423,
            11.0
          ],
          [
            551.6081988236182,
            403.47992771677616,
            11.0
          ],
          [
            556.5385073677957,
            403.4599834057164,
            11.0
          ],
          [
            561.4660194877292,
            403.4399969399542,
            11.0
          ],
          [
            566.3935568093013,
            403.42000998334595,
            11.00000004912047
          ],
          [
            571.3300002100001,
            403.4,
            10.980000001295862
          ]
        ],
        "type": "LineString"
      },
      "id": "road:341:section:0:lane:-3",
      "properties": {
        "lane_id": "road:341:section:0:lane:-3",
        "road_id": "341",
        "speed_limit_mps": 13.89
      },
      "type": "Feature"
    },
    {
      "geometry": {
        "coordinates": [
          [
            433.39,
            400.4,
            9.81
          ],
          [
            438.3310397988389,
            400.40000000252246,
            9.88919287074745
          ],
          [
            443.2429959135714,
            400.39,
            9.977259918271429
          ],
          [
            448.19919852977495,
            400.3798718496769,
            10.057774250861991
          ],
          [
            453.02059675760734,
            400.3769301140319,
            10.14359280376505
          ],
          [
            457.94456186200273,
            400.35755225074575,
            10.225574932390593
          ],
          [
            462.8701812175409,
            400.33782362327236,
            10.313122783476938
          ],
          [
            467.79635324414573,
            400.31797551959113,
            10.395327769116069
          ],
          [
            472.72275160131016,
            400.29823089082214,
            10.482757565958087
          ],
          [
            477.64929290038197,
            400.27845802650756,
            10.564378629632172
          ],
          [
            482.5767181349665,
            400.25860959472976,
            10.652387359223587
          ],
          [
            487.50467823373833,
            400.2388332122875,
            10.733578228433004
          ],
          [
            492.43226687805424,
            400.21895362085667,
            10.812957066975358
          ],
          [
            497.361413532298,
            400.1991564323513,
            10.881423025601853
          ],
          [
            502.29133986763463,
            400.17934144413084,
            10.931197965642774
          ],
          [
            507.22017670927374,
            400.15944045681783,
            10.971124547064237
          ],
          [
            512.1515400748934,
            400.1395986240444,
            10.990578999406925
          ],
          [
            517.0839397399086,
            400.1197385805651,
            11.0
          ],
          [
            522.0142761900822,
            400.09981063879195,
            11.0
          ],
          [
            526.9481484410808,
            400.0799209746546,
            11.0
          ],
          [
            531.8761829786733,
            400.05993528620405,
            11.0
          ],
          [
            536.8039204996613,
            400.0399497666408,
            11.0
          ],
          [
            541.7315781486976,
            400.01996390662487,
            11.0
          ],
          [
            546.6593688951812,
            399.99997754820276,
            11.0
          ],
          [
            551.5872063241566,
            399.9799906723472,
            11.0
          ],
          [
            556.5192126385599,
            399.9600365899171,
            11.0
          ],
          [
            561.4472219525645,
            399.94004741850796,
            11.0
          ],
          [
            566.3752672563688,
            399.9200577704931,
            11.00000004912047
          ],
          [
            571.3300002100001,
            399.9,
            10.980000001295862
          ]
        ],
        "type": "LineString"
      },
      "id": "road:341:section:0:lane:-4",
      "properties": {
        "lane_id": "road:341:section:0:lane:-4",
        "road_id": "341",
        "speed_limit_mps": 13.89
      },
      "type": "Feature"
    },
    {
      "geometry": {
        "coordinates": [
          [
            433.39,
            396.9,
            9.81
          ],
          [
            438.331039680114,
            396.90000000252246,
            9.88919287074745
          ],
          [
            443.2429959135714,
            396.89,
            9.977259918271429
          ],
          [
            448.2029816098087,
            396.8798738942052,
            10.057774250861991
          ],
          [
            452.9813532631318,
            396.8771501283554,
            10.14359280376505
          ],
          [
            457.9053078544925,
            396.85777238296913,
            10.225574932390593
          ],
          [
            462.83154030883145,
            396.8380369326047,
            10.313122783476938
          ],
          [
            467.7581090441867,
            396.8181844713756,
            10.395327769116069
          ],
          [
            472.6852768812016,
            396.7984315186648,
            10.482757565958087
          ],
          [
            477.6122203843825,
            396.77865437079237,
            10.564378629632172
          ],
          [
            482.54068316663717,
            396.758795102352,
            10.652387359223587
          ],
          [
            487.4697175510077,
            396.7390078236912,
            10.733578228433004
          ],
          [
            492.3979637423449,
            396.71912172562503,
            10.812957066975358
          ],
          [
            497.32843767679,
            396.69931177966265,
            10.881423025601853
          ],
          [
            502.2598352217355,
            396.6794832388193,
            10.931197965642774
          ],
          [
            507.18960408170324,
            396.65957398587307,
            10.971124547064237
          ],
          [
            512.1227500163334,
            396.6397170356863,
            10.990578999406925
          ],
          [
            517.0571783295654,
            396.61984089250103,
            11.0
          ],
          [
            521.9887866226321,
            396.59990345688675,
            11.0
          ],
          [
            526.9249052976184,
            396.57999815317953,
            11.0
          ],
          [
            531.8535705703838,
            396.5600083328247,
            11.0
          ],
          [
            536.7817198945149,
            396.54002017690175,
            11.0
          ],
          [
            541.7097237440348,
            396.52003213800464,
            11.0
          ],
          [
            546.6379372899172,
            396.5000431650613,
            11.0
          ],
          [
            551.566213824695,
            396.48005362791815,
            11.0
          ],
          [
            556.499917909324,
            396.46008977411776,
            11.0
          ],
          [
            561.4284244173998,
            396.4400978970617,
            11.0
          ],
          [
            566.3569777034362,
            396.4201055576402,
            11.00000004912047
          ],
          [
            571.3300002100001,
            396.4,
            10.980000001295862
          ]
        ],
        "type": "LineString"
      },
      "id": "road:341:section:0:lane:-5",
      "properties": {
        "lane_id": "road:341:section:0:lane:-5",
        "road_id": "341",
        "speed_limit_mps": 13.89
      },
      "type": "Feature"
    },
    {
      "geometry": {
        "coordinates": [
          [
            433.39,
            393.4,
            9.81
          ],
          [
            438.33103956138905,
            393.40000000252246,
            9.88919287074745
          ],
          [
            443.2429959135714,
            393.39,
            9.977259918271429
          ],
          [
            448.2067646898425,
            393.3798759387336,
            10.057774250861991
          ],
          [
            452.94210976865617,
            393.377370142679,
            10.14359280376505
          ],
          [
            457.8660538469823,
            393.35799251519256,
            10.225574932390593
          ],
          [
            462.79289940012194,
            393.33825024193715,
            10.313122783476938
          ],
          [
            467.7198648442277,
            393.3183934231601,
            10.395327769116069
          ],
          [
            472.647802161093,
            393.2986321465075,
            10.482757565958087
          ],
          [
            477.575147868383,
            393.27885071507717,
            10.564378629632172
          ],
          [
            482.50464819830785,
            393.25898060997423,
            10.652387359223587
          ],
          [
            487.4347568682771,
            393.23918243509496,
            10.733578228433004
          ],
          [
            492.3636606066356,
            393.2192898303934,
            10.812957066975358
          ],
          [
            497.2954618212819,
            393.19946712697396,
            10.881423025601853
          ],
          [
            502.22833057583637,
            393.1796250335077,
            10.931197965642774
          ],
          [
            507.1590314541327,
            393.15970751492824,
            10.971124547064237
          ],
          [
            512.0939599577732,
            393.1398354473282,
            10.990578999406925
          ],
          [
            517.0304169192223,
            393.11994320443694,
            11.0
          ],
          [
            521.9632970551819,
            393.09999627498166,
            11.0
          ],
          [
            526.9016621541559,
            393.08007533170445,
            11.0
          ],
          [
            531.8309581620944,
            393.06008137944536,
            11.0
          ],
          [
            536.7595192893685,
            393.0400905871627,
            11.0
          ],
          [
            541.687869339372,
            393.02010036938447,
            11.0
          ],
          [
            546.6165056846534,
            393.00010878191983,
            11.0
          ],
          [
            551.5452213252335,
            392.9801165834892,
            11.0
          ],
          [
            556.4806231800883,
            392.96014295831844,
            11.0
          ],
          [
            561.4096268822351,
            392.9401483756155,
            11.0
          ],
          [
            566.3386881505037,
            392.92015334478737,
            11.00000004912047
          ],
          [
            571.3300002100001,
            392.9,
            10.980000001295862
          ]
        ],
        "type": "LineString"
      },
      "id": "road:341:section:0:lane:-6",
      "properties": {
        "lane_id": "road:341:section:0:lane:-6",
        "road_id": "341",
        "speed_limit_mps": 13.89
      },
      "type": "Feature"
    },
    {
      "geometry": {
        "coordinates": [
          [
            817.1399292001631,
            551.6042585128971,
            0.0
          ],
          [
            817.1827863295404,
            556.3685442275838,
            0.0
          ],
          [
            817.2256434589176,
            561.1328299422705,
            0.0
          ],
          [
            817.2685005882948,
            565.8971156569572,
            0.0
          ],
          [
            817.3113577176721,
            570.6614013716439,
            0.0
          ],
          [
            817.3542148470493,
            575.4256870863306,
            0.0
          ],
          [
            817.3970719764266,
            580.1899728010173,
            0.0
          ],
          [
            817.4399291058038,
            584.954258515704,
            0.0
          ]
        ],
        "type": "LineString"
      },
      "id": "road:342:section:0:lane:-1",
      "properties": {
        "lane_id": "road:342:section:0:lane:-1",
        "road_id": "342",
        "speed_limit_mps": 13.89
      },
      "type": "Feature"
    },
    {
      "geometry": {
        "coordinates": [
          [
            137.840974945,
            404.18999978000016,
            0.0
          ],
          [
            142.81120273618706,
            404.2203603209315,
            0.0
          ],
          [
            147.84312071894917,
            404.2551049810558,
            0.01
          ],
          [
            152.83744629270885,
            404.2802818655952,
            0.02709812152564164
          ],
          [
            157.8347254307965,
            404.2697191427783,
            0.0497265168374788
          ],
          [
            162.82673328085463,
            404.2705524617572,
            0.08667395161545642
          ],
          [
            167.80129177115384,
            404.26,
            0.13688173499334277
          ],
          [
            172.8174066267316,
            404.2497584096132,
            0.18714808348495987
          ],
          [
            177.8091778411678,
            404.25054883108714,
            0.24675057291629177
          ],
          [
            182.78164374173076,
            404.24,
            0.32443287483461547
          ],
          [
            187.79964687757507,
            404.229805497525,
            0.40564573862630915
          ],
          [
            192.79058435253813,
            404.2305376876367,
            0.4952209013652955
          ],
          [
            197.7619951523077,
            404.22,
            0.595039903046154
          ],
          [
            202.78122366004493,
            404.209842383518,
            0.7040387152813569
          ],
          [
            207.7709954421487,
            404.21050337570836,
            0.8156623521743589
          ],
          [
            212.74234656288462,
            404.2,
            0.9434703968865384
          ],
          [
            217.76168508284445,
            404.1898765449304,
            1.0850668240340957
          ],
          [
            222.750819931404,
            404.19046989275716,
            1.2249969151346736
          ],
          [
            227.72269853346154,
            404.18,
            1.3746272280404417
          ],
          [
            232.7389994000695,
            404.1699999992841,
            1.544661596566843
          ],
          [
            237.7294662719961,
            404.1704286575848,
            1.7148268383505012
          ],
          [
            242.70304938403848,
            404.16,
            1.894121975361539
          ],
          [
            247.7175704356235,
            404.14999999960156,
            2.0854701727785563
          ],
          [
            252.7058917879689,
            404.15035398005693,
            2.285968859860884
          ],
          [
            257.6834013546154,
            404.14,
            2.495336054184616
          ],
          [
            262.6951921213726,
            404.1299999994355,
            2.7160365406897458
          ],
          [
            267.682065507653,
            404.13028579399355,
            2.936832111401994
          ],
          [
            272.66375332519226,
            404.12,
            3.1761491573765026
          ],
          [
            277.67160570826456,
            404.1099999996601,
            3.4170684458650564
          ],
          [
            282.65685318726105,
            404.11020850655353,
            3.6773514432969265
          ],
          [
            287.64410417576926,
            404.1,
            3.9277052087884616
          ],
          [
            292.6448718445192,
            404.0900000003725,
            4.188736466326681
          ],
          [
            297.63027075081595,
            404.0901185107571,
            4.448876556365552
          ],
          [
            302.62445558634613,
            404.08,
            4.709222779317309
          ],
          [
            307.62080719809745,
            404.069999999966,
            4.969540902924466
          ],
          [
            312.60517010749294,
            404.07005148911077,
            5.2296392154681115
          ],
          [
            317.6048075569231,
            404.06,
            5.489088453415386
          ],
          [
            322.60107739468503,
            404.0499999999671,
            5.739510790306152
          ],
          [
            327.58542088604474,
            404.0500502975241,
            5.999686431471
          ],
          [
            332.58515950750007,
            404.04,
            6.259755530184264
          ],
          [
            337.58134740982484,
            404.0299999999682,
            6.519565256141604
          ],
          [
            342.5656714452055,
            404.0300491044047,
            6.779699842319636
          ],
          [
            347.5655114680769,
            404.02,
            7.039775573403848
          ],
          [
            352.55920738934424,
            404.0100000004978,
            7.299960172029377
          ],
          [
            357.5459217869211,
            404.01004790979306,
            7.559683706847095
          ],
          [
            362.5458634386539,
            404.0,
            7.809793171932694
          ],
          [
            367.5394718188,
            403.98999999999916,
            8.069970967849128
          ],
          [
            372.5231085207244,
            403.9900124304909,
            8.330104378508029
          ],
          [
            377.52621540923076,
            403.98,
            8.559848616369232
          ],
          [
            382.5197361026577,
            403.97000000000014,
            8.759990764479733
          ],
          [
            387.50339297041967,
            403.9700110250617,
            8.940070288963659
          ],
          [
            392.5065673798077,
            403.96,
            9.079931347596155
          ],
          [
            397.50000019,
            403.95,
            9.200000002792834
          ]
        ],
        "type": "LineString"
      },
      "id": "road:343:section:0:lane:-3",
      "properties": {
        "lane_id": "road:343:section:0:lane:-3",
        "road_id": "343",
        "speed_limit_mps": 13.89
      },
      "type": "Feature"
    },
    {
      "geometry": {
        "coordinates": [
          [
            137.840976555,
            400.68999978000056,
            0.0
          ],
          [
            142.810564052062,
            400.7203603792054,
            0.0
          ],
          [
            147.88348161538377,
            400.75533770335875,
            0.01
          ],
          [
            152.83345278594808,
            400.7802841438954,
            0.02709812152564164
          ],
          [
            157.83877931027462,
            400.76972149048464,
            0.0497265168374788
          ],
          [
            162.82653547415538,
            400.7705524673468,
            0.08667395161545642
          ],
          [
            167.80129177115384,
            400.76,
            0.13688173499334277
          ],
          [
            172.82147304863673,
            400.7497607718693,
            0.18714808348495987
          ],
          [
            177.80808336894606,
            400.75054900221136,
            0.24675057291629177
          ],
          [
            182.78164374173076,
            400.74,
            0.32443287483461547
          ],
          [
            187.8036942310149,
            400.7298078376786,
            0.40564573862630915
          ],
          [
            192.78856154771503,
            400.7305382721709,
            0.4952209013652955
          ],
          [
            197.7619951523077,
            400.72,
            0.595039903046154
          ],
          [
            202.78515797309538,
            400.70984459477853,
            0.7040387152813569
          ],
          [
            207.76764652692782,
            400.71050497788485,
            0.8156623521743589
          ],
          [
            212.74234656288462,
            400.7,
            0.9434703968865384
          ],
          [
            217.765426241688,
            400.6898785443981,
            1.0850668240340957
          ],
          [
            222.74618874284405,
            400.6904729567453,
            1.2249969151346736
          ],
          [
            227.72269853346154,
            400.68,
            1.3746272280404417
          ],
          [
            232.73899944018467,
            400.6699999992841,
            1.544661596566843
          ],
          [
            237.72342812356268,
            400.67043386605104,
            1.7148268383505012
          ],
          [
            242.70304938403848,
            400.66,
            1.894121975361539
          ],
          [
            247.71757047315052,
            400.64999999960156,
            2.0854701727785563
          ],
          [
            252.69778336874748,
            400.6503633724213,
            2.285968859860884
          ],
          [
            257.6834013546154,
            400.64,
            2.495336054184616
          ],
          [
            262.6951921532217,
            400.6299999994355,
            2.7160365406897458
          ],
          [
            267.6720530569098,
            400.63030011533283,
            2.936832111401994
          ],
          [
            272.66375332519226,
            400.62,
            3.1761491573765026
          ],
          [
            277.67160573570993,
            400.6099999996601,
            3.4170684458650564
          ],
          [
            282.64461657373784,
            400.61022989729184,
            3.6773514432969265
          ],
          [
            287.64410417576926,
            400.6,
            3.9277052087884616
          ],
          [
            292.64487186630856,
            400.5900000003725,
            4.188736466326681
          ],
          [
            297.61550531611687,
            400.5901496563331,
            4.448876556365552
          ],
          [
            302.62445558634613,
            400.58,
            4.709222779317309
          ],
          [
            307.62080721300015,
            400.569999999966,
            4.969540902924466
          ],
          [
            312.58855143106206,
            400.5700909436769,
            5.2296392154681115
          ],
          [
            317.6048075569231,
            400.56,
            5.489088453415386
          ],
          [
            322.60107740949735,
            400.5499999999671,
            5.739510790306152
          ],
          [
            327.56876696144747,
            400.5500899196347,
            5.999686431471
          ],
          [
            332.58515950750007,
            400.54,
            6.259755530184264
          ],
          [
            337.5813474245466,
            400.5299999999682,
            6.519565256141604
          ],
          [
            342.5489822037239,
            400.5300888947425,
            6.779699842319636
          ],
          [
            347.5655114680769,
            400.52,
            7.039775573403848
          ],
          [
            352.55920740318646,
            400.5100000004978,
            7.299960172029377
          ],
          [
            357.52919715938566,
            400.5100878690449,
            7.559683706847095
          ],
          [
            362.5458634386539,
            400.5,
            7.809793171932694
          ],
          [
            367.53947183065293,
            400.48999999999916,
            8.069970967849128
          ],
          [
            372.5051320867019,
            400.4900585953925,
            8.330104378508029
          ],
          [
            377.52621540923076,
            400.48,
            8.559848616369232
          ],
          [
            382.5197361144123,
            400.47000000000014,
            8.759990764479733
          ],
          [
            387.48545454139145,
            400.47005699496873,
            8.940070288963659
          ],
          [
            392.5065673798077,
            400.46,
            9.079931347596155
          ],
          [
            397.50000019,
            400.45,
            9.200000002792834
          ]
        ],
        "type": "LineString"
      },
      "id": "road:343:section:0:lane:-4",
      "properties": {
        "lane_id": "road:343:section:0:lane:-4",
        "road_id": "343",
        "speed_limit_mps": 13.89
      },
      "type": "Feature"
    },
    {
      "geometry": {
        "coordinates": [
          [
            137.840978165,
            397.1899997800009,
            0.0
          ],
          [
            142.80992536793698,
            397.2203604374793,
            0.0
          ],
          [
            147.92384251181838,
            397.25557042566174,
            0.01
          ],
          [
            152.82945927918732,
            397.2802864221956,
            0.02709812152564164
          ],
          [
            157.84283318975272,
            397.269723838191,
            0.0497265168374788
          ],
          [
            162.8263376674561,
            397.27055247293646,
            0.08667395161545642
          ],
          [
            167.80129177115384,
            397.26,
            0.13688173499334277
          ],
          [
            172.82553947054188,
            397.24976313412543,
            0.18714808348495987
          ],
          [
            177.8069888967243,
            397.25054917333557,
            0.24675057291629177
          ],
          [
            182.78164374173076,
            397.24,
            0.32443287483461547
          ],
          [
            187.80774158445476,
            397.22981017783223,
            0.40564573862630915
          ],
          [
            192.7865387428919,
            397.23053885670515,
            0.4952209013652955
          ],
          [
            197.7619951523077,
            397.22,
            0.595039903046154
          ],
          [
            202.7890922861458,
            397.20984680603914,
            0.7040387152813569
          ],
          [
            207.76429761170692,
            397.2105065800614,
            0.8156623521743589
          ],
          [
            212.74234656288462,
            397.2,
            0.9434703968865384
          ],
          [
            217.7691674005316,
            397.18988054386574,
            1.0850668240340957
          ],
          [
            222.74155755428407,
            397.1904760207334,
            1.2249969151346736
          ],
          [
            227.72269853346154,
            397.18,
            1.3746272280404417
          ],
          [
            232.73899948029984,
            397.1699999992841,
            1.544661596566843
          ],
          [
            237.7173899751293,
            397.1704390745173,
            1.7148268383505012
          ],
          [
            242.70304938403848,
            397.16,
            1.894121975361539
          ],
          [
            247.71757051067752,
            397.14999999960156,
            2.0854701727785563
          ],
          [
            252.68967494952605,
            397.15037276478563,
            2.285968859860884
          ],
          [
            257.6834013546154,
            397.14,
            2.495336054184616
          ],
          [
            262.69519218507077,
            397.1299999994355,
            2.7160365406897458
          ],
          [
            267.6620406061666,
            397.1303144366721,
            2.936832111401994
          ],
          [
            272.66375332519226,
            397.12,
            3.1761491573765026
          ],
          [
            277.6716057631553,
            397.1099999996601,
            3.4170684458650564
          ],
          [
            282.6323799602147,
            397.1102512880301,
            3.6773514432969265
          ],
          [
            287.64410417576926,
            397.1,
            3.9277052087884616
          ],
          [
            292.64487188809795,
            397.0900000003725,
            4.188736466326681
          ],
          [
            297.6007398814178,
            397.09018080190907,
            4.448876556365552
          ],
          [
            302.62445558634613,
            397.08,
            4.709222779317309
          ],
          [
            307.6208072279028,
            397.069999999966,
            4.969540902924466
          ],
          [
            312.5719327546312,
            397.07013039824307,
            5.2296392154681115
          ],
          [
            317.6048075569231,
            397.06,
            5.489088453415386
          ],
          [
            322.60107742430966,
            397.0499999999671,
            5.739510790306152
          ],
          [
            327.55211303685013,
            397.0501295417453,
            5.999686431471
          ],
          [
            332.58515950750007,
            397.04,
            6.259755530184264
          ],
          [
            337.58134743926837,
            397.0299999999682,
            6.519565256141604
          ],
          [
            342.53229296224225,
            397.0301286850803,
            6.779699842319636
          ],
          [
            347.5655114680769,
            397.02,
            7.039775573403848
          ],
          [
            352.5592074170287,
            397.0100000004978,
            7.299960172029377
          ],
          [
            357.5124725318503,
            397.0101278282968,
            7.559683706847095
          ],
          [
            362.5458634386539,
            397.0,
            7.809793171932694
          ],
          [
            367.5394718425058,
            396.98999999999916,
            8.069970967849128
          ],
          [
            372.4871556526794,
            396.9901047602941,
            8.330104378508029
          ],
          [
            377.52621540923076,
            396.98,
            8.559848616369232
          ],
          [
            382.51973612616695,
            396.97000000000014,
            8.759990764479733
          ],
          [
            387.4675161123632,
            396.97010296487576,
            8.940070288963659
          ],
          [
            392.5065673798077,
            396.96,
            9.079931347596155
          ],
          [
            397.50000019,
            396.95,
            9.200000002792834
          ]
        ],
        "type": "LineString"
      },
      "id": "road:343:section:0:lane:-5",
      "properties": {
        "lane_id": "road:343:section:0:lane:-5",
        "road_id": "343",
        "speed_limit_mps": 13.89
      },
      "type": "Feature"
    },
    {
      "geometry": {
        "coordinates": [
          [
            137.840979775,
            393.6899997800013,
            0.0
          ],
          [
            142.80928668381196,
            393.72036049575325,
            0.0
          ],
          [
            147.96420340825298,
            393.7558031479647,
            0.01
          ],
          [
            152.82546577242655,
            393.7802887004958,
            0.02709812152564164
          ],
          [
            157.84688706923083,
            393.7697261858973,
            0.0497265168374788
          ],
          [
            162.82613986075685,
            393.7705524785261,
            0.08667395161545642
          ],
          [
            167.80129177115384,
            393.76,
            0.13688173499334277
          ],
          [
            172.829605892447,
            393.74976549638154,
            0.18714808348495987
          ],
          [
            177.80589442450255,
            393.7505493444598,
            0.24675057291629177
          ],
          [
            182.78164374173076,
            393.74,
            0.32443287483461547
          ],
          [
            187.8117889378946,
            393.72981251798586,
            0.40564573862630915
          ],
          [
            192.7845159380688,
            393.7305394412394,
            0.4952209013652955
          ],
          [
            197.7619951523077,
            393.72,
            0.595039903046154
          ],
          [
            202.79302659919625,
            393.7098490172997,
            0.7040387152813569
          ],
          [
            207.76094869648603,
            393.71050818223796,
            0.8156623521743589
          ],
          [
            212.74234656288462,
            393.7,
            0.9434703968865384
          ],
          [
            217.77290855937514,
            393.6898825433334,
            1.0850668240340957
          ],
          [
            222.73692636572412,
            393.6904790847215,
            1.2249969151346736
          ],
          [
            227.72269853346154,
            393.68,
            1.3746272280404417
          ],
          [
            232.73899952041498,
            393.6699999992841,
            1.544661596566843
          ],
          [
            237.71135182669587,
            393.6704442829835,
            1.7148268383505012
          ],
          [
            242.70304938403848,
            393.66,
            1.894121975361539
          ],
          [
            247.71757054820455,
            393.64999999960156,
            2.0854701727785563
          ],
          [
            252.68156653030465,
            393.65038215715,
            2.285968859860884
          ],
          [
            257.6834013546154,
            393.64,
            2.495336054184616
          ],
          [
            262.69519221691985,
            393.6299999994355,
            2.7160365406897458
          ],
          [
            267.6520281554234,
            393.6303287580114,
            2.936832111401994
          ],
          [
            272.66375332519226,
            393.62,
            3.1761491573765026
          ],
          [
            277.6716057906007,
            393.6099999996601,
            3.4170684458650564
          ],
          [
            282.62014334669146,
            393.6102726787684,
            3.6773514432969265
          ],
          [
            287.64410417576926,
            393.6,
            3.9277052087884616
          ],
          [
            292.64487190988734,
            393.5900000003725,
            4.188736466326681
          ],
          [
            297.5859744467187,
            393.59021194748505,
            4.448876556365552
          ],
          [
            302.62445558634613,
            393.58,
            4.709222779317309
          ],
          [
            307.6208072428054,
            393.569999999966,
            4.969540902924466
          ],
          [
            312.5553140782003,
            393.57016985280916,
            5.2296392154681115
          ],
          [
            317.6048075569231,
            393.56,
            5.489088453415386
          ],
          [
            322.601077439122,
            393.5499999999671,
            5.739510790306152
          ],
          [
            327.53545911225285,
            393.55016916385597,
            5.999686431471
          ],
          [
            332.58515950750007,
            393.54,
            6.259755530184264
          ],
          [
            337.5813474539901,
            393.5299999999682,
            6.519565256141604
          ],
          [
            342.5156037207606,
            393.53016847541807,
            6.779699842319636
          ],
          [
            347.5655114680769,
            393.52,
            7.039775573403848
          ],
          [
            352.5592074308709,
            393.5100000004978,
            7.299960172029377
          ],
          [
            357.4957479043149,
            393.51016778754865,
            7.559683706847095
          ],
          [
            362.5458634386539,
            393.5,
            7.809793171932694
          ],
          [
            367.5394718543587,
            393.48999999999916,
            8.069970967849128
          ],
          [
            372.4691792186569,
            393.49015092519573,
            8.330104378508029
          ],
          [
            377.52621540923076,
            393.48,
            8.559848616369232
          ],
          [
            382.51973613792154,
            393.47000000000014,
            8.759990764479733
          ],
          [
            387.449577683335,
            393.4701489347828,
            8.940070288963659
          ],
          [
            392.5065673798077,
            393.46,
            9.079931347596155
          ],
          [
            397.50000019,
            393.45,
            9.200000002792834
          ]
        ],
        "type": "LineString"
      },
      "id": "road:343:section:0:lane:-6",
      "properties": {
        "lane_id": "road:343:section:0:lane:-6",
        "road_id": "343",
        "speed_limit_mps": 13.89
      },
      "type": "Feature"
    },
    {
      "geometry": {
        "coordinates": [
          [
            700.4442850982191,
            802.092773260103,
            0.0
          ],
          [
            695.5076349922832,
            802.1303487530186,
            0.0
          ],
          [
            690.5843735668204,
            802.1614368940488,
            0.0
          ],
          [
            685.645947236894,
            802.2024008261023,
            0.0
          ],
          [
            680.6725551951266,
            802.245623110685,
            0.0
          ],
          [
            675.7332310231623,
            802.2852093225217,
            0.0
          ],
          [
            670.7903723886202,
            802.3356410722374,
            0.0
          ],
          [
            665.8492367414196,
            802.3756472441452,
            0.0
          ],
          [
            660.906077263756,
            802.3985069685992,
            0.0
          ],
          [
            655.910218324431,
            802.2788209964637,
            0.0
          ],
          [
            650.9218141495476,
            802.0153874166706,
            0.0
          ],
          [
            645.938703815985,
            801.5755896796746,
            0.0
          ],
          [
            640.9745055993061,
            800.9908667870764,
            0.0
          ],
          [
            636.028622442698,
            800.2522895255807,
            0.0
          ],
          [
            631.1081633849474,
            799.3474288533824,
            0.0
          ],
          [
            626.2144850062516,
            798.2959484696908,
            0.0
          ],
          [
            621.3453850200581,
            797.0805039387583,
            0.0
          ],
          [
            616.553792802394,
            795.7217511821572,
            0.0
          ],
          [
            611.7820607661331,
            794.2162646085637,
            0.0
          ],
          [
            607.0658756291745,
            792.5560613182649,
            0.0
          ],
          [
            602.4109287798766,
            790.7442722482714,
            0.0
          ],
          [
            597.8253141107067,
            788.8013555308572,
            0.0
          ],
          [
            593.2868055629075,
            786.6941905712373,
            0.0
          ],
          [
            588.8320375616107,
            784.4675216789467,
            0.0
          ],
          [
            584.4485729762607,
            782.09207824881,
            0.0
          ],
          [
            580.1413748229228,
            779.5794990317248,
            0.0
          ],
          [
            575.9103803898107,
            776.9353721110605,
            0.0
          ],
          [
            571.7531583276041,
            774.1506850622039,
            0.0
          ],
          [
            567.6950498601358,
            771.2401435873104,
            0.0
          ],
          [
            563.7301595648256,
            768.2035952843847,
            0.0
          ],
          [
            559.8650230810464,
            765.0410464997868,
            0.0
          ],
          [
            556.0733927188405,
            761.7403030632435,
            0.0
          ],
          [
            552.4220486678776,
            758.350676337501,
            0.0
          ],
          [
            548.8590121687729,
            754.8243969624015,
            0.0
          ],
          [
            545.4201871117156,
            751.19955819624,
            0.0
          ],
          [
            542.0997551153391,
            747.4661863129935,
            0.0
          ],
          [
            538.8950540717949,
            743.6333749693781,
            0.0
          ],
          [
            535.7995659668459,
            739.6914873650093,
            0.0
          ],
          [
            532.846011993771,
            735.6665467640937,
            0.0
          ],
          [
            530.0183795364169,
            731.5480337055494,
            0.0
          ],
          [
            527.3223636428218,
            727.3484215309492,
            0.0
          ],
          [
            524.7688322880922,
            723.0641946099826,
            0.0
          ],
          [
            522.3439123066846,
            718.7069093619657,
            0.0
          ],
          [
            520.0589907440811,
            714.2610097610286,
            0.0
          ]
        ],
        "type": "LineString"
      },
      "id": "road:344:section:0:lane:-3",
      "properties": {
        "lane_id": "road:344:section:0:lane:-3",
        "road_id": "344",
        "speed_limit_mps": 13.89
      },
      "type": "Feature"
    },
    {
      "geometry": {
        "coordinates": [
          [
            700.4796368546573,
            805.5925947203086,
            0.0
          ],
          [
            695.5057898987529,
            805.6303482666799,
            0.0
          ],
          [
            690.6161004373116,
            805.6612930919074,
            0.0
          ],
          [
            685.7047711970314,
            805.7019064685772,
            0.0
          ],
          [
            680.7078706981235,
            805.7454449368995,
            0.0
          ],
          [
            675.7721578101665,
            805.7849928451491,
            0.0
          ],
          [
            670.8257241318252,
            805.8354625325768,
            0.0
          ],
          [
            665.8845679134687,
            805.8754689122136,
            0.0
          ],
          [
            660.8740518690556,
            805.8983604475458,
            0.0
          ],
          [
            655.767648100234,
            805.7759160382336,
            0.0
          ],
          [
            650.6771512664834,
            805.5068255263399,
            0.0
          ],
          [
            645.5797000145882,
            805.0571290332628,
            0.0
          ],
          [
            640.5132135498507,
            804.4603349949016,
            0.0
          ],
          [
            635.4605371497166,
            803.7058788323598,
            0.0
          ],
          [
            630.4291571226449,
            802.7809329666396,
            0.0
          ],
          [
            625.4230309272203,
            801.7052886464382,
            0.0
          ],
          [
            620.4134265329225,
            800.4541449063563,
            0.0
          ],
          [
            615.55453915236,
            799.0760755765612,
            0.0
          ],
          [
            610.6693687250884,
            797.5346853808281,
            0.0
          ],
          [
            605.8447324697424,
            795.8361237237951,
            0.0
          ],
          [
            601.0876395700099,
            793.9844737338353,
            0.0
          ],
          [
            596.4233444744732,
            792.0082981775348,
            0.0
          ],
          [
            591.7574524558954,
            789.8423772038994,
            0.0
          ],
          [
            587.2169596677448,
            787.5726019350344,
            0.0
          ],
          [
            582.7345503687039,
            785.1436559556339,
            0.0
          ],
          [
            578.3333010948946,
            782.5763089012385,
            0.0
          ],
          [
            574.0127814907175,
            779.8763104678031,
            0.0
          ],
          [
            569.7482396813225,
            777.0195352189379,
            0.0
          ],
          [
            565.6046308960023,
            774.0473038168647,
            0.0
          ],
          [
            561.5593669318862,
            770.9490750866735,
            0.0
          ],
          [
            557.6182545045433,
            767.724706493832,
            0.0
          ],
          [
            553.7048658926582,
            764.3171384622658,
            0.0
          ],
          [
            550.0016652554833,
            760.8788662308846,
            0.0
          ],
          [
            546.3455334204069,
            757.2600538720487,
            0.0
          ],
          [
            542.8383981473977,
            753.5626844611118,
            0.0
          ],
          [
            539.4524839781212,
            749.755718039363,
            0.0
          ],
          [
            536.1831351704028,
            745.845951718843,
            0.0
          ],
          [
            533.0046701959501,
            741.7982758284837,
            0.0
          ],
          [
            529.9928614331659,
            737.6937448004284,
            0.0
          ],
          [
            527.1029603636521,
            733.484610852754,
            0.0
          ],
          [
            524.3508954915036,
            729.1978476651058,
            0.0
          ],
          [
            521.7433942134594,
            724.8239458584726,
            0.0
          ],
          [
            519.2665562256333,
            720.374206441198,
            0.0
          ],
          [
            516.9214766768147,
            715.8121401481028,
            0.0
          ]
        ],
        "type": "LineString"
      },
      "id": "road:344:section:0:lane:-4",
      "properties": {
        "lane_id": "road:344:section:0:lane:-4",
        "road_id": "344",
        "speed_limit_mps": 13.89
      },
      "type": "Feature"
    },
    {
      "geometry": {
        "coordinates": [
          [
            700.5149886110954,
            809.0924161805144,
            0.0
          ],
          [
            695.5039448052228,
            809.1303477803414,
            0.0
          ],
          [
            690.6478273078028,
            809.161149289766,
            0.0
          ],
          [
            685.7635951571688,
            809.2014121110522,
            0.0
          ],
          [
            680.7431862011205,
            809.2452667631142,
            0.0
          ],
          [
            675.8110845971706,
            809.2847763677763,
            0.0
          ],
          [
            670.8610758750301,
            809.3352839929163,
            0.0
          ],
          [
            665.9198990855178,
            809.3752905802821,
            0.0
          ],
          [
            660.8420264743553,
            809.3982139264923,
            0.0
          ],
          [
            655.6250778760373,
            809.2730110800037,
            0.0
          ],
          [
            650.4324883834192,
            808.9982636360091,
            0.0
          ],
          [
            645.2206962131914,
            808.5386683868509,
            0.0
          ],
          [
            640.0519215003952,
            807.9298032027266,
            0.0
          ],
          [
            634.8924518567354,
            807.1594681391388,
            0.0
          ],
          [
            629.7501508603424,
            806.2144370798968,
            0.0
          ],
          [
            624.6315768481892,
            805.1146288231859,
            0.0
          ],
          [
            619.4814680457868,
            803.8277858739543,
            0.0
          ],
          [
            614.555285502326,
            802.4303999709651,
            0.0
          ],
          [
            609.5566766840436,
            800.8531061530925,
            0.0
          ],
          [
            604.6235893103103,
            799.1161861293252,
            0.0
          ],
          [
            599.7643503601432,
            797.2246752193992,
            0.0
          ],
          [
            595.0213748382397,
            795.2152408242124,
            0.0
          ],
          [
            590.2280993488833,
            792.9905638365615,
            0.0
          ],
          [
            585.6018817738789,
            790.6776821911221,
            0.0
          ],
          [
            581.0205277611472,
            788.1952336624578,
            0.0
          ],
          [
            576.5252273668665,
            785.5731187707521,
            0.0
          ],
          [
            572.1151825916243,
            782.8172488245458,
            0.0
          ],
          [
            567.7433210350408,
            779.8883853756718,
            0.0
          ],
          [
            563.5142119318687,
            776.8544640464188,
            0.0
          ],
          [
            559.3885742989467,
            773.6945548889622,
            0.0
          ],
          [
            555.3714859280403,
            770.4083664878772,
            0.0
          ],
          [
            551.3363390664757,
            766.893973861288,
            0.0
          ],
          [
            547.5812818430891,
            763.4070561242683,
            0.0
          ],
          [
            543.832054672041,
            759.6957107816961,
            0.0
          ],
          [
            540.25660918308,
            755.9258107259835,
            0.0
          ],
          [
            536.8052128409032,
            752.0452497657326,
            0.0
          ],
          [
            533.4712162690108,
            748.0585284683078,
            0.0
          ],
          [
            530.2097744250543,
            743.9050642919582,
            0.0
          ],
          [
            527.1397108725608,
            739.720942836763,
            0.0
          ],
          [
            524.1875411908871,
            735.4211879999586,
            0.0
          ],
          [
            521.3794273401853,
            731.0472737992624,
            0.0
          ],
          [
            518.7179561388266,
            726.5836971069626,
            0.0
          ],
          [
            516.189200144582,
            722.0415035204303,
            0.0
          ],
          [
            513.7839626095481,
            717.363270535177,
            0.0
          ]
        ],
        "type": "LineString"
      },
      "id": "road:344:section:0:lane:-5",
      "properties": {
        "lane_id": "road:344:section:0:lane:-5",
        "road_id": "344",
        "speed_limit_mps": 13.89
      },
      "type": "Feature"
    },
    {
      "geometry": {
        "coordinates": [
          [
            700.5503403675336,
            812.5922376407202,
            0.0
          ],
          [
            695.5020997116925,
            812.6303472940027,
            0.0
          ],
          [
            690.679554178294,
            812.6610054876245,
            0.0
          ],
          [
            685.8224191173061,
            812.700917753527,
            0.0
          ],
          [
            680.7785017041174,
            812.7450885893287,
            0.0
          ],
          [
            675.8500113841748,
            812.7845598904037,
            0.0
          ],
          [
            670.8964276182351,
            812.8351054532557,
            0.0
          ],
          [
            665.9552302575669,
            812.8751122483505,
            0.0
          ],
          [
            660.810001079655,
            812.898067405439,
            0.0
          ],
          [
            655.4825076518404,
            812.7701061217737,
            0.0
          ],
          [
            650.1878255003551,
            812.4897017456784,
            0.0
          ],
          [
            644.8616924117947,
            812.020207740439,
            0.0
          ],
          [
            639.5906294509398,
            811.3992714105517,
            0.0
          ],
          [
            634.3243665637541,
            810.6130574459178,
            0.0
          ],
          [
            629.07114459804,
            809.647941193154,
            0.0
          ],
          [
            623.8401227691579,
            808.5239689999333,
            0.0
          ],
          [
            618.5495095586512,
            807.2014268415523,
            0.0
          ],
          [
            613.5560318522921,
            805.7847243653691,
            0.0
          ],
          [
            608.443984642999,
            804.1715269253569,
            0.0
          ],
          [
            603.4024461508783,
            802.3962485348554,
            0.0
          ],
          [
            598.4410611502765,
            800.464876704963,
            0.0
          ],
          [
            593.6194052020062,
            798.4221834708899,
            0.0
          ],
          [
            588.6987462418713,
            796.1387504692236,
            0.0
          ],
          [
            583.986803880013,
            793.7827624472098,
            0.0
          ],
          [
            579.3065051535904,
            791.2468113692817,
            0.0
          ],
          [
            574.7171536388383,
            788.5699286402657,
            0.0
          ],
          [
            570.2175836925311,
            785.7581871812885,
            0.0
          ],
          [
            565.7384023887593,
            782.7572355324057,
            0.0
          ],
          [
            561.4237929677352,
            779.661624275973,
            0.0
          ],
          [
            557.2177816660072,
            776.4400346912511,
            0.0
          ],
          [
            553.1247173515374,
            773.0920264819224,
            0.0
          ],
          [
            548.9678122402934,
            769.4708092603104,
            0.0
          ],
          [
            545.1608984306949,
            765.9352460176518,
            0.0
          ],
          [
            541.318575923675,
            762.1313676913434,
            0.0
          ],
          [
            537.6748202187621,
            758.2889369908552,
            0.0
          ],
          [
            534.1579417036853,
            754.3347814921021,
            0.0
          ],
          [
            530.7592973676187,
            750.2711052177727,
            0.0
          ],
          [
            527.4148786541587,
            746.0118527554328,
            0.0
          ],
          [
            524.2865603119558,
            741.7481408730977,
            0.0
          ],
          [
            521.2721220181223,
            737.3577651471633,
            0.0
          ],
          [
            518.4079591888672,
            732.8966999334191,
            0.0
          ],
          [
            515.6925180641938,
            728.3434483554527,
            0.0
          ],
          [
            513.1118440635307,
            723.7088005996626,
            0.0
          ],
          [
            510.64644854228163,
            718.9144009222512,
            0.0
          ]
        ],
        "type": "LineString"
      },
      "id": "road:344:section:0:lane:-6",
      "properties": {
        "lane_id": "road:344:section:0:lane:-6",
        "road_id": "344",
        "speed_limit_mps": 13.89
      },
      "type": "Feature"
    },
    {
      "geometry": {
        "coordinates": [
          [
            480.66583870105467,
            298.0608483809889,
            0.0
          ],
          [
            477.6900762026465,
            294.25091128961986,
            0.0
          ],
          [
            474.40354192952003,
            290.72800640651366,
            0.0
          ],
          [
            470.84201008961435,
            287.5202328057749,
            0.0
          ],
          [
            467.00066261202437,
            284.62594603332263,
            0.009556681284872501
          ],
          [
            462.91952847969344,
            282.06950209032254,
            0.039640693329990914
          ],
          [
            458.6550754490363,
            279.8879718298582,
            0.0876751097258017
          ],
          [
            454.2022031511558,
            278.08052732207983,
            0.14666800545286185
          ],
          [
            449.62711736090944,
            276.6765749048249,
            0.22646122866245696
          ],
          [
            444.9196832707736,
            275.666416382801,
            0.3225214535270432
          ],
          [
            440.1647390175597,
            275.0765919343931,
            0.43204292720528453
          ],
          [
            435.37634719328446,
            274.89384853185203,
            0.5559911631434696
          ],
          [
            430.5210249760084,
            275.1178937578646,
            0.6975142220482675
          ],
          [
            425.67749781162144,
            275.4840241156324,
            0.8574832053511626
          ],
          [
            420.9177128223872,
            276.20307684982646,
            1.027414696238376
          ],
          [
            416.2502037171077,
            277.30269596465234,
            1.2159582116921661
          ],
          [
            411.6744155843154,
            278.7925969280313,
            1.424546483635816
          ],
          [
            407.22786486707895,
            280.67037745270153,
            1.6432262424100115
          ],
          [
            402.9536968457486,
            282.90348261521336,
            1.881532510956003
          ],
          [
            398.88830458177824,
            285.47731988386033,
            2.140035224950012
          ],
          [
            395.04355103449745,
            288.3851422793191,
            2.4079160643921047
          ],
          [
            391.4666887742297,
            291.60914808581697,
            2.6955964998353226
          ],
          [
            388.1561859471613,
            295.1109204667485,
            2.9930815271495956
          ],
          [
            385.16032449137015,
            298.8722119590991,
            3.3107911376271217
          ],
          [
            382.4807867331426,
            302.8838748763369,
            3.64625946813303
          ],
          [
            380.1452270406925,
            307.09586550548755,
            3.9925997188608284
          ],
          [
            378.17352459692324,
            311.4769533160728,
            4.360116428476918
          ],
          [
            376.5783503429923,
            315.9858113353539,
            4.743953367570572
          ],
          [
            375.34968032389475,
            320.65048256127534,
            5.139139197993011
          ],
          [
            374.5197938601991,
            325.3666244004951,
            5.555823369441822
          ],
          [
            374.08648425514383,
            330.13912021167744,
            5.971864714200595
          ],
          [
            374.0450805528104,
            334.95060690241263,
            6.391530095728416
          ],
          [
            374.4158707018092,
            339.7483161406385,
            6.792925351375402
          ],
          [
            375.17601128626114,
            344.48020305777465,
            7.16873688263423
          ],
          [
            376.35019061912135,
            349.16340178395836,
            7.509585691136546
          ],
          [
            377.89715573159486,
            353.6911406215895,
            7.816664974458457
          ],
          [
            379.82412618151466,
            358.0863835212464,
            8.091779282652013
          ],
          [
            382.143360636861,
            362.3338027051759,
            8.327955224513289
          ],
          [
            384.78189755438103,
            366.3304206972362,
            8.52576692254472
          ],
          [
            387.74910551778345,
            370.1112251142873,
            8.693060713011283
          ],
          [
            391.04010012790434,
            373.62446546891897,
            8.831327051517166
          ],
          [
            394.61507872452904,
            376.84771532123466,
            8.940805208539773
          ],
          [
            398.47884816237035,
            379.77716888110285,
            9.059999999520208
          ]
        ],
        "type": "LineString"
      },
      "id": "road:345:section:0:lane:-2",
      "properties": {
        "lane_id": "road:345:section:0:lane:-2",
        "road_id": "345",
        "speed_limit_mps": 13.89
      },
      "type": "Feature"
    },
    {
      "geometry": {
        "coordinates": [
          [
            462.528632084136,
            78.68716334660482,
            0.0
          ],
          [
            459.41962066186676,
            74.83505765463454,
            0.0
          ],
          [
            456.2088531764798,
            71.04512660382025,
            0.0
          ],
          [
            452.92921345487906,
            67.37857535405723,
            0.0
          ],
          [
            449.54853602179935,
            63.77358851139894,
            0.0
          ],
          [
            446.08179137510206,
            60.25572635743034,
            0.0
          ],
          [
            442.5428329300377,
            56.831443169737845,
            0.0
          ],
          [
            438.9153699209967,
            53.49757709461246,
            0.0
          ],
          [
            435.20206242863003,
            50.24913946801844,
            0.0
          ],
          [
            431.39556400764246,
            47.07884037262598,
            0.0
          ],
          [
            427.5060139486043,
            43.99940913830696,
            0.0
          ],
          [
            423.5432568927898,
            41.018346158596714,
            0.0
          ],
          [
            419.52200939989103,
            38.14780181795852,
            0.0
          ],
          [
            415.42020828473335,
            35.366141976737396,
            0.0
          ],
          [
            411.2783274077096,
            32.70023700998561,
            0.0
          ],
          [
            407.05702847469604,
            30.137578900289977,
            0.0
          ],
          [
            402.8037742511639,
            27.689266552395743,
            0.0
          ],
          [
            398.44613475156393,
            25.325495282654366,
            0.0
          ],
          [
            394.05834335877034,
            23.08651403253969,
            0.0
          ],
          [
            389.5940418764103,
            20.93497846296641,
            0.0
          ],
          [
            385.072567762232,
            18.899378149178077,
            0.0
          ],
          [
            380.50695285808905,
            16.979925237997772,
            0.0
          ],
          [
            375.89976546912317,
            15.168256693268974,
            0.0
          ],
          [
            371.2721049116149,
            13.485012197373003,
            0.0
          ],
          [
            366.587328210255,
            11.902478771738538,
            0.0
          ],
          [
            361.8760692929773,
            10.449624352996874,
            0.0
          ],
          [
            357.1393474168456,
            9.10772214350937,
            0.0
          ],
          [
            352.35201228969834,
            7.87799845663469,
            0.0
          ],
          [
            347.5442044048228,
            6.769058034223994,
            0.0
          ],
          [
            342.68492064685665,
            5.7759634187338325,
            0.0
          ],
          [
            337.8067631288051,
            4.91020000636448,
            0.0
          ],
          [
            332.90741878461006,
            4.158294582287834,
            0.0
          ],
          [
            327.993896286593,
            3.522258475552385,
            0.0
          ],
          [
            323.0912787420336,
            3.0210561565466154,
            0.0
          ],
          [
            318.1861621271828,
            2.6321833892965794,
            0.0
          ],
          [
            313.2293485678289,
            2.3640066456438857,
            0.0
          ],
          [
            308.3127653275365,
            2.2222239791597564,
            0.0
          ],
          [
            303.34612154951134,
            2.1869556875267753,
            0.0
          ],
          [
            298.3550038749173,
            2.166248107976516,
            0.0
          ],
          [
            293.3856061626037,
            2.1504157970010396,
            0.0
          ],
          [
            288.3933401601019,
            2.129540052849296,
            0.0
          ],
          [
            283.4016257363781,
            2.109598857774735,
            0.0
          ],
          [
            278.3880407683625,
            2.093325339447577,
            0.0
          ],
          [
            273.4179879487491,
            2.0805522912603127,
            0.0
          ],
          [
            268.4285597868955,
            2.0605350008724077,
            0.0
          ],
          [
            263.4449606753885,
            2.039868097805819,
            0.0
          ],
          [
            258.442967111376,
            2.020902954042253,
            0.0
          ],
          [
            253.4630564734201,
            2.0005422475578496,
            0.0
          ],
          [
            248.49005495489948,
            1.9902503112715237,
            0.0
          ],
          [
            243.50777607259604,
            1.970176679405975,
            0.0
          ],
          [
            238.5340550018001,
            1.9499964853991874,
            0.0
          ],
          [
            233.54478011892422,
            1.929996337566117,
            0.0
          ],
          [
            228.56697108302544,
            1.9099105369376221,
            0.0
          ],
          [
            223.58305837398856,
            1.8997544841458245,
            0.0
          ],
          [
            218.60082855298566,
            1.879599391317448,
            0.0
          ],
          [
            213.63170513168484,
            1.8600252342794419,
            0.0
          ],
          [
            208.6496427383347,
            1.8400411836341315,
            0.0
          ],
          [
            203.66163394307677,
            1.8196148662488831,
            0.0
          ],
          [
            198.66505553247615,
            1.8088707269738906,
            0.0
          ],
          [
            193.67995559264742,
            1.7886279672839587,
            0.0
          ],
          [
            188.7140050851739,
            1.7701337594551798,
            0.0
          ],
          [
            183.71114113789216,
            1.749999994588041,
            0.0
          ],
          [
            178.76735347777162,
            1.8048075276409177,
            0.0
          ],
          [
            173.83172768410117,
            1.9980056910039758,
            0.0
          ],
          [
            168.91787740841434,
            2.3178820553708857,
            0.0
          ],
          [
            164.01314034760193,
            2.778930034851442,
            0.0
          ],
          [
            159.10050766718425,
            3.364166480560118,
            0.0
          ],
          [
            154.19698860505093,
            4.094672139747946,
            0.0
          ],
          [
            149.31676101210897,
            4.958267399125031,
            0.0
          ],
          [
            144.46688229069431,
            5.945614011998895,
            0.0
          ],
          [
            139.6851738062025,
            7.061098867437606,
            0.0
          ],
          [
            134.90652220191996,
            8.315082742211654,
            0.0
          ],
          [
            130.18791380602002,
            9.687849062571374,
            0.0
          ],
          [
            125.48522454184692,
            11.195897443311956,
            0.0
          ],
          [
            120.8306995435435,
            12.82912094578051,
            0.0
          ],
          [
            116.21430678768711,
            14.588714505114162,
            0.0
          ],
          [
            111.63744428473669,
            16.4850240618618,
            0.0
          ],
          [
            107.11203747793944,
            18.503084098191376,
            0.0
          ],
          [
            102.65361467144501,
            20.63503087353449,
            0.0
          ],
          [
            98.27195718231663,
            22.890005344189095,
            0.0
          ],
          [
            93.93907058237332,
            25.254604222972503,
            0.0
          ],
          [
            89.69289196894775,
            27.737506133157108,
            0.0
          ],
          [
            85.50605243607113,
            30.334742822512666,
            0.0
          ],
          [
            81.38670619481942,
            33.05019163894391,
            0.0
          ],
          [
            77.33517134140821,
            35.87574636022133,
            0.0
          ],
          [
            73.3476383253946,
            38.82423878207697,
            0.0
          ],
          [
            69.44490667786823,
            41.878712817746745,
            0.0
          ],
          [
            65.63628571037037,
            45.033592426735694,
            0.0
          ],
          [
            61.92415742026053,
            48.28138234465469,
            0.0
          ],
          [
            58.316391852157196,
            51.609918814375675,
            0.0
          ],
          [
            54.781834029242816,
            55.062616143652804,
            0.0
          ],
          [
            51.3513275157612,
            58.5954427955644,
            0.0
          ],
          [
            48.01355141620868,
            62.22388438538007,
            0.0
          ],
          [
            44.76905494068866,
            65.94937123735936,
            0.0
          ],
          [
            41.61632228323123,
            69.77589871745569,
            0.0
          ],
          [
            38.583143668463855,
            73.67913573667295,
            0.0
          ],
          [
            35.645381678509175,
            77.66022312395728,
            0.0
          ],
          [
            32.826757963266644,
            81.72350099194307,
            0.0
          ],
          [
            30.123774218797468,
            85.84319754858498,
            0.0
          ],
          [
            27.549848584958387,
            90.02004431579297,
            0.0
          ],
          [
            25.06574698563645,
            94.28858613232798,
            0.0
          ],
          [
            22.71014009678396,
            98.62915524630682,
            0.0
          ],
          [
            20.470277657973284,
            103.02391279235756,
            0.0
          ],
          [
            18.33466359935865,
            107.49264414477389,
            0.0
          ],
          [
            16.33019860520062,
            112.0247957523882,
            0.0
          ],
          [
            14.452715402310238,
            116.59660461786581,
            0.0
          ],
          [
            12.701903741928067,
            121.22378246137004,
            0.0
          ],
          [
            11.082551089775425,
            125.86067891673449,
            0.0
          ],
          [
            9.59111519925592,
            130.55309233728417,
            0.0
          ],
          [
            8.222389087293347,
            135.29727336393051,
            0.0
          ],
          [
            6.984750231905746,
            140.06106435281106,
            0.0
          ],
          [
            5.8760788230641365,
            144.87339542991012,
            0.0
          ],
          [
            4.893927813811919,
            149.73460102410556,
            0.0
          ],
          [
            4.036794933910018,
            154.62212090811792,
            0.0
          ],
          [
            3.326424119677535,
            159.52098579411316,
            0.0
          ],
          [
            2.749534299246159,
            164.42030654446572,
            0.0
          ],
          [
            2.305723392869406,
            169.32333394501978,
            0.0
          ],
          [
            1.9936283690801115,
            174.23136228934342,
            0.0
          ],
          [
            1.8115754146153813,
            179.15201435901645,
            0.0
          ],
          [
            1.766934746613658,
            184.1194004296709,
            0.0
          ],
          [
            1.7544410666536194,
            189.12664363274675,
            0.0
          ],
          [
            1.7517065487105048,
            194.0470238654082,
            0.0
          ],
          [
            1.8028449247416005,
            199.0130357452125,
            0.0
          ],
          [
            1.9026039883522874,
            203.99711663388382,
            0.0
          ],
          [
            2.0453731670442874,
            208.98460424640433,
            0.0
          ],
          [
            2.1908717835700466,
            213.95576340187182,
            0.0
          ],
          [
            2.3440392581633587,
            218.95183634272703,
            0.0
          ],
          [
            2.4961939313203327,
            223.94324787893967,
            0.0
          ],
          [
            2.626858442830337,
            228.92551110465362,
            0.0
          ],
          [
            2.706064303546698,
            233.95098904377159,
            0.0
          ],
          [
            2.7471131530128305,
            238.940470886136,
            0.0
          ],
          [
            2.77792450506726,
            243.93206665326545,
            0.0
          ],
          [
            2.807061388331076,
            248.90111310013404,
            0.0
          ],
          [
            2.8380292815590966,
            253.8863366698999,
            0.0
          ],
          [
            2.8689971747871166,
            258.87156023966565,
            0.0
          ],
          [
            2.8999650680151365,
            263.85678380943153,
            0.0
          ],
          [
            2.9309329612431565,
            268.84200737919724,
            0.0
          ],
          [
            2.9619008544711765,
            273.827230948963,
            0.0
          ],
          [
            2.9928687476991964,
            278.8124545187289,
            0.0
          ],
          [
            3.0238366409272164,
            283.7976780884946,
            0.0
          ],
          [
            3.0548045341552363,
            288.78290165826036,
            0.0
          ],
          [
            3.0857724273832563,
            293.76812522802624,
            0.0
          ],
          [
            3.116740320611277,
            298.7533487977921,
            0.0
          ],
          [
            3.147708213839296,
            303.7385723675578,
            0.0
          ],
          [
            3.178676107067317,
            308.7237959373237,
            0.0
          ],
          [
            3.209644000295337,
            313.70901950708947,
            0.0
          ],
          [
            3.240611893523357,
            318.69424307685534,
            0.0
          ],
          [
            3.271579786751378,
            323.67946664662117,
            0.0
          ],
          [
            3.3043965220845637,
            328.6548607312651,
            0.0
          ],
          [
            3.515003069385722,
            333.51144681078284,
            0.0
          ],
          [
            4.032063650656294,
            338.32699740228514,
            0.0
          ],
          [
            4.881211494199659,
            343.1758237510298,
            0.0
          ],
          [
            6.020898155362051,
            347.9348419505069,
            0.0
          ],
          [
            7.456493206830384,
            352.55507058267096,
            0.0
          ],
          [
            9.180532307346526,
            357.08642911655136,
            0.0
          ],
          [
            11.218653190252443,
            361.5539759228683,
            0.0
          ],
          [
            13.527872548007156,
            365.8551370386479,
            0.0
          ],
          [
            16.09415205180501,
            369.9727773363553,
            0.0
          ],
          [
            18.905550648489996,
            373.91717800093767,
            0.0
          ],
          [
            21.997657097638445,
            377.70981187671487,
            0.0
          ],
          [
            25.33724038493088,
            381.3012165534546,
            0.0
          ],
          [
            28.846532171206363,
            384.6250700384164,
            0.0
          ],
          [
            32.57905275484098,
            387.7336018674554,
            0.0
          ],
          [
            36.524844248718324,
            390.6106109256801,
            0.0
          ],
          [
            40.66751989121099,
            393.2398224857899,
            0.0
          ],
          [
            44.9294623361384,
            395.5777025978273,
            0.0
          ],
          [
            49.31212440763638,
            397.6358503539401,
            0.0
          ],
          [
            53.859234987651554,
            399.4145253646952,
            0.0
          ],
          [
            58.53553172122441,
            400.90470122364655,
            0.0
          ],
          [
            63.271655318524914,
            402.092167751438,
            0.0
          ],
          [
            68.02893550492554,
            402.96151562356806,
            0.0
          ],
          [
            72.85423326579831,
            403.52816367337925,
            0.0
          ],
          [
            77.7489324094559,
            403.78894335593077,
            0.0
          ],
          [
            82.6969954191299,
            403.83501589401527,
            0.0
          ],
          [
            87.682210010029,
            403.86739696328357,
            0.0
          ],
          [
            92.66742460092796,
            403.8997780325519,
            0.0
          ],
          [
            97.65263919182705,
            403.9321591018202,
            0.0
          ],
          [
            102.63785378272601,
            403.9645401710886,
            0.0
          ],
          [
            107.6230683736251,
            403.99692124035687,
            0.0
          ],
          [
            112.60828296452398,
            404.0293023096252,
            0.0
          ]
        ],
        "type": "LineString"
      },
      "id": "road:346:section:0:lane:-3",
      "properties": {
        "lane_id": "road:346:section:0:lane:-3",
        "road_id": "346",
        "speed_limit_mps": 13.89
      },
      "type": "Feature"
    },
    {
      "geometry": {
        "coordinates": [
          [
            459.7753079524081,
            80.84799795981442,
            0.0
          ],
          [
            456.73307285077254,
            77.07837235808232,
            0.0
          ],
          [
            453.5535023653741,
            73.32528275416611,
            0.0
          ],
          [
            450.35727497779783,
            69.75241875034715,
            0.0
          ],
          [
            447.02340036125537,
            66.19715817118781,
            0.0
          ],
          [
            443.6040529641737,
            62.727732095087596,
            0.0
          ],
          [
            440.13379457592475,
            59.37044577084182,
            0.0
          ],
          [
            436.57885769953333,
            56.10347629430392,
            0.0
          ],
          [
            432.9391961482789,
            52.9192398776004,
            0.0
          ],
          [
            429.19120188760337,
            49.79744068229576,
            0.0
          ],
          [
            425.37017937622744,
            46.77217142156169,
            0.0
          ],
          [
            421.4782070694182,
            43.84422110752715,
            0.0
          ],
          [
            417.5375703905028,
            41.030856069619134,
            0.0
          ],
          [
            413.4774987369687,
            38.27747837314094,
            0.0
          ],
          [
            409.41854809386706,
            35.665236319227255,
            0.0
          ],
          [
            405.2566359160819,
            33.13900966492321,
            0.0
          ],
          [
            401.11712991785737,
            30.756061441677552,
            0.0
          ],
          [
            396.79285694614424,
            28.410405734856614,
            0.0
          ],
          [
            392.50690164417006,
            26.223874165868043,
            0.0
          ],
          [
            388.10938936891876,
            24.104490559803875,
            0.0
          ],
          [
            383.6737426400592,
            22.10769363827486,
            0.0
          ],
          [
            379.19756291687423,
            20.225768423033895,
            0.0
          ],
          [
            374.66282470054995,
            18.442394371351778,
            0.0
          ],
          [
            370.14114601330493,
            16.797251918518413,
            0.0
          ],
          [
            365.513500062365,
            15.233678722026582,
            0.0
          ],
          [
            360.88364032885784,
            13.805974267886075,
            0.0
          ],
          [
            356.2424426031265,
            12.490851132349071,
            0.0
          ],
          [
            351.5222754039077,
            11.278224434471822,
            0.0
          ],
          [
            346.81221021886694,
            10.19165712142758,
            0.0
          ],
          [
            342.019355008686,
            9.212098221282538,
            0.0
          ],
          [
            337.2431350078878,
            8.364519525649186,
            0.0
          ],
          [
            332.43008270624046,
            7.6255918392715385,
            0.0
          ],
          [
            327.58393022780274,
            6.99816523935374,
            0.0
          ],
          [
            322.7842133099194,
            6.507560253833828,
            0.0
          ],
          [
            317.9872109915312,
            6.126524306497267,
            0.0
          ],
          [
            313.0471498788271,
            5.85926109099204,
            0.0
          ],
          [
            308.2402965902084,
            5.721473653319929,
            0.0
          ],
          [
            303.30615206942804,
            5.686727457322895,
            0.0
          ],
          [
            298.3140261317541,
            5.666008217550492,
            0.0
          ],
          [
            293.38907178863263,
            5.650414081205795,
            0.0
          ],
          [
            288.3963876318053,
            5.62953872612279,
            0.0
          ],
          [
            283.40521703722993,
            5.609597015282563,
            0.0
          ],
          [
            278.3472851639516,
            5.593088042933216,
            0.0
          ],
          [
            273.4177402808854,
            5.580552282497545,
            0.0
          ],
          [
            268.4267012846897,
            5.560534507439452,
            0.0
          ],
          [
            263.4488032421822,
            5.539865988473816,
            0.0
          ],
          [
            258.4103347811178,
            5.5207508265964185,
            0.0
          ],
          [
            253.43402102468673,
            5.500421808730898,
            0.0
          ],
          [
            248.47940056812868,
            5.490234094668604,
            0.0
          ],
          [
            243.49523940128853,
            5.470154226744318,
            0.0
          ],
          [
            238.5350335197412,
            5.449996348613848,
            0.0
          ],
          [
            233.52636709971418,
            5.429947903048641,
            0.0
          ],
          [
            228.55137984733403,
            5.40987581010386,
            0.0
          ],
          [
            223.55993506252173,
            5.399678099378992,
            0.0
          ],
          [
            218.57517718768017,
            5.379505391120581,
            0.0
          ],
          [
            213.63400334486224,
            5.360024479738817,
            0.0
          ],
          [
            208.65239000214618,
            5.340040105425615,
            0.0
          ],
          [
            203.65442927792387,
            5.319607450926747,
            0.0
          ],
          [
            198.63225489173755,
            5.308717026165776,
            0.0
          ],
          [
            193.64571932511808,
            5.288460517276267,
            0.0
          ],
          [
            188.71784799632272,
            5.270131649745101,
            0.0
          ],
          [
            183.71114112029647,
            5.249999994588041,
            0.0
          ],
          [
            178.87343413886688,
            5.303199571615062,
            0.0
          ],
          [
            174.00145020513318,
            5.493888164122106,
            0.0
          ],
          [
            169.18764181896415,
            5.8074704498381635,
            0.0
          ],
          [
            164.39247834353273,
            6.258312549730082,
            0.0
          ],
          [
            159.56918690567477,
            6.832644500010142,
            0.0
          ],
          [
            154.76263377526809,
            7.548661940168616,
            0.0
          ],
          [
            149.97290182830824,
            8.396214348878235,
            0.0
          ],
          [
            145.19868509881465,
            9.368254023748186,
            0.0
          ],
          [
            140.54947057811526,
            10.452704842497383,
            0.0
          ],
          [
            135.83461970324043,
            11.689787918674138,
            0.0
          ],
          [
            131.22535688452282,
            13.030559319064842,
            0.0
          ],
          [
            126.58951971059514,
            14.5171219434443,
            0.0
          ],
          [
            122.02509590924637,
            16.119017193627204,
            0.0
          ],
          [
            117.50338912170423,
            17.842676203740158,
            0.0
          ],
          [
            113.02193454436444,
            19.69955151095846,
            0.0
          ],
          [
            108.586212431066,
            21.677482971612022,
            0.0
          ],
          [
            104.21215573367974,
            23.768870332940196,
            0.0
          ],
          [
            99.92209943519293,
            25.976594164435863,
            0.0
          ],
          [
            95.65429423834443,
            28.30550700903388,
            0.0
          ],
          [
            91.49770964992275,
            30.736278071541225,
            0.0
          ],
          [
            87.38995995081598,
            33.284470348215315,
            0.0
          ],
          [
            83.34778572255696,
            35.94918578966045,
            0.0
          ],
          [
            79.37881162492457,
            38.71714291677397,
            0.0
          ],
          [
            75.46419249989444,
            41.61174634734156,
            0.0
          ],
          [
            71.63757777535396,
            44.60675120791847,
            0.0
          ],
          [
            67.8987016393006,
            47.70407443650898,
            0.0
          ],
          [
            64.257965283331,
            50.88970380840689,
            0.0
          ],
          [
            60.744828657380594,
            54.13037406750682,
            0.0
          ],
          [
            57.25505846660931,
            57.53913807620523,
            0.0
          ],
          [
            53.89211173720148,
            61.00260202172292,
            0.0
          ],
          [
            50.61999322298018,
            64.55979129874663,
            0.0
          ],
          [
            47.43952708789214,
            68.21179880769404,
            0.0
          ],
          [
            44.34298683624688,
            71.97027799536731,
            0.0
          ],
          [
            41.38789261603152,
            75.77278884574285,
            0.0
          ],
          [
            38.501068471079655,
            79.68384683965606,
            0.0
          ],
          [
            35.723056902740616,
            83.68855886722358,
            0.0
          ],
          [
            33.07149890969161,
            87.73023733266295,
            0.0
          ],
          [
            30.56558756906213,
            91.79636590260007,
            0.0
          ],
          [
            28.115618015057677,
            96.00564370384302,
            0.0
          ],
          [
            25.797873515215375,
            100.27715474166531,
            0.0
          ],
          [
            23.608523862128866,
            104.57356138545958,
            0.0
          ],
          [
            21.515289055869754,
            108.953336345545,
            0.0
          ],
          [
            19.551920542208716,
            113.3924608285676,
            0.0
          ],
          [
            17.7120589517175,
            117.8720181300011,
            0.0
          ],
          [
            15.98570702868443,
            122.43482993107885,
            0.0
          ],
          [
            14.40777820552912,
            126.95286233935926,
            0.0
          ],
          [
            12.944675667188541,
            131.55490678513345,
            0.0
          ],
          [
            11.595397368690952,
            136.23151912047595,
            0.0
          ],
          [
            10.38571550795621,
            140.88776574454752,
            0.0
          ],
          [
            9.298658668429892,
            145.6054795795105,
            0.0
          ],
          [
            8.332179069421464,
            150.38914537195328,
            0.0
          ],
          [
            7.491055660516118,
            155.18610923479383,
            0.0
          ],
          [
            6.793901303598071,
            159.99701308218653,
            0.0
          ],
          [
            6.229022702968244,
            164.7986720402017,
            0.0
          ],
          [
            5.794911681422498,
            169.59822499075236,
            0.0
          ],
          [
            5.489565049302422,
            174.399964566541,
            0.0
          ],
          [
            5.310843803255196,
            179.22357373482504,
            0.0
          ],
          [
            5.266696776695277,
            184.16021381961818,
            0.0
          ],
          [
            5.254183470368185,
            189.16910664773857,
            0.0
          ],
          [
            5.251556198561803,
            194.01458271198007,
            0.0
          ],
          [
            5.3021540590220315,
            198.94349739074866,
            0.0
          ],
          [
            5.40185801808574,
            203.92485851742487,
            0.0
          ],
          [
            5.543665432981236,
            208.87528260131185,
            0.0
          ],
          [
            5.689110888661354,
            213.84475365630877,
            0.0
          ],
          [
            5.842400468298211,
            218.8447436565911,
            0.0
          ],
          [
            5.99462824818998,
            223.8385706104006,
            0.0
          ],
          [
            6.1250784948753605,
            228.81390255896775,
            0.0
          ],
          [
            6.205885623842861,
            233.91562343900617,
            0.0
          ],
          [
            6.246930615597976,
            238.9047255565939,
            0.0
          ],
          [
            6.277761840398576,
            243.89832311727716,
            0.0
          ],
          [
            6.306993861009747,
            248.87937174117542,
            0.0
          ],
          [
            6.337961754237767,
            253.86459531094127,
            0.0
          ],
          [
            6.368929647465787,
            258.84981888070706,
            0.0
          ],
          [
            6.399897540693807,
            263.83504245047294,
            0.0
          ],
          [
            6.430865433921827,
            268.82026602023865,
            0.0
          ],
          [
            6.461833327149847,
            273.8054895900044,
            0.0
          ],
          [
            6.492801220377867,
            278.7907131597703,
            0.0
          ],
          [
            6.523769113605887,
            283.775936729536,
            0.0
          ],
          [
            6.554737006833907,
            288.76116029930176,
            0.0
          ],
          [
            6.585704900061927,
            293.74638386906764,
            0.0
          ],
          [
            6.616672793289948,
            298.7316074388335,
            0.0
          ],
          [
            6.647640686517967,
            303.71683100859923,
            0.0
          ],
          [
            6.678608579745988,
            308.7020545783651,
            0.0
          ],
          [
            6.709576472974008,
            313.6872781481309,
            0.0
          ],
          [
            6.740544366202029,
            318.67250171789675,
            0.0
          ],
          [
            6.7715122594300485,
            323.6577252876626,
            0.0
          ],
          [
            6.804087753964481,
            328.6083711463796,
            0.0
          ],
          [
            7.004975326936284,
            333.2466947729674,
            0.0
          ],
          [
            7.493096563449592,
            337.8061796063512,
            0.0
          ],
          [
            8.306772134999214,
            342.45781658100645,
            0.0
          ],
          [
            9.4008905359956,
            347.0261882723329,
            0.0
          ],
          [
            10.76703718674247,
            351.4191574886942,
            0.0
          ],
          [
            12.408039152170453,
            355.73247211331426,
            0.0
          ],
          [
            14.357789083213287,
            360.00613037323325,
            0.0
          ],
          [
            16.55446316632382,
            364.0973687862558,
            0.0
          ],
          [
            19.00634095314376,
            368.03134595644013,
            0.0
          ],
          [
            21.682332838718594,
            371.78657229644205,
            0.0
          ],
          [
            24.633728485396983,
            375.40739409563326,
            0.0
          ],
          [
            27.823372211430385,
            378.8376523587833,
            0.0
          ],
          [
            31.142178921586595,
            381.9830999406544,
            0.0
          ],
          [
            34.72024675778572,
            384.9649761719607,
            0.0
          ],
          [
            38.488002264883704,
            387.7130238944478,
            0.0
          ],
          [
            42.434878945585936,
            390.21882232476395,
            0.0
          ],
          [
            46.504479239100036,
            392.452111172931,
            0.0
          ],
          [
            50.68056791844189,
            394.4144589840916,
            0.0
          ],
          [
            55.04048342385382,
            396.11988545539253,
            0.0
          ],
          [
            59.49146459197139,
            397.53777497755425,
            0.0
          ],
          [
            64.04328746706321,
            398.6782867008825,
            0.0
          ],
          [
            68.56760839721917,
            399.503216689828,
            0.0
          ],
          [
            73.16156818778568,
            400.04168332125806,
            0.0
          ],
          [
            77.81174312089867,
            400.28950699924013,
            0.0
          ],
          [
            82.71972891427737,
            400.3350897250514,
            0.0
          ],
          [
            87.70494350517646,
            400.3674707943197,
            0.0
          ],
          [
            92.69015809607542,
            400.399851863588,
            0.0
          ],
          [
            97.67537268697451,
            400.4322329328563,
            0.0
          ],
          [
            102.66058727787347,
            400.4646140021247,
            0.0
          ],
          [
            107.64580186877257,
            400.496995071393,
            0.0
          ],
          [
            112.63101645967144,
            400.5293761406613,
            0.0
          ]
        ],
        "type": "LineString"
      },
      "id": "road:346:section:0:lane:-4",
      "properties": {
        "lane_id": "road:346:section:0:lane:-4",
        "road_id": "346",
        "speed_limit_mps": 13.89
      },
      "type": "Feature"
    },
    {
      "geometry": {
        "coordinates": [
          [
            457.0219838206802,
            83.00883257302405,
            0.0
          ],
          [
            454.0465250396784,
            79.3216870615301,
            0.0
          ],
          [
            450.89815155426834,
            75.60543890451197,
            0.0
          ],
          [
            447.78533650071665,
            72.12626214663706,
            0.0
          ],
          [
            444.4982647007114,
            68.62072783097669,
            0.0
          ],
          [
            441.1263145532454,
            65.19973783274484,
            0.0
          ],
          [
            437.7247562218118,
            61.9094483719458,
            0.0
          ],
          [
            434.24234547807004,
            58.70937549399537,
            0.0
          ],
          [
            430.67632986792773,
            55.589340287182345,
            0.0
          ],
          [
            426.9868397675642,
            52.51604099196554,
            0.0
          ],
          [
            423.23434480385066,
            49.544933704816415,
            0.0
          ],
          [
            419.41315724604647,
            46.67009605645759,
            0.0
          ],
          [
            415.5531313811146,
            43.91391032127974,
            0.0
          ],
          [
            411.534789189204,
            41.18881476954448,
            0.0
          ],
          [
            407.55876878002454,
            38.6302356284689,
            0.0
          ],
          [
            403.45624335746777,
            36.14044042955644,
            0.0
          ],
          [
            399.43048558455087,
            33.82285633095937,
            0.0
          ],
          [
            395.13957914072455,
            31.495316187058865,
            0.0
          ],
          [
            390.95545992956977,
            29.3612342991964,
            0.0
          ],
          [
            386.62473686142715,
            27.27400265664134,
            0.0
          ],
          [
            382.2749175178864,
            25.31600912737164,
            0.0
          ],
          [
            377.8881729756594,
            23.471611608070017,
            0.0
          ],
          [
            373.4258839319767,
            21.716532049434583,
            0.0
          ],
          [
            369.01018711499495,
            20.109491639663826,
            0.0
          ],
          [
            364.43967191447496,
            18.564878672314627,
            0.0
          ],
          [
            359.89121136473835,
            17.162324182775272,
            0.0
          ],
          [
            355.34553778940744,
            15.873980121188772,
            0.0
          ],
          [
            350.6925385181171,
            14.678450412308955,
            0.0
          ],
          [
            346.08021603291104,
            13.614256208631167,
            0.0
          ],
          [
            341.3537893705153,
            12.648233023831246,
            0.0
          ],
          [
            336.6795068869706,
            11.818839044933892,
            0.0
          ],
          [
            331.95274662787085,
            11.092889096255243,
            0.0
          ],
          [
            327.17396416901255,
            10.474072003155095,
            0.0
          ],
          [
            322.4771478778052,
            9.994064351121041,
            0.0
          ],
          [
            317.7882598558796,
            9.620865223697955,
            0.0
          ],
          [
            312.8649511898253,
            9.354515536340193,
            0.0
          ],
          [
            308.16782785288035,
            9.220723327480101,
            0.0
          ],
          [
            303.2661825893447,
            9.186499227119016,
            0.0
          ],
          [
            298.2730483885909,
            9.165768327124468,
            0.0
          ],
          [
            293.3925374146616,
            9.15041236541055,
            0.0
          ],
          [
            288.3994351035086,
            9.129537399396284,
            0.0
          ],
          [
            283.4088083380818,
            9.10959517279039,
            0.0
          ],
          [
            278.30652955954076,
            9.092850746418854,
            0.0
          ],
          [
            273.41749261302175,
            9.08055227373478,
            0.0
          ],
          [
            268.42484278248395,
            9.060534014006496,
            0.0
          ],
          [
            263.45264580897594,
            9.039863879141814,
            0.0
          ],
          [
            258.3777024508596,
            9.020598699150584,
            0.0
          ],
          [
            253.40498557595333,
            9.000301369903948,
            0.0
          ],
          [
            248.46874618135791,
            8.990217878065684,
            0.0
          ],
          [
            243.482702729981,
            8.970131774082663,
            0.0
          ],
          [
            238.5360120376823,
            8.949996211828507,
            0.0
          ],
          [
            233.5079540805041,
            8.929899468531165,
            0.0
          ],
          [
            228.53578861164263,
            8.909841083270097,
            0.0
          ],
          [
            223.5368117510549,
            8.89960171461216,
            0.0
          ],
          [
            218.54952582237468,
            8.879411390923714,
            0.0
          ],
          [
            213.63630155803966,
            8.860023725198191,
            0.0
          ],
          [
            208.65513726595765,
            8.840039027217099,
            0.0
          ],
          [
            203.64722461277097,
            8.81960003560461,
            0.0
          ],
          [
            198.59945425099895,
            8.808563325357662,
            0.0
          ],
          [
            193.61148305758877,
            8.788293067268576,
            0.0
          ],
          [
            188.7216909074715,
            8.770129540035024,
            0.0
          ],
          [
            183.71114110270076,
            8.749999994588041,
            0.0
          ],
          [
            178.97951479996217,
            8.801591615589205,
            0.0
          ],
          [
            174.1711727261652,
            8.989770637240238,
            0.0
          ],
          [
            169.45740622951396,
            9.297058844305441,
            0.0
          ],
          [
            164.77181633946353,
            9.737695064608722,
            0.0
          ],
          [
            160.03786614416526,
            10.301122519460165,
            0.0
          ],
          [
            155.3282789454852,
            11.002651740589286,
            0.0
          ],
          [
            150.6290426445075,
            11.834161298631443,
            0.0
          ],
          [
            145.93048790693499,
            12.790894035497477,
            0.0
          ],
          [
            141.41376735002802,
            13.844310817557158,
            0.0
          ],
          [
            136.76271720456091,
            15.064493095136623,
            0.0
          ],
          [
            132.26279996302563,
            16.37326957555831,
            0.0
          ],
          [
            127.69381487934336,
            17.838346443576643,
            0.0
          ],
          [
            123.21949227494925,
            19.4089134414739,
            0.0
          ],
          [
            118.79247145572135,
            21.096637902366155,
            0.0
          ],
          [
            114.4064248039922,
            22.91407896005512,
            0.0
          ],
          [
            110.06038738419257,
            24.851881845032672,
            0.0
          ],
          [
            105.77069679591447,
            26.902709792345902,
            0.0
          ],
          [
            101.57224168806923,
            29.063182984682626,
            0.0
          ],
          [
            97.36951789431555,
            31.35640979509526,
            0.0
          ],
          [
            93.30252733089775,
            33.73505000992534,
            0.0
          ],
          [
            89.27386746556083,
            36.23419787391797,
            0.0
          ],
          [
            85.3088652502945,
            38.84817994037698,
            0.0
          ],
          [
            81.42245190844092,
            41.55853947332661,
            0.0
          ],
          [
            77.58074667439428,
            44.39925391260614,
            0.0
          ],
          [
            73.83024887283968,
            47.334789598090204,
            0.0
          ],
          [
            70.16111756823082,
            50.37455644628228,
            0.0
          ],
          [
            66.59177314640147,
            53.49802527215909,
            0.0
          ],
          [
            63.17326546260399,
            56.65082932063796,
            0.0
          ],
          [
            59.72828290397582,
            60.01566000875764,
            0.0
          ],
          [
            56.43289595864177,
            63.40976124788144,
            0.0
          ],
          [
            53.22643502975168,
            66.8956982121132,
            0.0
          ],
          [
            50.109999235095614,
            70.47422637802872,
            0.0
          ],
          [
            47.06965138926254,
            74.16465727327893,
            0.0
          ],
          [
            44.19264156359919,
            77.86644195481276,
            0.0
          ],
          [
            41.35675526365014,
            81.70747055535483,
            0.0
          ],
          [
            38.61935584221459,
            85.65361674250407,
            0.0
          ],
          [
            36.01922360058576,
            89.61727711674092,
            0.0
          ],
          [
            33.58132655316587,
            93.57268748940719,
            0.0
          ],
          [
            31.165489044478907,
            97.72270127535805,
            0.0
          ],
          [
            28.88560693364679,
            101.9251542370238,
            0.0
          ],
          [
            26.746770066284448,
            106.1232099785616,
            0.0
          ],
          [
            24.69591451238086,
            110.4140285463161,
            0.0
          ],
          [
            22.77364247921681,
            114.760125904747,
            0.0
          ],
          [
            20.97140250112476,
            119.14743164213638,
            0.0
          ],
          [
            19.26951031544079,
            123.64587740078767,
            0.0
          ],
          [
            17.733005321282818,
            128.04504576198403,
            0.0
          ],
          [
            16.298236135121165,
            132.5567212329827,
            0.0
          ],
          [
            14.968405650088556,
            137.1657648770214,
            0.0
          ],
          [
            13.786680784006677,
            141.71446713628396,
            0.0
          ],
          [
            12.721238513795647,
            146.33756372911088,
            0.0
          ],
          [
            11.77043032503101,
            151.043689719801,
            0.0
          ],
          [
            10.945316387122215,
            155.75009756146977,
            0.0
          ],
          [
            10.26137848751861,
            160.47304037025992,
            0.0
          ],
          [
            9.70851110669033,
            165.1770375359377,
            0.0
          ],
          [
            9.284099969975589,
            169.87311603648493,
            0.0
          ],
          [
            8.985501729524733,
            174.56856684373855,
            0.0
          ],
          [
            8.81011219189501,
            179.2951331106336,
            0.0
          ],
          [
            8.766458806776894,
            184.20102720956547,
            0.0
          ],
          [
            8.75392587408275,
            189.2115696627304,
            0.0
          ],
          [
            8.7514058484131,
            193.98214155855194,
            0.0
          ],
          [
            8.801463193302462,
            198.87395903628482,
            0.0
          ],
          [
            8.901112047819192,
            203.85260040096594,
            0.0
          ],
          [
            9.041957698918186,
            208.76596095621937,
            0.0
          ],
          [
            9.187349993752662,
            213.73374391074574,
            0.0
          ],
          [
            9.340761678433065,
            218.73765097045518,
            0.0
          ],
          [
            9.493062565059628,
            223.73389334186155,
            0.0
          ],
          [
            9.623298546920385,
            228.7022940132819,
            0.0
          ],
          [
            9.705706944139024,
            233.88025783424075,
            0.0
          ],
          [
            9.746748078183122,
            238.86898022705176,
            0.0
          ],
          [
            9.777599175729893,
            243.8645795812889,
            0.0
          ],
          [
            9.806926333688416,
            248.85763038221683,
            0.0
          ],
          [
            9.837894226916438,
            253.84285395198268,
            0.0
          ],
          [
            9.868862120144456,
            258.8280775217484,
            0.0
          ],
          [
            9.899830013372478,
            263.8133010915143,
            0.0
          ],
          [
            9.930797906600498,
            268.79852466128,
            0.0
          ],
          [
            9.961765799828516,
            273.78374823104576,
            0.0
          ],
          [
            9.992733693056538,
            278.76897180081164,
            0.0
          ],
          [
            10.023701586284558,
            283.75419537057735,
            0.0
          ],
          [
            10.054669479512576,
            288.7394189403431,
            0.0
          ],
          [
            10.085637372740598,
            293.724642510109,
            0.0
          ],
          [
            10.116605265968618,
            298.70986607987487,
            0.0
          ],
          [
            10.147573159196638,
            303.6950896496406,
            0.0
          ],
          [
            10.178541052424658,
            308.68031321940646,
            0.0
          ],
          [
            10.209508945652678,
            313.6655367891722,
            0.0
          ],
          [
            10.240476838880697,
            318.6507603589381,
            0.0
          ],
          [
            10.27144473210872,
            323.6359839287039,
            0.0
          ],
          [
            10.3037789858444,
            328.56188156149415,
            0.0
          ],
          [
            10.494947584486846,
            332.98194273515196,
            0.0
          ],
          [
            10.954129476242892,
            337.2853618104172,
            0.0
          ],
          [
            11.732332775798767,
            341.73980941098307,
            0.0
          ],
          [
            12.780882916629153,
            346.1175345941589,
            0.0
          ],
          [
            14.077581166654557,
            350.2832443947175,
            0.0
          ],
          [
            15.635545996994377,
            354.3785151100772,
            0.0
          ],
          [
            17.49692497617413,
            358.45828482359826,
            0.0
          ],
          [
            19.58105378464048,
            362.33960053386375,
            0.0
          ],
          [
            21.918529854482507,
            366.08991457652496,
            0.0
          ],
          [
            24.459115028947192,
            369.6559665919464,
            0.0
          ],
          [
            27.26979987315552,
            373.10497631455166,
            0.0
          ],
          [
            30.30950403792989,
            376.3740881641121,
            0.0
          ],
          [
            33.43782567196683,
            379.34112984289237,
            0.0
          ],
          [
            36.861440760730474,
            382.196350476466,
            0.0
          ],
          [
            40.451160281049084,
            384.8154368632155,
            0.0
          ],
          [
            44.20223799996088,
            387.19782216373795,
            0.0
          ],
          [
            48.07949614206168,
            389.32651974803474,
            0.0
          ],
          [
            52.04901142924739,
            391.1930676142431,
            0.0
          ],
          [
            56.221731860056096,
            392.8252455460899,
            0.0
          ],
          [
            60.44739746271838,
            394.1708487314619,
            0.0
          ],
          [
            64.81491961560151,
            395.264405650327,
            0.0
          ],
          [
            69.1062812895128,
            396.04491775608784,
            0.0
          ],
          [
            73.46890310977302,
            396.5552029691369,
            0.0
          ],
          [
            77.87455383234142,
            396.79007064254955,
            0.0
          ],
          [
            82.74246240942483,
            396.8351635560875,
            0.0
          ],
          [
            87.72767700032392,
            396.8675446253558,
            0.0
          ],
          [
            92.71289159122288,
            396.89992569462413,
            0.0
          ],
          [
            97.69810618212198,
            396.9323067638924,
            0.0
          ],
          [
            102.68332077302094,
            396.9646878331608,
            0.0
          ],
          [
            107.66853536392003,
            396.9970689024291,
            0.0
          ],
          [
            112.6537499548189,
            397.02944997169743,
            0.0
          ]
        ],
        "type": "LineString"
      },
      "id": "road:346:section:0:lane:-5",
      "properties": {
        "lane_id": "road:346:section:0:lane:-5",
        "road_id": "346",
        "speed_limit_mps": 13.89
      },
      "type": "Feature"
    },
    {
      "geometry": {
        "coordinates": [
          [
            454.2686596889523,
            85.16966718623365,
            0.0
          ],
          [
            451.35997722858417,
            81.56500176497786,
            0.0
          ],
          [
            448.2428007431626,
            77.88559505485783,
            0.0
          ],
          [
            445.2133980236355,
            74.50010554292699,
            0.0
          ],
          [
            441.9731290401674,
            71.04429749076557,
            0.0
          ],
          [
            438.64857614231704,
            67.6717435704021,
            0.0
          ],
          [
            435.3157178676988,
            64.44845097304977,
            0.0
          ],
          [
            431.90583325660674,
            61.31527469368682,
            0.0
          ],
          [
            428.4134635875766,
            58.2594406967643,
            0.0
          ],
          [
            424.7824776475251,
            55.23464130163532,
            0.0
          ],
          [
            421.0985102314738,
            52.31769598807114,
            0.0
          ],
          [
            417.34810742267484,
            49.49597100538802,
            0.0
          ],
          [
            413.5686923717264,
            46.79696457294035,
            0.0
          ],
          [
            409.59207964143934,
            44.10015116594802,
            0.0
          ],
          [
            405.698989466182,
            41.59523493771055,
            0.0
          ],
          [
            401.65585079885363,
            39.14187119418967,
            0.0
          ],
          [
            397.7438412512443,
            36.88965122024118,
            0.0
          ],
          [
            393.48630133530486,
            34.58022663926111,
            0.0
          ],
          [
            389.4040182149695,
            32.498594432524754,
            0.0
          ],
          [
            385.1400843539356,
            30.44351475347881,
            0.0
          ],
          [
            380.87609239571367,
            28.524324616468423,
            0.0
          ],
          [
            376.5787830344446,
            26.71745479310614,
            0.0
          ],
          [
            372.18894316340345,
            24.990669727517385,
            0.0
          ],
          [
            367.87922821668496,
            23.42173136080924,
            0.0
          ],
          [
            363.36584376658493,
            21.896078622602673,
            0.0
          ],
          [
            358.89878240061887,
            20.518674097664473,
            0.0
          ],
          [
            354.4486329756884,
            19.257109110028473,
            0.0
          ],
          [
            349.86280163232647,
            18.078676390146086,
            0.0
          ],
          [
            345.3482218469552,
            17.036855295834755,
            0.0
          ],
          [
            340.68822373234457,
            16.084367826379953,
            0.0
          ],
          [
            336.11587876605336,
            15.273158564218594,
            0.0
          ],
          [
            331.47541054950125,
            14.560186353238949,
            0.0
          ],
          [
            326.7639981102223,
            13.94997876695645,
            0.0
          ],
          [
            322.17008244569104,
            13.480568448408254,
            0.0
          ],
          [
            317.589308720228,
            13.115206140898643,
            0.0
          ],
          [
            312.68275250082354,
            12.849769981688347,
            0.0
          ],
          [
            308.09535911555224,
            12.719973001640273,
            0.0
          ],
          [
            303.2262131092614,
            12.686270996915137,
            0.0
          ],
          [
            298.23207064542765,
            12.665528436698445,
            0.0
          ],
          [
            293.3960030406905,
            12.650410649615305,
            0.0
          ],
          [
            288.402482575212,
            12.629536072669778,
            0.0
          ],
          [
            283.41239963893366,
            12.60959333029822,
            0.0
          ],
          [
            278.2657739551299,
            12.592613449904492,
            0.0
          ],
          [
            273.41724494515813,
            12.580552264972011,
            0.0
          ],
          [
            268.4229842802782,
            12.560533520573541,
            0.0
          ],
          [
            263.45648837576965,
            12.539861769809812,
            0.0
          ],
          [
            258.3450701206014,
            12.520446571704749,
            0.0
          ],
          [
            253.37595012721994,
            12.500180931076994,
            0.0
          ],
          [
            248.45809179458712,
            12.490201661462763,
            0.0
          ],
          [
            243.47016605867347,
            12.470109321421006,
            0.0
          ],
          [
            238.53699055562342,
            12.449996075043167,
            0.0
          ],
          [
            233.48954106129403,
            12.429851034013689,
            0.0
          ],
          [
            228.52019737595123,
            12.409806356436334,
            0.0
          ],
          [
            223.51368843958807,
            12.399525329845329,
            0.0
          ],
          [
            218.5238744570692,
            12.379317390726845,
            0.0
          ],
          [
            213.6385997712171,
            12.360022970657566,
            0.0
          ],
          [
            208.65788452976912,
            12.340037949008583,
            0.0
          ],
          [
            203.64001994761807,
            12.319592620282474,
            0.0
          ],
          [
            198.56665361026035,
            12.308409624549547,
            0.0
          ],
          [
            193.57724679005943,
            12.288125617260883,
            0.0
          ],
          [
            188.7255338186203,
            12.270127430324946,
            0.0
          ],
          [
            183.71114108510506,
            12.249999994588041,
            0.0
          ],
          [
            179.08559546105747,
            12.299983659563349,
            0.0
          ],
          [
            174.3408952471972,
            12.485653110358369,
            0.0
          ],
          [
            169.72717064006375,
            12.786647238772721,
            0.0
          ],
          [
            165.15115433539432,
            13.217077579487363,
            0.0
          ],
          [
            160.5065453826558,
            13.769600538910188,
            0.0
          ],
          [
            155.89392411570236,
            14.456641541009958,
            0.0
          ],
          [
            151.28518346070675,
            15.272108248384647,
            0.0
          ],
          [
            146.66229071505535,
            16.213534047246767,
            0.0
          ],
          [
            142.2780641219408,
            17.235916792616933,
            0.0
          ],
          [
            137.6908147058814,
            18.439198271599107,
            0.0
          ],
          [
            133.3002430415284,
            19.71597983205178,
            0.0
          ],
          [
            128.7981100480916,
            21.159570943708985,
            0.0
          ],
          [
            124.41388864065213,
            22.69880968932059,
            0.0
          ],
          [
            120.08155378973848,
            24.350599600992147,
            0.0
          ],
          [
            115.79091506361995,
            26.12860640915178,
            0.0
          ],
          [
            111.53456233731914,
            28.02628071845332,
            0.0
          ],
          [
            107.3292378581492,
            30.03654925175161,
            0.0
          ],
          [
            103.22238394094553,
            32.149771804929394,
            0.0
          ],
          [
            99.08474155028667,
            34.40731258115664,
            0.0
          ],
          [
            95.10734501187275,
            36.733821948309455,
            0.0
          ],
          [
            91.15777498030567,
            39.18392539962062,
            0.0
          ],
          [
            87.26994477803206,
            41.74717409109352,
            0.0
          ],
          [
            83.46609219195727,
            44.39993602987926,
            0.0
          ],
          [
            79.6973008488941,
            47.18676147787073,
            0.0
          ],
          [
            76.0229199703254,
            50.06282798826193,
            0.0
          ],
          [
            72.42353349716105,
            53.045038456055565,
            0.0
          ],
          [
            68.92558100947194,
            56.106346735911295,
            0.0
          ],
          [
            65.60170226782739,
            59.17128457376911,
            0.0
          ],
          [
            62.201507341342314,
            62.492181941310065,
            0.0
          ],
          [
            58.97368018008206,
            65.81692047403996,
            0.0
          ],
          [
            55.83287683652318,
            69.23160512547976,
            0.0
          ],
          [
            52.78047138229908,
            72.7366539483634,
            0.0
          ],
          [
            49.79631594227819,
            76.35903655119057,
            0.0
          ],
          [
            46.997390511166856,
            79.96009506388266,
            0.0
          ],
          [
            44.212442056220624,
            83.7310942710536,
            0.0
          ],
          [
            41.51565478168857,
            87.61867461778458,
            0.0
          ],
          [
            38.9669482914799,
            91.50431690081889,
            0.0
          ],
          [
            36.597065537269614,
            95.34900907621429,
            0.0
          ],
          [
            34.21536007390013,
            99.43975884687308,
            0.0
          ],
          [
            31.97334035207821,
            103.5731537323823,
            0.0
          ],
          [
            29.885016270440033,
            107.67285857166362,
            0.0
          ],
          [
            27.87653996889196,
            111.87472074708721,
            0.0
          ],
          [
            25.99536441622491,
            116.12779098092639,
            0.0
          ],
          [
            24.230746050532023,
            120.42284515427167,
            0.0
          ],
          [
            22.55331360219715,
            124.85692487049647,
            0.0
          ],
          [
            21.05823243703651,
            129.1372291846088,
            0.0
          ],
          [
            19.651796603053786,
            133.558535680832,
            0.0
          ],
          [
            18.341413931486162,
            138.10001063356685,
            0.0
          ],
          [
            17.18764606005714,
            142.54116852802042,
            0.0
          ],
          [
            16.143818359161404,
            147.06964787871127,
            0.0
          ],
          [
            15.208681580640553,
            151.6982340676487,
            0.0
          ],
          [
            14.399577113728315,
            156.31408588814568,
            0.0
          ],
          [
            13.728855671439147,
            160.94906765833332,
            0.0
          ],
          [
            13.187999510412414,
            165.55540303167368,
            0.0
          ],
          [
            12.77328825852868,
            170.1480070822175,
            0.0
          ],
          [
            12.481438409747044,
            174.73716912093613,
            0.0
          ],
          [
            12.309380580534825,
            179.3666924864422,
            0.0
          ],
          [
            12.266220836858514,
            184.24184059951278,
            0.0
          ],
          [
            12.253668277797315,
            189.25403267772222,
            0.0
          ],
          [
            12.251255498264399,
            193.94970040512382,
            0.0
          ],
          [
            12.300772327582893,
            198.80442068182097,
            0.0
          ],
          [
            12.400366077552645,
            203.780342284507,
            0.0
          ],
          [
            12.540249964855134,
            208.6566393111269,
            0.0
          ],
          [
            12.685589098843968,
            213.6227341651827,
            0.0
          ],
          [
            12.839122888567918,
            218.63055828431925,
            0.0
          ],
          [
            12.991496881929276,
            223.62921607332248,
            0.0
          ],
          [
            13.121518598965407,
            228.59068546759602,
            0.0
          ],
          [
            13.205528264435188,
            233.84489222947533,
            0.0
          ],
          [
            13.246565540768268,
            238.83323489750964,
            0.0
          ],
          [
            13.27743651106121,
            243.8308360453006,
            0.0
          ],
          [
            13.306858806367087,
            248.8358890232582,
            0.0
          ],
          [
            13.337826699595109,
            253.82111259302405,
            0.0
          ],
          [
            13.368794592823129,
            258.8063361627898,
            0.0
          ],
          [
            13.399762486051149,
            263.7915597325557,
            0.0
          ],
          [
            13.430730379279169,
            268.7767833023214,
            0.0
          ],
          [
            13.461698272507189,
            273.76200687208717,
            0.0
          ],
          [
            13.492666165735208,
            278.74723044185305,
            0.0
          ],
          [
            13.523634058963228,
            283.73245401161876,
            0.0
          ],
          [
            13.554601952191248,
            288.7176775813845,
            0.0
          ],
          [
            13.585569845419268,
            293.7029011511504,
            0.0
          ],
          [
            13.616537738647288,
            298.6881247209163,
            0.0
          ],
          [
            13.647505631875308,
            303.673348290682,
            0.0
          ],
          [
            13.678473525103328,
            308.65857186044786,
            0.0
          ],
          [
            13.709441418331348,
            313.64379543021363,
            0.0
          ],
          [
            13.740409311559368,
            318.6290189999795,
            0.0
          ],
          [
            13.771377204787388,
            323.61424256974533,
            0.0
          ],
          [
            13.803470217724316,
            328.51539197660867,
            0.0
          ],
          [
            13.984919842037407,
            332.7171906973365,
            0.0
          ],
          [
            14.41516238903619,
            336.7645440144832,
            0.0
          ],
          [
            15.15789341659832,
            341.02180224095974,
            0.0
          ],
          [
            16.160875297262702,
            345.2088809159849,
            0.0
          ],
          [
            17.388125146566644,
            349.1473313007407,
            0.0
          ],
          [
            18.863052841818305,
            353.0245581068401,
            0.0
          ],
          [
            20.63606086913498,
            356.9104392739632,
            0.0
          ],
          [
            22.607644402957146,
            360.58183228147163,
            0.0
          ],
          [
            24.83071875582126,
            364.14848319660973,
            0.0
          ],
          [
            27.23589721917579,
            367.5253608874508,
            0.0
          ],
          [
            29.905871260914058,
            370.80255853347006,
            0.0
          ],
          [
            32.7956358644294,
            373.9105239694408,
            0.0
          ],
          [
            35.733472422347056,
            376.6991597451304,
            0.0
          ],
          [
            39.00263476367522,
            379.42772478097135,
            0.0
          ],
          [
            42.414318297214464,
            381.9178498319832,
            0.0
          ],
          [
            45.969597054335814,
            384.176822002712,
            0.0
          ],
          [
            49.654513045023315,
            386.20092832313844,
            0.0
          ],
          [
            53.417454940052906,
            387.97167624439464,
            0.0
          ],
          [
            57.40298029625836,
            389.5306056367873,
            0.0
          ],
          [
            61.40333033346536,
            390.8039224853696,
            0.0
          ],
          [
            65.58655176413981,
            391.8505245997714,
            0.0
          ],
          [
            69.64495418180643,
            392.5866188223477,
            0.0
          ],
          [
            73.77623803176039,
            393.0687226170157,
            0.0
          ],
          [
            77.93736454378417,
            393.2906342858589,
            0.0
          ],
          [
            82.76519590457228,
            393.3352373871236,
            0.0
          ],
          [
            87.75041049547137,
            393.3676184563919,
            0.0
          ],
          [
            92.73562508637033,
            393.39999952566023,
            0.0
          ],
          [
            97.72083967726942,
            393.43238059492853,
            0.0
          ],
          [
            102.70605426816839,
            393.4647616641969,
            0.0
          ],
          [
            107.69126885906748,
            393.4971427334652,
            0.0
          ],
          [
            112.67648344996636,
            393.52952380273354,
            0.0
          ]
        ],
        "type": "LineString"
      },
      "id": "road:346:section:0:lane:-6",
      "properties": {
        "lane_id": "road:346:section:0:lane:-6",
        "road_id": "346",
        "speed_limit_mps": 13.89
      },
      "type": "Feature"
    },
    {
      "geometry": {
        "coordinates": [
          [
            505.0699847763172,
            297.4926458162044,
            0.0
          ],
          [
            505.0998306073786,
            292.54384841134646,
            0.0
          ],
          [
            505.1197732574137,
            287.6003684466351,
            0.0
          ],
          [
            505.1493954931336,
            282.64064300492623,
            0.0
          ],
          [
            505.1696665547358,
            277.7060798989619,
            0.0
          ],
          [
            505.1987321651671,
            272.7437038763585,
            0.0
          ],
          [
            505.2196395298156,
            267.81610152208674,
            0.0
          ],
          [
            505.2480267167165,
            262.85306782375636,
            0.0
          ],
          [
            505.2696897237121,
            257.93039287141477,
            0.0
          ],
          [
            505.2971904103382,
            252.96653143343778,
            0.0
          ],
          [
            505.31978561142415,
            248.04738009200878,
            0.0
          ],
          [
            505.34623851087633,
            243.08343544857001,
            0.0
          ],
          [
            505.3699096215956,
            238.16543893710758,
            0.0
          ],
          [
            505.3952702421294,
            233.2017655285244,
            0.0
          ],
          [
            505.4200537825263,
            228.28515134460724,
            0.0
          ],
          [
            505.4442870591468,
            223.32109850062702,
            0.0
          ],
          [
            505.4701820903681,
            218.402887907132,
            0.0
          ],
          [
            505.4933134496854,
            213.4392530113835,
            0.0
          ],
          [
            505.52028749956753,
            208.5191430630045,
            0.0
          ],
          [
            505.5429949129283,
            203.5485221461225,
            0.0
          ],
          [
            505.506198244349,
            198.6648101293422,
            0.0
          ],
          [
            505.33783551261985,
            193.75548985027106,
            0.0
          ],
          [
            505.0563106896585,
            188.8416754374303,
            0.0
          ],
          [
            504.6542602112876,
            183.95089662737033,
            0.0
          ],
          [
            504.13931318298603,
            179.07177424671673,
            0.0
          ],
          [
            503.4984592705247,
            174.23746097774224,
            0.0
          ],
          [
            502.7399231150127,
            169.40140445515016,
            0.0
          ],
          [
            501.8655101863352,
            164.57751956840949,
            0.0
          ],
          [
            500.87973142421816,
            159.77879098447139,
            0.0
          ],
          [
            499.7647367330723,
            154.984514908727,
            0.0
          ],
          [
            498.5319570539244,
            150.22632864250863,
            0.0
          ],
          [
            497.1837204249517,
            145.50265085258394,
            0.0
          ],
          [
            495.7303116119351,
            140.8363205143236,
            0.0
          ],
          [
            494.16020864729876,
            136.1959651563202,
            0.0
          ],
          [
            492.49571866651644,
            131.63253354975782,
            0.0
          ],
          [
            490.69824794899336,
            127.06002559788651,
            0.0
          ],
          [
            488.77239165900926,
            122.51144444531678,
            0.0
          ]
        ],
        "type": "LineString"
      },
      "id": "road:347:section:0:lane:-3",
      "properties": {
        "lane_id": "road:347:section:0:lane:-3",
        "road_id": "347",
        "speed_limit_mps": 13.89
      },
      "type": "Feature"
    },
    {
      "geometry": {
        "coordinates": [
          [
            501.5701633289516,
            297.45729278861324,
            0.0
          ],
          [
            501.59990700924214,
            292.5207225122806,
            0.0
          ],
          [
            501.61978358799826,
            287.5918646836422,
            0.0
          ],
          [
            501.649521408632,
            282.6109547474227,
            0.0
          ],
          [
            501.66966802784964,
            277.7028687006261,
            0.0
          ],
          [
            501.6988995689103,
            272.7094723385865,
            0.0
          ],
          [
            501.71963962014684,
            267.81689670671227,
            0.0
          ],
          [
            501.7482231770909,
            262.81598435002167,
            0.0
          ],
          [
            501.76969126588494,
            257.9336784775728,
            0.0
          ],
          [
            501.7974138354091,
            252.92698493450845,
            0.0
          ],
          [
            501.8197890565351,
            248.05229087249396,
            0.0
          ],
          [
            501.8464710776301,
            243.04308804234424,
            0.0
          ],
          [
            501.86991424219855,
            238.1711261332186,
            0.0
          ],
          [
            501.8955135043094,
            233.1605008210449,
            0.0
          ],
          [
            501.9200585855871,
            228.2909497411922,
            0.0
          ],
          [
            501.9445219734944,
            223.28054797352178,
            0.0
          ],
          [
            501.97018599827175,
            218.4081181375543,
            0.0
          ],
          [
            501.99354211965175,
            213.39924504374568,
            0.0
          ],
          [
            502.0202896370212,
            208.52301115959543,
            0.0
          ],
          [
            502.04330067601626,
            203.5022593303359,
            0.0
          ],
          [
            502.0067958027015,
            198.72948277728386,
            0.0
          ],
          [
            501.84069993670516,
            193.8970623181868,
            0.0
          ],
          [
            501.564707851239,
            189.08397611580463,
            0.0
          ],
          [
            501.1715850697412,
            184.29870959212948,
            0.0
          ],
          [
            500.66426711127554,
            179.48897299969846,
            0.0
          ],
          [
            500.03778965580193,
            174.76068733194728,
            0.0
          ],
          [
            499.28946399875605,
            169.9882024502399,
            0.0
          ],
          [
            498.42630482240526,
            165.2270320507495,
            0.0
          ],
          [
            497.4603820072353,
            160.5258181356372,
            0.0
          ],
          [
            496.3669314665233,
            155.82410967443934,
            0.0
          ],
          [
            495.15877378712355,
            151.15994240021305,
            0.0
          ],
          [
            493.82732174290334,
            146.49491487346967,
            0.0
          ],
          [
            492.39956337985296,
            141.91154896190187,
            0.0
          ],
          [
            490.8475757554943,
            137.3257719203888,
            0.0
          ],
          [
            489.23469246506096,
            132.9036386254384,
            0.0
          ],
          [
            487.4618517667651,
            128.39259445226458,
            0.0
          ],
          [
            485.5571749793383,
            123.89433334279397,
            0.0
          ]
        ],
        "type": "LineString"
      },
      "id": "road:347:section:0:lane:-4",
      "properties": {
        "lane_id": "road:347:section:0:lane:-4",
        "road_id": "347",
        "speed_limit_mps": 13.89
      },
      "type": "Feature"
    },
    {
      "geometry": {
        "coordinates": [
          [
            498.070341881586,
            297.42193976102203,
            0.0
          ],
          [
            498.09998341110565,
            292.4975966132148,
            0.0
          ],
          [
            498.1197939185828,
            287.5833609206493,
            0.0
          ],
          [
            498.1496473241303,
            282.58126648991913,
            0.0
          ],
          [
            498.1696695009635,
            277.6996575022903,
            0.0
          ],
          [
            498.19906697265344,
            272.6752408008146,
            0.0
          ],
          [
            498.219639710478,
            267.8176918913378,
            0.0
          ],
          [
            498.2484196374653,
            262.778900876287,
            0.0
          ],
          [
            498.26969280805787,
            257.93696408373086,
            0.0
          ],
          [
            498.29763726048003,
            252.88743843557916,
            0.0
          ],
          [
            498.3197925016461,
            248.05720165297916,
            0.0
          ],
          [
            498.34670364438387,
            243.00274063611846,
            0.0
          ],
          [
            498.36991886280157,
            238.1768133293296,
            0.0
          ],
          [
            498.39575676648934,
            233.1192361135654,
            0.0
          ],
          [
            498.42006338864803,
            228.2967481377772,
            0.0
          ],
          [
            498.444756887842,
            223.23999744641657,
            0.0
          ],
          [
            498.4701899061754,
            218.4133483679766,
            0.0
          ],
          [
            498.4937707896181,
            213.35923707610786,
            0.0
          ],
          [
            498.5202917744749,
            208.52687925618636,
            0.0
          ],
          [
            498.54360643910417,
            203.4559965145493,
            0.0
          ],
          [
            498.5073933610541,
            198.79415542522554,
            0.0
          ],
          [
            498.3435643607905,
            194.03863478610256,
            0.0
          ],
          [
            498.0731050128195,
            189.32627679417897,
            0.0
          ],
          [
            497.68890992819473,
            184.64652255688867,
            0.0
          ],
          [
            497.18922103956504,
            179.9061717526802,
            0.0
          ],
          [
            496.5771200410792,
            175.28391368615232,
            0.0
          ],
          [
            495.83900488249935,
            170.57500044532964,
            0.0
          ],
          [
            494.9870994584753,
            165.87654453308951,
            0.0
          ],
          [
            494.0410325902524,
            161.272845286803,
            0.0
          ],
          [
            492.96912619997426,
            156.6637044401517,
            0.0
          ],
          [
            491.7855905203227,
            152.09355615791748,
            0.0
          ],
          [
            490.470923060855,
            147.48717889435537,
            0.0
          ],
          [
            489.0688151477708,
            142.98677740948014,
            0.0
          ],
          [
            487.5349428636898,
            138.4555786844574,
            0.0
          ],
          [
            485.9736662636055,
            134.17474370111898,
            0.0
          ],
          [
            484.22545558453686,
            129.72516330664263,
            0.0
          ],
          [
            482.34195829966734,
            125.27722224027117,
            0.0
          ]
        ],
        "type": "LineString"
      },
      "id": "road:347:section:0:lane:-5",
      "properties": {
        "lane_id": "road:347:section:0:lane:-5",
        "road_id": "347",
        "speed_limit_mps": 13.89
      },
      "type": "Feature"
    },
    {
      "geometry": {
        "coordinates": [
          [
            494.57052043422044,
            297.3865867334309,
            0.0
          ],
          [
            494.6000598129692,
            292.47447071414894,
            0.0
          ],
          [
            494.6198042491673,
            287.57485715765637,
            0.0
          ],
          [
            494.64977323962864,
            282.5515782324156,
            0.0
          ],
          [
            494.66967097407735,
            277.6964463039544,
            0.0
          ],
          [
            494.69923437639665,
            272.6410092630427,
            0.0
          ],
          [
            494.71963980080926,
            267.8184870759633,
            0.0
          ],
          [
            494.7486160978397,
            262.74181740255233,
            0.0
          ],
          [
            494.76969435023074,
            257.94024968988884,
            0.0
          ],
          [
            494.7978606855509,
            252.84789193664983,
            0.0
          ],
          [
            494.81979594675704,
            248.06211243346434,
            0.0
          ],
          [
            494.8469362111377,
            242.96239322989268,
            0.0
          ],
          [
            494.86992348340453,
            238.1825005254406,
            0.0
          ],
          [
            494.89600002866933,
            233.0779714060859,
            0.0
          ],
          [
            494.9200681917089,
            228.30254653436216,
            0.0
          ],
          [
            494.94499180218963,
            223.19944691931133,
            0.0
          ],
          [
            494.97019381407904,
            218.4185785983989,
            0.0
          ],
          [
            494.9939994595845,
            213.31922910847004,
            0.0
          ],
          [
            495.0202939119286,
            208.5307473527773,
            0.0
          ],
          [
            495.04391220219213,
            203.4097336987627,
            0.0
          ],
          [
            495.0079909194066,
            198.85882807316725,
            0.0
          ],
          [
            494.84642878487574,
            194.18020725401828,
            0.0
          ],
          [
            494.58150217439993,
            189.5685774725533,
            0.0
          ],
          [
            494.2062347866483,
            184.99433552164783,
            0.0
          ],
          [
            493.71417496785455,
            180.32337050566193,
            0.0
          ],
          [
            493.11645042635644,
            175.80714004035735,
            0.0
          ],
          [
            492.3885457662427,
            171.16179844041937,
            0.0
          ],
          [
            491.54789409454537,
            166.52605701542953,
            0.0
          ],
          [
            490.62168317326956,
            162.01987243796881,
            0.0
          ],
          [
            489.57132093342517,
            157.503299205864,
            0.0
          ],
          [
            488.4124072535219,
            153.0271699156219,
            0.0
          ],
          [
            487.11452437880666,
            148.4794429152411,
            0.0
          ],
          [
            485.73806691568865,
            144.0620058570584,
            0.0
          ],
          [
            484.22230997188535,
            139.585385448526,
            0.0
          ],
          [
            482.71264006215006,
            135.44584877679955,
            0.0
          ],
          [
            480.9890594023086,
            131.05773216102068,
            0.0
          ],
          [
            479.1267416199964,
            126.66011113774836,
            0.0
          ]
        ],
        "type": "LineString"
      },
      "id": "road:347:section:0:lane:-6",
      "properties": {
        "lane_id": "road:347:section:0:lane:-6",
        "road_id": "347",
        "speed_limit_mps": 13.89
      },
      "type": "Feature"
    },
    {
      "geometry": {
        "coordinates": [
          [
            504.25998477631725,
            472.9426458162044,
            0.0
          ],
          [
            504.27969290967036,
            468.05037947472425,
            0.0
          ],
          [
            504.2995388353217,
            463.1604162235069,
            0.0
          ],
          [
            504.31945616074074,
            458.2764711450698,
            0.0
          ],
          [
            504.3397769230389,
            453.39993688569945,
            0.0
          ],
          [
            504.35992834435376,
            448.52343217792986,
            0.0
          ],
          [
            504.38010192171,
            443.64793696052504,
            0.0
          ],
          [
            504.40024680739697,
            438.7700778362291,
            0.0
          ],
          [
            504.42053728215444,
            433.886470958008,
            0.0
          ],
          [
            504.4404452034018,
            428.99807983033793,
            0.0
          ],
          [
            504.4602865850239,
            424.10227793704007,
            0.0
          ],
          [
            504.48000945147675,
            419.1936883180855,
            0.0
          ],
          [
            504.49952814771405,
            414.28507786642496,
            0.0
          ],
          [
            504.5095323107081,
            409.40342984109213,
            0.0
          ],
          [
            504.52946072476203,
            404.51967959647203,
            0.0
          ],
          [
            504.5602984590555,
            399.67226288671236,
            0.0
          ],
          [
            504.5806415552875,
            394.7720186683143,
            0.0
          ],
          [
            504.6006105307641,
            389.8850755099515,
            0.0
          ],
          [
            504.6302504113773,
            385.0068992298639,
            0.0
          ],
          [
            504.65042222052597,
            380.10893686968893,
            0.0
          ],
          [
            504.6801946581331,
            375.2278904340339,
            0.0
          ],
          [
            504.70025612422944,
            370.33208623878244,
            0.0
          ],
          [
            504.7301265062451,
            365.4477674283274,
            0.0
          ],
          [
            504.7501139144169,
            360.5545051864505,
            0.0
          ],
          [
            504.78016017354406,
            355.6553590036573,
            0.0
          ]
        ],
        "type": "LineString"
      },
      "id": "road:348:section:0:lane:-3",
      "properties": {
        "lane_id": "road:348:section:0:lane:-3",
        "road_id": "348",
        "speed_limit_mps": 13.89
      },
      "type": "Feature"
    },
    {
      "geometry": {
        "coordinates": [
          [
            500.76016332895165,
            472.90729278861323,
            0.0
          ],
          [
            500.7797049522252,
            468.0411980947133,
            0.0
          ],
          [
            500.79954207292303,
            463.15565563543316,
            0.0
          ],
          [
            500.8194564635085,
            458.275015337989,
            0.0
          ],
          [
            500.8397802440906,
            453.4047584363357,
            0.0
          ],
          [
            500.8599330878264,
            448.5291944939516,
            0.0
          ],
          [
            500.88010653002897,
            443.6536165918111,
            0.0
          ],
          [
            500.9002497997978,
            438.7746546032871,
            0.0
          ],
          [
            500.9205377878333,
            433.8845895352079,
            0.0
          ],
          [
            500.94044934310404,
            428.9926967179853,
            0.0
          ],
          [
            500.9603010847858,
            424.09220330934295,
            0.0
          ],
          [
            500.9800562175233,
            419.17559522163924,
            0.0
          ],
          [
            500.9996396329401,
            414.2571425097356,
            0.0
          ],
          [
            501.0095354686761,
            409.3987281641323,
            0.0
          ],
          [
            501.0294610832482,
            404.5180954869927,
            0.0
          ],
          [
            501.06030302335665,
            399.666610445893,
            0.0
          ],
          [
            501.0807648302862,
            394.74264334203036,
            0.0
          ],
          [
            501.10072878721246,
            389.8563043237702,
            0.0
          ],
          [
            501.130259722778,
            384.9988258341459,
            0.0
          ],
          [
            501.1505220031242,
            380.08250832014306,
            0.0
          ],
          [
            501.18021067887173,
            375.2173005844564,
            0.0
          ],
          [
            501.2003365379655,
            370.3083609424582,
            0.0
          ],
          [
            501.230152537628,
            365.4342685764316,
            0.0
          ],
          [
            501.2501744906789,
            360.53391319372554,
            0.0
          ],
          [
            501.2803423600352,
            355.6196480495122,
            0.0
          ]
        ],
        "type": "LineString"
      },
      "id": "road:348:section:0:lane:-4",
      "properties": {
        "lane_id": "road:348:section:0:lane:-4",
        "road_id": "348",
        "speed_limit_mps": 13.89
      },
      "type": "Feature"
    },
    {
      "geometry": {
        "coordinates": [
          [
            497.26034188158604,
            472.871939761022,
            0.0
          ],
          [
            497.27971699478,
            468.03201671470237,
            0.0
          ],
          [
            497.29954531052437,
            463.1508950473595,
            0.0
          ],
          [
            497.3194567662763,
            458.27355953090813,
            0.0
          ],
          [
            497.3397835651422,
            453.409579986972,
            0.0
          ],
          [
            497.359937831299,
            448.5349568099733,
            0.0
          ],
          [
            497.38011113834796,
            443.65929622309716,
            0.0
          ],
          [
            497.40025279219856,
            438.7792313703451,
            0.0
          ],
          [
            497.42053829351215,
            433.88270811240784,
            0.0
          ],
          [
            497.4404534828063,
            428.9873136056328,
            0.0
          ],
          [
            497.46031558454774,
            424.08212868164577,
            0.0
          ],
          [
            497.4801029835699,
            419.157502125193,
            0.0
          ],
          [
            497.49975111816616,
            414.2292071530463,
            0.0
          ],
          [
            497.50953862664414,
            409.39402648717254,
            0.0
          ],
          [
            497.5294614417343,
            404.5165113775134,
            0.0
          ],
          [
            497.5603075876578,
            399.6609580050736,
            0.0
          ],
          [
            497.58088810528494,
            394.71326801574645,
            0.0
          ],
          [
            497.60084704366085,
            389.8275331375889,
            0.0
          ],
          [
            497.63026903417875,
            384.9907524384279,
            0.0
          ],
          [
            497.6506217857225,
            380.0560797705972,
            0.0
          ],
          [
            497.6802266996104,
            375.2067107348788,
            0.0
          ],
          [
            497.70041695170147,
            370.2846356461339,
            0.0
          ],
          [
            497.73017856901083,
            365.4207697245358,
            0.0
          ],
          [
            497.7502350669409,
            360.5133212010006,
            0.0
          ],
          [
            497.78052454652635,
            355.58393709536705,
            0.0
          ]
        ],
        "type": "LineString"
      },
      "id": "road:348:section:0:lane:-5",
      "properties": {
        "lane_id": "road:348:section:0:lane:-5",
        "road_id": "348",
        "speed_limit_mps": 13.89
      },
      "type": "Feature"
    },
    {
      "geometry": {
        "coordinates": [
          [
            493.7605204342205,
            472.83658673343086,
            0.0
          ],
          [
            493.7797290373349,
            468.0228353346914,
            0.0
          ],
          [
            493.7995485481257,
            463.14613445928575,
            0.0
          ],
          [
            493.81945706904406,
            458.27210372382723,
            0.0
          ],
          [
            493.8397868861939,
            453.4144015376083,
            0.0
          ],
          [
            493.85994257477165,
            448.54071912599505,
            0.0
          ],
          [
            493.8801157466669,
            443.6649758543832,
            0.0
          ],
          [
            493.9002557845994,
            438.78380813740307,
            0.0
          ],
          [
            493.92053879919104,
            433.8808266896078,
            0.0
          ],
          [
            493.9404576225085,
            428.98193049328023,
            0.0
          ],
          [
            493.96033008430965,
            424.07205405394865,
            0.0
          ],
          [
            493.9801497496165,
            419.13940902874674,
            0.0
          ],
          [
            493.99986260339216,
            414.20127179635693,
            0.0
          ],
          [
            494.00954178461217,
            409.3893248102127,
            0.0
          ],
          [
            494.0294618002205,
            404.514927268034,
            0.0
          ],
          [
            494.06031215195895,
            399.6553055642542,
            0.0
          ],
          [
            494.08101138028366,
            394.68389268946254,
            0.0
          ],
          [
            494.1009653001093,
            389.79876195140764,
            0.0
          ],
          [
            494.1302783455795,
            384.98267904270983,
            0.0
          ],
          [
            494.1507215683207,
            380.02965122105127,
            0.0
          ],
          [
            494.1802427203491,
            375.1961208853013,
            0.0
          ],
          [
            494.20049736543746,
            370.2609103498096,
            0.0
          ],
          [
            494.23020460039373,
            365.40727087263997,
            0.0
          ],
          [
            494.25029564320283,
            360.49272920827565,
            0.0
          ],
          [
            494.28070673301744,
            355.54822614122196,
            0.0
          ]
        ],
        "type": "LineString"
      },
      "id": "road:348:section:0:lane:-6",
      "properties": {
        "lane_id": "road:348:section:0:lane:-6",
        "road_id": "348",
        "speed_limit_mps": 13.89
      },
      "type": "Feature"
    },
    {
      "geometry": {
        "coordinates": [
          [
            503.81000724054525,
            588.569615315609,
            0.0
          ],
          [
            503.82994122028913,
            583.7974464461865,
            0.0
          ],
          [
            503.84975576689925,
            578.954959505852,
            0.0
          ],
          [
            503.8681330684766,
            574.1428957025275,
            0.0
          ],
          [
            503.88577869797933,
            569.362969177872,
            0.0
          ],
          [
            503.9032520694202,
            564.5913434402435,
            0.0
          ],
          [
            503.9211100261778,
            559.8061959701414,
            0.0
          ],
          [
            503.9398955723258,
            554.9901881733249,
            0.0
          ],
          [
            503.9596436814288,
            550.1863157326394,
            0.0
          ],
          [
            503.9798789170629,
            545.4092531009688,
            0.0
          ],
          [
            504.0002265450993,
            540.6370074011489,
            0.0
          ],
          [
            504.02035189827944,
            535.8471037732825,
            0.0
          ],
          [
            504.03994856562775,
            531.0148826354144,
            0.0
          ],
          [
            504.05854458189555,
            526.1928792099352,
            0.0
          ],
          [
            504.0762948947679,
            521.4083860088537,
            0.0
          ],
          [
            504.09375817702335,
            516.6368917364033,
            0.0
          ],
          [
            504.1114902486768,
            511.85621958685545,
            0.0
          ],
          [
            504.1299998860017,
            507.054456280609,
            0.0
          ]
        ],
        "type": "LineString"
      },
      "id": "road:349:section:0:lane:-3",
      "properties": {
        "lane_id": "road:349:section:0:lane:-3",
        "road_id": "349",
        "speed_limit_mps": 13.89
      },
      "type": "Feature"
    },
    {
      "geometry": {
        "coordinates": [
          [
            500.3100072416358,
            588.5697026868269,
            0.0
          ],
          [
            500.32994255846205,
            583.8005070358228,
            0.0
          ],
          [
            500.34984184813015,
            578.9304123836926,
            0.0
          ],
          [
            500.3683260568508,
            574.1061413643514,
            0.0
          ],
          [
            500.3860150232358,
            569.3222970627813,
            0.0
          ],
          [
            500.4034749138173,
            564.5518483630768,
            0.0
          ],
          [
            500.42125989630097,
            559.7738066447226,
            0.0
          ],
          [
            500.439920304386,
            554.9770305211767,
            0.0
          ],
          [
            500.4596437937007,
            550.1872022444817,
            0.0
          ],
          [
            500.4798833564629,
            545.4148276664441,
            0.0
          ],
          [
            500.5002298177868,
            540.6417937151876,
            0.0
          ],
          [
            500.5203523453281,
            535.8453347791622,
            0.0
          ],
          [
            500.5400061119924,
            530.9948122283206,
            0.0
          ],
          [
            500.55872097642214,
            526.1577404767296,
            0.0
          ],
          [
            500.57652709105446,
            521.3680707500648,
            0.0
          ],
          [
            500.59398839253697,
            516.5967487968462,
            0.0
          ],
          [
            500.6116602552949,
            511.82172295767487,
            0.0
          ],
          [
            500.62999988600177,
            507.05445678182684,
            0.0
          ]
        ],
        "type": "LineString"
      },
      "id": "road:349:section:0:lane:-4",
      "properties": {
        "lane_id": "road:349:section:0:lane:-4",
        "road_id": "349",
        "speed_limit_mps": 13.89
      },
      "type": "Feature"
    },
    {
      "geometry": {
        "coordinates": [
          [
            496.81000724272633,
            588.5697900580446,
            0.0
          ],
          [
            496.82994389663503,
            583.803567625459,
            0.0
          ],
          [
            496.84992792936106,
            578.9058652615332,
            0.0
          ],
          [
            496.86851904522496,
            574.0693870261753,
            0.0
          ],
          [
            496.88625134849235,
            569.2816249476907,
            0.0
          ],
          [
            496.9036977582145,
            564.5123532859102,
            0.0
          ],
          [
            496.9214097664241,
            559.741417319304,
            0.0
          ],
          [
            496.93994503644626,
            554.9638728690286,
            0.0
          ],
          [
            496.9596439059726,
            550.188088756324,
            0.0
          ],
          [
            496.97988779586285,
            545.4204022319193,
            0.0
          ],
          [
            497.00023309047435,
            540.6465800292264,
            0.0
          ],
          [
            497.02035279237674,
            535.8435657850418,
            0.0
          ],
          [
            497.04006365835704,
            530.9747418212266,
            0.0
          ],
          [
            497.0588973709488,
            526.122601743524,
            0.0
          ],
          [
            497.07675928734113,
            521.327755491276,
            0.0
          ],
          [
            497.09421860805065,
            516.5566058572891,
            0.0
          ],
          [
            497.11183026191304,
            511.7872263284942,
            0.0
          ],
          [
            497.1299998860018,
            507.0544572830447,
            0.0
          ]
        ],
        "type": "LineString"
      },
      "id": "road:349:section:0:lane:-5",
      "properties": {
        "lane_id": "road:349:section:0:lane:-5",
        "road_id": "349",
        "speed_limit_mps": 13.89
      },
      "type": "Feature"
    },
    {
      "geometry": {
        "coordinates": [
          [
            493.31000724381687,
            588.5698774292625,
            0.0
          ],
          [
            493.329945234808,
            583.8066282150952,
            0.0
          ],
          [
            493.35001401059196,
            578.8813181393738,
            0.0
          ],
          [
            493.36871203359914,
            574.0326326879991,
            0.0
          ],
          [
            493.38648767374883,
            569.2409528326001,
            0.0
          ],
          [
            493.4039206026116,
            564.4728582087437,
            0.0
          ],
          [
            493.4215596365473,
            559.7090279938852,
            0.0
          ],
          [
            493.4399697685065,
            554.9507152168806,
            0.0
          ],
          [
            493.4596440182445,
            550.1889752681661,
            0.0
          ],
          [
            493.47989223526287,
            545.4259767973945,
            0.0
          ],
          [
            493.5002363631619,
            540.6513663432651,
            0.0
          ],
          [
            493.52035323942533,
            535.8417967909216,
            0.0
          ],
          [
            493.5401212047217,
            530.9546714141328,
            0.0
          ],
          [
            493.5590737654754,
            526.0874630103184,
            0.0
          ],
          [
            493.5769914836277,
            521.2874402324871,
            0.0
          ],
          [
            493.5944488235643,
            516.5164629177322,
            0.0
          ],
          [
            493.61200026853123,
            511.75272969931365,
            0.0
          ],
          [
            493.6299998860018,
            507.0544577842626,
            0.0
          ]
        ],
        "type": "LineString"
      },
      "id": "road:349:section:0:lane:-6",
      "properties": {
        "lane_id": "road:349:section:0:lane:-6",
        "road_id": "349",
        "speed_limit_mps": 13.89
      },
      "type": "Feature"
    },
    {
      "geometry": {
        "coordinates": [
          [
            504.75621012696416,
            663.0791441084535,
            0.0
          ],
          [
            504.22575701111896,
            658.1128358819818,
            0.0
          ],
          [
            503.8593761387685,
            653.1272231584501,
            0.0
          ],
          [
            503.64776316518925,
            648.1371885667417,
            0.0
          ],
          [
            503.599999998401,
            643.1548365693295,
            0.0
          ],
          [
            503.62053600578076,
            638.2082118575819,
            0.0
          ],
          [
            503.63288550714674,
            633.2403349979551,
            0.0
          ],
          [
            503.6537121487068,
            628.2883234342123,
            0.0
          ],
          [
            503.67464075297625,
            623.3343487720714,
            0.0
          ],
          [
            503.6955230936039,
            618.3809999438298,
            0.0
          ],
          [
            503.70946414767263,
            613.4498113870565,
            0.0
          ],
          [
            503.7294473857532,
            608.4974237273042,
            0.0
          ],
          [
            503.7499999976923,
            603.5699808956089,
            0.0
          ]
        ],
        "type": "LineString"
      },
      "id": "road:350:section:0:lane:-3",
      "properties": {
        "lane_id": "road:350:section:0:lane:-3",
        "road_id": "350",
        "speed_limit_mps": 13.89
      },
      "type": "Feature"
    },
    {
      "geometry": {
        "coordinates": [
          [
            501.2821558208924,
            663.5045223853607,
            0.0
          ],
          [
            500.74016275888744,
            658.4300624710479,
            0.0
          ],
          [
            500.3645898186773,
            653.318190634486,
            0.0
          ],
          [
            500.1486547059515,
            648.2161821771849,
            0.0
          ],
          [
            500.099999998401,
            643.1548366199542,
            0.0
          ],
          [
            500.120536669769,
            638.2060559546462,
            0.0
          ],
          [
            500.133109785979,
            633.2007130151051,
            0.0
          ],
          [
            500.15395100459716,
            628.2474341424576,
            0.0
          ],
          [
            500.1748932016549,
            623.2923121568377,
            0.0
          ],
          [
            500.1957758908479,
            618.3389343188899,
            0.0
          ],
          [
            500.20946446978513,
            613.4513129819376,
            0.0
          ],
          [
            500.2294473860629,
            608.4974702878299,
            0.0
          ],
          [
            500.2499999976923,
            603.5699809068267,
            0.0
          ]
        ],
        "type": "LineString"
      },
      "id": "road:350:section:0:lane:-4",
      "properties": {
        "lane_id": "road:350:section:0:lane:-4",
        "road_id": "350",
        "speed_limit_mps": 13.89
      },
      "type": "Feature"
    },
    {
      "geometry": {
        "coordinates": [
          [
            497.8081015148207,
            663.9299006622679,
            0.0
          ],
          [
            497.25456850665586,
            658.747289060114,
            0.0
          ],
          [
            496.8698034985861,
            653.5091581105219,
            0.0
          ],
          [
            496.6495462467137,
            648.2951757876282,
            0.0
          ],
          [
            496.599999998401,
            643.1548366705788,
            0.0
          ],
          [
            496.6205373337573,
            638.2039000517107,
            0.0
          ],
          [
            496.63333406481127,
            633.1610910322551,
            0.0
          ],
          [
            496.65418986048746,
            628.2065448507028,
            0.0
          ],
          [
            496.67514565033355,
            623.2502755416041,
            0.0
          ],
          [
            496.6960286880919,
            618.2968686939499,
            0.0
          ],
          [
            496.7094647918976,
            613.4528145768187,
            0.0
          ],
          [
            496.7294473863726,
            608.4975168483555,
            0.0
          ],
          [
            496.7499999976923,
            603.5699809180445,
            0.0
          ]
        ],
        "type": "LineString"
      },
      "id": "road:350:section:0:lane:-5",
      "properties": {
        "lane_id": "road:350:section:0:lane:-5",
        "road_id": "350",
        "speed_limit_mps": 13.89
      },
      "type": "Feature"
    },
    {
      "geometry": {
        "coordinates": [
          [
            494.334047208749,
            664.3552789391749,
            0.0
          ],
          [
            493.76897425442434,
            659.0645156491801,
            0.0
          ],
          [
            493.37501717849494,
            653.7001255865579,
            0.0
          ],
          [
            493.150437787476,
            648.3741693980714,
            0.0
          ],
          [
            493.099999998401,
            643.1548367212034,
            0.0
          ],
          [
            493.12053799774554,
            638.201744148775,
            0.0
          ],
          [
            493.1335583436436,
            633.1214690494049,
            0.0
          ],
          [
            493.1544287163778,
            628.1656555589481,
            0.0
          ],
          [
            493.1753980990122,
            623.2082389263704,
            0.0
          ],
          [
            493.19628148533593,
            618.2548030690101,
            0.0
          ],
          [
            493.2094651140101,
            613.4543161716998,
            0.0
          ],
          [
            493.2294473866823,
            608.4975634088812,
            0.0
          ],
          [
            493.2499999976923,
            603.5699809292624,
            0.0
          ]
        ],
        "type": "LineString"
      },
      "id": "road:350:section:0:lane:-6",
      "properties": {
        "lane_id": "road:350:section:0:lane:-6",
        "road_id": "350",
        "speed_limit_mps": 13.89
      },
      "type": "Feature"
    },
    {
      "geometry": {
        "coordinates": [
          [
            878.143042424071,
            492.43367536977445,
            0.0
          ],
          [
            873.2700496110416,
            492.3715129615573,
            0.0
          ],
          [
            868.3970567980122,
            492.3093505533401,
            0.0
          ],
          [
            863.5240639849826,
            492.24718814512295,
            0.0
          ],
          [
            858.6621521372238,
            492.1853305139541,
            0.0
          ],
          [
            853.7858934440335,
            492.07694458178736,
            0.0
          ],
          [
            848.8726722037669,
            491.9283604261093,
            0.0
          ],
          [
            844.2941138519897,
            491.7440131023463,
            0.0
          ],
          [
            838.9540192725592,
            491.5275275542445,
            0.0
          ],
          [
            834.2353633257195,
            491.34108494201604,
            0.0
          ],
          [
            829.8296638777227,
            491.74995994700663,
            0.0
          ],
          [
            825.7031358273096,
            493.2828075931023,
            0.0
          ],
          [
            822.1382456689971,
            495.81522136102143,
            0.0
          ],
          [
            819.3405039537905,
            499.18668723485035,
            0.0
          ],
          [
            817.5058915191705,
            503.16168827625063,
            0.0
          ],
          [
            816.7636055916611,
            507.5079292086632,
            0.0
          ],
          [
            816.7868583578119,
            512.3280545970688,
            0.0
          ],
          [
            816.8314720384388,
            517.2012396684911,
            0.0
          ],
          [
            816.8760857190657,
            522.0744247399134,
            0.0
          ],
          [
            816.9206993996927,
            526.9476098113356,
            0.0
          ],
          [
            816.9653130803197,
            531.8207948827579,
            0.0
          ],
          [
            817.0099267609465,
            536.6939799541802,
            0.0
          ]
        ],
        "type": "LineString"
      },
      "id": "road:351:section:0:lane:-1",
      "properties": {
        "lane_id": "road:351:section:0:lane:-1",
        "road_id": "351",
        "speed_limit_mps": 13.89
      },
      "type": "Feature"
    },
    {
      "geometry": {
        "coordinates": [
          [
            565.1731837813398,
            605.9390049906257,
            0.03
          ],
          [
            565.2034878919677,
            610.9368535887244,
            0.03
          ],
          [
            565.2337920025955,
            615.934702186823,
            0.03
          ],
          [
            565.2640961132233,
            620.9325507849217,
            0.03
          ],
          [
            565.2948531484974,
            625.9304120615924,
            0.03
          ],
          [
            565.4696902205454,
            630.8336785211758,
            0.03
          ],
          [
            565.8560534992973,
            635.7475755387712,
            0.03
          ],
          [
            566.4483324603893,
            640.639513410866,
            0.03
          ],
          [
            567.2625106094713,
            645.4775949764676,
            0.03
          ],
          [
            568.2873898157462,
            650.293974146331,
            0.03
          ],
          [
            569.5227681484887,
            655.0702268821889,
            0.03
          ],
          [
            570.9620500449986,
            659.7746763683334,
            0.03
          ],
          [
            572.6083326766984,
            664.4169970701195,
            0.03
          ],
          [
            574.4529389370455,
            668.9788145608904,
            0.03
          ],
          [
            576.4873143170062,
            673.4341439019554,
            0.03
          ],
          [
            578.7318576104162,
            677.8321801226101,
            0.03
          ],
          [
            581.153610703588,
            682.1124478514076,
            0.03
          ],
          [
            583.7592606772674,
            686.2735360249638,
            0.03
          ],
          [
            586.5517482868127,
            690.3229855723586,
            0.03
          ],
          [
            589.5292386509371,
            694.2615855906546,
            0.03
          ],
          [
            592.6524526414236,
            698.0469164401779,
            0.03
          ],
          [
            595.9649082283113,
            701.7081816677701,
            0.03
          ],
          [
            599.4397848117688,
            705.1777524991,
            0.03
          ],
          [
            603.0792837790739,
            708.4527866991386,
            0.03
          ],
          [
            606.8891620156677,
            711.5514111441672,
            0.03
          ],
          [
            610.8474584109415,
            714.4550516765065,
            0.03
          ],
          [
            614.9431107454412,
            717.132029889777,
            0.03
          ],
          [
            619.1893438792578,
            719.6184975544544,
            0.03
          ],
          [
            623.5526766525463,
            721.8743051679619,
            0.03
          ],
          [
            628.0150899421941,
            723.9016497849345,
            0.03
          ],
          [
            632.5934935762145,
            725.7081042075447,
            0.03
          ],
          [
            637.2259076659429,
            727.2656887185645,
            0.03
          ],
          [
            641.9464239079308,
            728.5895158379295,
            0.03
          ],
          [
            646.7341977421262,
            729.6694219346941,
            0.03
          ],
          [
            651.5734586759572,
            730.5035484098946,
            0.03
          ],
          [
            656.4682285229726,
            731.0907942614115,
            0.03
          ],
          [
            661.3654212452735,
            731.4236622477646,
            0.03
          ],
          [
            666.257306483493,
            731.5085281173299,
            0.03
          ],
          [
            671.2552313747192,
            731.4960489226735,
            0.03
          ],
          [
            676.2531562659454,
            731.4835697280171,
            0.03
          ],
          [
            681.2510811571716,
            731.4710905333607,
            0.03
          ],
          [
            686.2490060483977,
            731.4586113387043,
            0.03
          ],
          [
            691.246930939624,
            731.4461321440477,
            0.03
          ],
          [
            696.2448558308503,
            731.4336529493913,
            0.03
          ]
        ],
        "type": "LineString"
      },
      "id": "road:352:section:0:lane:-1",
      "properties": {
        "lane_id": "road:352:section:0:lane:-1",
        "road_id": "352",
        "speed_limit_mps": 13.89
      },
      "type": "Feature"
    },
    {
      "geometry": {
        "coordinates": [
          [
            634.235318474857,
            605.1491637056869,
            0.04
          ],
          [
            634.4471971450361,
            609.9929446551813,
            0.04
          ],
          [
            634.692086157241,
            614.7695619498234,
            0.04
          ],
          [
            635.258901677076,
            619.4108820861336,
            0.04
          ],
          [
            636.2078931053074,
            624.0153125401638,
            0.04
          ],
          [
            637.5414674796804,
            628.5605936042285,
            0.04
          ],
          [
            639.2314840656371,
            632.9745796093599,
            0.04
          ],
          [
            641.2721708177131,
            637.2318886368492,
            0.04
          ],
          [
            643.6320276539332,
            641.2631906541106,
            0.04
          ],
          [
            646.3129006890118,
            645.1142938948179,
            0.04
          ],
          [
            649.3114999497785,
            648.7329008688564,
            0.04
          ],
          [
            652.5915083970489,
            652.1042802412663,
            0.04
          ],
          [
            656.1527559550836,
            655.234868991239,
            0.04
          ],
          [
            659.932430614013,
            658.0624074135446,
            0.04
          ],
          [
            663.919949672535,
            660.5888679229786,
            0.04
          ],
          [
            668.0481538384913,
            662.7795962818218,
            0.04
          ],
          [
            672.3566111000695,
            664.6617175917524,
            0.04
          ],
          [
            676.7966579561853,
            666.2035402744365,
            0.04
          ],
          [
            681.3702302703647,
            667.3983637311221,
            0.04
          ],
          [
            686.0353567486325,
            668.244673647315,
            0.04
          ],
          [
            690.7381719441868,
            668.7291472674264,
            0.04
          ],
          [
            695.4905470405947,
            668.9028423624146,
            0.04
          ]
        ],
        "type": "LineString"
      },
      "id": "road:353:section:0:lane:-1",
      "properties": {
        "lane_id": "road:353:section:0:lane:-1",
        "road_id": "353",
        "speed_limit_mps": 13.89
      },
      "type": "Feature"
    },
    {
      "geometry": {
        "coordinates": [
          [
            553.2434373230637,
            597.6316091299618,
            0.2
          ],
          [
            548.3011880671603,
            597.6591951420486,
            0.2
          ],
          [
            543.3589388112567,
            597.6867811541355,
            0.2
          ],
          [
            538.4166895553533,
            597.7143671662222,
            0.2
          ],
          [
            533.4744402994498,
            597.741953178309,
            0.2
          ],
          [
            528.5321910435463,
            597.7695391903958,
            0.2
          ],
          [
            523.5899417876428,
            597.7971252024827,
            0.2
          ]
        ],
        "type": "LineString"
      },
      "id": "road:354:section:0:lane:-1",
      "properties": {
        "lane_id": "road:354:section:0:lane:-1",
        "road_id": "354",
        "speed_limit_mps": 13.89
      },
      "type": "Feature"
    },
    {
      "geometry": {
        "coordinates": [
          [
            622.2607450258062,
            597.2328143068871,
            0.2
          ],
          [
            617.3851680691264,
            597.2604261332692,
            0.2
          ],
          [
            612.5095911124467,
            597.2880379596514,
            0.2
          ],
          [
            607.634014155767,
            597.3156497860335,
            0.2
          ],
          [
            602.7584371990873,
            597.3432616124156,
            0.2
          ],
          [
            597.8828602424076,
            597.3708734387977,
            0.2
          ],
          [
            593.0072832857279,
            597.3984852651799,
            0.2
          ],
          [
            588.1317063290481,
            597.426097091562,
            0.2
          ],
          [
            583.2561293723685,
            597.4537089179441,
            0.2
          ],
          [
            578.3805524156887,
            597.4813207443262,
            0.2
          ],
          [
            573.5049754590091,
            597.5089325707085,
            0.2
          ]
        ],
        "type": "LineString"
      },
      "id": "road:355:section:0:lane:-1",
      "properties": {
        "lane_id": "road:355:section:0:lane:-1",
        "road_id": "355",
        "speed_limit_mps": 13.89
      },
      "type": "Feature"
    },
    {
      "geometry": {
        "coordinates": [
          [
            695.5300335588098,
            596.8199712362486,
            0.2
          ],
          [
            690.6943728456573,
            596.8476967697572,
            0.2
          ],
          [
            685.8587121325048,
            596.8754223032659,
            0.2
          ],
          [
            681.0230514193523,
            596.9031478367746,
            0.2
          ],
          [
            676.1873907061998,
            596.9308733702832,
            0.2
          ],
          [
            671.3517299930473,
            596.9585989037918,
            0.2
          ],
          [
            666.5160692798949,
            596.9863244373004,
            0.2
          ],
          [
            661.6804085667424,
            597.014049970809,
            0.2
          ],
          [
            656.8447478535899,
            597.0417755043176,
            0.2
          ],
          [
            652.0090871404374,
            597.0695010378263,
            0.2
          ],
          [
            647.1734264272849,
            597.0972265713349,
            0.2
          ],
          [
            642.3377657141324,
            597.1249521048435,
            0.2
          ]
        ],
        "type": "LineString"
      },
      "id": "road:356:section:0:lane:-1",
      "properties": {
        "lane_id": "road:356:section:0:lane:-1",
        "road_id": "356",
        "speed_limit_mps": 13.89
      },
      "type": "Feature"
    },
    {
      "geometry": {
        "coordinates": [
          [
            893.4268212148137,
            442.82579639551284,
            0.0
          ],
          [
            892.4699787938564,
            437.3811268758412,
            0.0
          ],
          [
            891.5501900658203,
            433.25382622832046,
            0.0
          ],
          [
            890.4918011315715,
            430.06340908078454,
            0.0
          ],
          [
            889.1034143547706,
            427.3529853721896,
            0.0
          ],
          [
            887.132210473989,
            424.6260003271303,
            0.0
          ],
          [
            884.3229528119118,
            421.4597779793376,
            0.0
          ],
          [
            880.4733313440119,
            417.4882835664005,
            0.0
          ]
        ],
        "type": "LineString"
      },
      "id": "road:357:section:0:lane:-1",
      "properties": {
        "lane_id": "road:357:section:0:lane:-1",
        "road_id": "357",
        "speed_limit_mps": 13.89
      },
      "type": "Feature"
    },
    {
      "geometry": {
        "coordinates": [
          [
            889.974451784441,
            443.4012486665386,
            0.0
          ],
          [
            889.0328524110543,
            438.04155266928433,
            0.0
          ],
          [
            888.1690983609003,
            434.1583807501273,
            0.0
          ],
          [
            887.258045402966,
            431.4023728173029,
            0.0
          ],
          [
            886.1273180946213,
            429.1949547124136,
            0.0
          ],
          [
            884.4202761179688,
            426.8385581339768,
            0.0
          ],
          [
            881.7730269074524,
            423.85725120791943,
            0.0
          ],
          [
            877.980457855878,
            419.9450256717423,
            0.0
          ]
        ],
        "type": "LineString"
      },
      "id": "road:357:section:0:lane:-2",
      "properties": {
        "lane_id": "road:357:section:0:lane:-2",
        "road_id": "357",
        "speed_limit_mps": 13.89
      },
      "type": "Feature"
    },
    {
      "geometry": {
        "coordinates": [
          [
            886.5220823540684,
            443.9767009375643,
            0.0
          ],
          [
            885.595726028252,
            438.7019784627275,
            0.0
          ],
          [
            884.7880066559803,
            435.0629352719341,
            0.0
          ],
          [
            884.0242896743605,
            432.74133655382127,
            0.0
          ],
          [
            883.1512218344719,
            431.03692405263763,
            0.0
          ],
          [
            881.7083417619485,
            429.05111594082325,
            0.0
          ],
          [
            879.2231010029928,
            426.25472443650125,
            0.0
          ],
          [
            875.4875843677441,
            422.4017677770841,
            0.0
          ]
        ],
        "type": "LineString"
      },
      "id": "road:357:section:0:lane:-3",
      "properties": {
        "lane_id": "road:357:section:0:lane:-3",
        "road_id": "357",
        "speed_limit_mps": 13.89
      },
      "type": "Feature"
    },
    {
      "geometry": {
        "coordinates": [
          [
            883.0697129236958,
            444.5521532085901,
            0.0
          ],
          [
            882.1585996454498,
            439.36240425617063,
            0.0
          ],
          [
            881.4069149510603,
            435.967489793741,
            0.0
          ],
          [
            880.7905339457551,
            434.0803002903396,
            0.0
          ],
          [
            880.1751255743227,
            432.87889339286164,
            0.0
          ],
          [
            878.9964074059283,
            431.2636737476697,
            0.0
          ],
          [
            876.6731750985334,
            428.65219766508307,
            0.0
          ],
          [
            872.9947108796102,
            424.8585098824259,
            0.0
          ]
        ],
        "type": "LineString"
      },
      "id": "road:357:section:0:lane:-4",
      "properties": {
        "lane_id": "road:357:section:0:lane:-4",
        "road_id": "357",
        "speed_limit_mps": 13.89
      },
      "type": "Feature"
    },
    {
      "geometry": {
        "coordinates": [
          [
            903.648363040216,
            398.433586838891,
            0.0
          ],
          [
            904.6977931658242,
            404.6387828388529,
            0.0
          ],
          [
            905.5507561654974,
            409.64705734178074,
            0.0
          ],
          [
            906.2628572178605,
            413.80093735362203,
            0.0
          ],
          [
            906.8897428266907,
            417.4431802908238,
            0.0
          ],
          [
            907.487019599297,
            420.91631468533893,
            0.0
          ],
          [
            908.1101617827824,
            424.56211865389594,
            0.0
          ],
          [
            908.8145506468096,
            428.721829310924,
            0.0
          ],
          [
            909.6555932130607,
            433.73681269848913,
            0.0
          ],
          [
            910.6887678638949,
            439.9488406590493,
            0.0
          ]
        ],
        "type": "LineString"
      },
      "id": "road:358:section:0:lane:-1",
      "properties": {
        "lane_id": "road:358:section:0:lane:-1",
        "road_id": "358",
        "speed_limit_mps": 13.89
      },
      "type": "Feature"
    },
    {
      "geometry": {
        "coordinates": [
          [
            907.0996655006483,
            397.851769576673,
            0.0
          ],
          [
            908.1484434142073,
            404.05310983850774,
            0.0
          ],
          [
            909.0007224893149,
            409.057368979571,
            0.0
          ],
          [
            909.7122694447569,
            413.2080163732729,
            0.0
          ],
          [
            910.3389749747765,
            416.84921262452235,
            0.0
          ],
          [
            910.936610084211,
            420.32443168474623,
            0.0
          ],
          [
            911.5605486972823,
            423.9748962596978,
            0.0
          ],
          [
            912.2658858058887,
            428.14020604823224,
            0.0
          ],
          [
            913.1077936579883,
            433.1603475321157,
            0.0
          ],
          [
            914.14165858357,
            439.37652459429,
            0.0
          ]
        ],
        "type": "LineString"
      },
      "id": "road:358:section:0:lane:-2",
      "properties": {
        "lane_id": "road:358:section:0:lane:-2",
        "road_id": "358",
        "speed_limit_mps": 13.89
      },
      "type": "Feature"
    },
    {
      "geometry": {
        "coordinates": [
          [
            887.9519550444893,
            410.118055278711,
            0.0
          ],
          [
            892.4145040720342,
            414.72071041162627,
            0.0
          ],
          [
            895.8002283974815,
            418.53804081476767,
            0.0
          ],
          [
            898.3371440633811,
            422.0527048925612,
            0.0
          ],
          [
            900.2002832965977,
            425.69064949750947,
            0.0
          ],
          [
            901.5671677155448,
            429.80388028864803,
            0.0
          ],
          [
            902.676823765859,
            434.78413881460284,
            0.0
          ],
          [
            903.7839915664792,
            441.09962399472334,
            0.0
          ]
        ],
        "type": "LineString"
      },
      "id": "road:359:section:0:lane:-1",
      "properties": {
        "lane_id": "road:359:section:0:lane:-1",
        "road_id": "359",
        "speed_limit_mps": 13.89
      },
      "type": "Feature"
    },
    {
      "geometry": {
        "coordinates": [
          [
            890.4444005934679,
            407.660879016133,
            0.0
          ],
          [
            894.9641058416487,
            412.32289248351356,
            0.0
          ],
          [
            898.5120676091782,
            416.3253663945457,
            0.0
          ],
          [
            901.313430886252,
            420.21104348285394,
            0.0
          ],
          [
            903.4343892160101,
            424.3525318262931,
            0.0
          ],
          [
            904.9486043162392,
            428.90061592231643,
            0.0
          ],
          [
            906.1142523863947,
            434.12528793714876,
            0.0
          ],
          [
            907.2366506458396,
            440.5259121491854,
            0.0
          ]
        ],
        "type": "LineString"
      },
      "id": "road:359:section:0:lane:-2",
      "properties": {
        "lane_id": "road:359:section:0:lane:-2",
        "road_id": "359",
        "speed_limit_mps": 13.89
      },
      "type": "Feature"
    },
    {
      "geometry": {
        "coordinates": [
          [
            892.9368461424465,
            405.203702753555,
            0.0
          ],
          [
            897.5137076112632,
            409.9250745554009,
            0.0
          ],
          [
            901.2239068208748,
            414.11269197432375,
            0.0
          ],
          [
            904.2897177091229,
            418.36938207314665,
            0.0
          ],
          [
            906.6684951354225,
            423.0144141550767,
            0.0
          ],
          [
            908.3300409169335,
            427.9973515559848,
            0.0
          ],
          [
            909.5516810069305,
            433.4664370596947,
            0.0
          ],
          [
            910.6893097252,
            439.95220030364743,
            0.0
          ]
        ],
        "type": "LineString"
      },
      "id": "road:359:section:0:lane:-3",
      "properties": {
        "lane_id": "road:359:section:0:lane:-3",
        "road_id": "359",
        "speed_limit_mps": 13.89
      },
      "type": "Feature"
    },
    {
      "geometry": {
        "coordinates": [
          [
            895.4292916914251,
            402.746526490977,
            0.0
          ],
          [
            900.0633093808777,
            407.52725662728824,
            0.0
          ],
          [
            903.9357460325715,
            411.9000175541018,
            0.0
          ],
          [
            907.2660045319938,
            416.5277206634394,
            0.0
          ],
          [
            909.9026010548349,
            421.67629648386026,
            0.0
          ],
          [
            911.7114775176279,
            427.0940871896532,
            0.0
          ],
          [
            912.9891096274662,
            432.8075861822407,
            0.0
          ],
          [
            914.1419688045603,
            439.3784884581095,
            0.0
          ]
        ],
        "type": "LineString"
      },
      "id": "road:359:section:0:lane:-4",
      "properties": {
        "lane_id": "road:359:section:0:lane:-4",
        "road_id": "359",
        "speed_limit_mps": 13.89
      },
      "type": "Feature"
    },
    {
      "geometry": {
        "coordinates": [
          [
            705.0490842131164,
            743.2557640201624,
            0.02
          ],
          [
            704.409109400166,
            739.4174275890698,
            0.022499980744046626
          ],
          [
            702.8402244417704,
            736.9470155030648,
            0.02499996148809325
          ],
          [
            700.2449130327127,
            735.4677577227873,
            0.027499942232139876
          ],
          [
            696.2536801578033,
            734.9336417186995,
            0.0299999229761865
          ]
        ],
        "type": "LineString"
      },
      "id": "road:360:section:0:lane:-1",
      "properties": {
        "lane_id": "road:360:section:0:lane:-1",
        "road_id": "360",
        "speed_limit_mps": 7.97
      },
      "type": "Feature"
    },
    {
      "geometry": {
        "coordinates": [
          [
            705.049082169119,
            743.2556749162392,
            0.02
          ],
          [
            704.9283922135779,
            738.1406519016305,
            0.02
          ],
          [
            704.838005347461,
            734.5104027927956,
            0.02
          ],
          [
            704.7600463551548,
            731.3719453704504,
            0.02
          ],
          [
            704.6767425004562,
            727.7360436571544,
            0.02
          ],
          [
            704.5703498906989,
            722.6149929779509,
            0.02
          ]
        ],
        "type": "LineString"
      },
      "id": "road:361:section:0:lane:-1",
      "properties": {
        "lane_id": "road:361:section:0:lane:-1",
        "road_id": "361",
        "speed_limit_mps": 13.89
      },
      "type": "Feature"
    },
    {
      "geometry": {
        "coordinates": [
          [
            705.0490805056829,
            743.2556022556093,
            0.02
          ],
          [
            705.934841274738,
            737.1602372374349,
            0.0133333321330457
          ],
          [
            709.2400139815236,
            733.0329747548011,
            0.0066666642660914
          ],
          [
            714.5858548407014,
            731.6374582952529,
            -3.600862902991553e-09
          ]
        ],
        "type": "LineString"
      },
      "id": "road:362:section:0:lane:-1",
      "properties": {
        "lane_id": "road:362:section:0:lane:-1",
        "road_id": "362",
        "speed_limit_mps": 8.73
      },
      "type": "Feature"
    },
    {
      "geometry": {
        "coordinates": [
          [
            714.622172804405,
            735.1372698481676,
            0.0
          ],
          [
            711.0970808327488,
            735.9996736656678,
            0.0066666678669543
          ],
          [
            709.1985320599192,
            738.4244849074158,
            0.0133333357339086
          ],
          [
            708.5481620086633,
            743.1754254992435,
            0.020000003600862903
          ]
        ],
        "type": "LineString"
      },
      "id": "road:363:section:0:lane:-1",
      "properties": {
        "lane_id": "road:363:section:0:lane:-1",
        "road_id": "363",
        "speed_limit_mps": 7.25
      },
      "type": "Feature"
    },
    {
      "geometry": {
        "coordinates": [
          [
            714.6220604486791,
            735.1372710173094,
            0.0
          ],
          [
            709.134854352009,
            735.1423740961413,
            0.004687504498585018
          ],
          [
            705.3766472493957,
            735.061908770194,
            0.014999756435697866
          ],
          [
            701.6674236287004,
            734.9689272260193,
            0.025311363473375217
          ],
          [
            696.2536010063658,
            734.9336418352875,
            0.02999693327365379
          ]
        ],
        "type": "LineString"
      },
      "id": "road:364:section:0:lane:-1",
      "properties": {
        "lane_id": "road:364:section:0:lane:-1",
        "road_id": "364",
        "speed_limit_mps": 13.89
      },
      "type": "Feature"
    },
    {
      "geometry": {
        "coordinates": [
          [
            714.6219484290094,
            735.1372721757718,
            0.0
          ],
          [
            710.3621103229895,
            734.3475129829204,
            0.00499999155125835
          ],
          [
            707.110867675824,
            731.7918582074078,
            0.0099999831025167
          ],
          [
            705.2288635010591,
            727.7918214527334,
            0.014999974653775049
          ],
          [
            704.57034864328,
            722.6149287742136,
            0.0199999662050334
          ]
        ],
        "type": "LineString"
      },
      "id": "road:365:section:0:lane:-1",
      "properties": {
        "lane_id": "road:365:section:0:lane:-1",
        "road_id": "365",
        "speed_limit_mps": 9.04
      },
      "type": "Feature"
    },
    {
      "geometry": {
        "coordinates": [
          [
            708.0696488180348,
            722.544942791393,
            0.02
          ],
          [
            708.6099351272821,
            726.8871919123669,
            0.01500000844874165
          ],
          [
            709.8887057107966,
            729.6626292670413,
            0.0100000168974833
          ],
          [
            711.7603338237823,
            731.1389352383572,
            0.0050000253462249514
          ],
          [
            714.5856305246315,
            731.6374605711263,
            3.379496659947079e-08
          ]
        ],
        "type": "LineString"
      },
      "id": "road:366:section:0:lane:-1",
      "properties": {
        "lane_id": "road:366:section:0:lane:-1",
        "road_id": "366",
        "speed_limit_mps": 7.63
      },
      "type": "Feature"
    },
    {
      "geometry": {
        "coordinates": [
          [
            708.0696501027129,
            722.5450069653054,
            0.02
          ],
          [
            708.1759106668469,
            727.6597394884973,
            0.02
          ],
          [
            708.2590301056368,
            731.2876066433113,
            0.02
          ],
          [
            708.3368924502562,
            734.4221448717311,
            0.02
          ],
          [
            708.4273528019519,
            738.0553562432008,
            0.02
          ],
          [
            708.548163821934,
            743.175498152953,
            0.02
          ]
        ],
        "type": "LineString"
      },
      "id": "road:367:section:0:lane:-1",
      "properties": {
        "lane_id": "road:367:section:0:lane:-1",
        "road_id": "367",
        "speed_limit_mps": 13.89
      },
      "type": "Feature"
    },
    {
      "geometry": {
        "coordinates": [
          [
            708.0696518130425,
            722.5450925850678,
            0.02
          ],
          [
            707.4443191408216,
            727.7182500205765,
            0.022499993832237775
          ],
          [
            705.1768732373129,
            731.7251702372264,
            0.024999987664475552
          ],
          [
            701.309259415921,
            734.1642223410001,
            0.027499981496713326
          ],
          [
            696.2535049203491,
            734.9336421808314,
            0.0299999753289511
          ]
        ],
        "type": "LineString"
      },
      "id": "road:368:section:0:lane:-1",
      "properties": {
        "lane_id": "road:368:section:0:lane:-1",
        "road_id": "368",
        "speed_limit_mps": 9.28
      },
      "type": "Feature"
    },
    {
      "geometry": {
        "coordinates": [
          [
            696.2447658079996,
            731.4336530621564,
            0.03
          ],
          [
            700.1595153304497,
            730.8584563862172,
            0.027500006167762225
          ],
          [
            702.6390537659807,
            729.3148855590123,
            0.02500001233552445
          ],
          [
            704.0954233232933,
            726.7009513072114,
            0.022500018503286673
          ],
          [
            704.5703516394278,
            722.6150786237858,
            0.0200000246710489
          ]
        ],
        "type": "LineString"
      },
      "id": "road:369:section:0:lane:-1",
      "properties": {
        "lane_id": "road:369:section:0:lane:-1",
        "road_id": "369",
        "speed_limit_mps": 7.9
      },
      "type": "Feature"
    },
    {
      "geometry": {
        "coordinates": [
          [
            696.2448619693773,
            731.4336528197487,
            0.03
          ],
          [
            701.7295668286827,
            731.4694790243545,
            0.02531249550141498
          ],
          [
            705.4768320886166,
            731.5633429921722,
            0.015000243564302133
          ],
          [
            709.1749421581909,
            731.6426037488496,
            0.0046886365266247815
          ],
          [
            714.5857424991107,
            731.6374595172006,
            3.0667263462083594e-06
          ]
        ],
        "type": "LineString"
      },
      "id": "road:370:section:0:lane:-1",
      "properties": {
        "lane_id": "road:370:section:0:lane:-1",
        "road_id": "370",
        "speed_limit_mps": 13.89
      },
      "type": "Feature"
    },
    {
      "geometry": {
        "coordinates": [
          [
            696.2449411251491,
            731.4336526241743,
            0.03
          ],
          [
            701.3116746445335,
            732.134288132738,
            0.027500019255953374
          ],
          [
            705.2521123230191,
            734.4107196718658,
            0.02500003851190675
          ],
          [
            707.6967144798198,
            738.216739241239,
            0.022500057767860123
          ],
          [
            708.5481657129353,
            743.1755873160638,
            0.020000077023813498
          ]
        ],
        "type": "LineString"
      },
      "id": "road:371:section:0:lane:-1",
      "properties": {
        "lane_id": "road:371:section:0:lane:-1",
        "road_id": "371",
        "speed_limit_mps": 9.34
      },
      "type": "Feature"
    },
    {
      "geometry": {
        "coordinates": [
          [
            851.4800887091941,
            600.5676202812135,
            0.0
          ],
          [
            850.7818258169566,
            598.0165377786188,
            0.06666667726334129
          ],
          [
            848.6588832149922,
            596.5475983189517,
            0.13333335452668257
          ],
          [
            844.3315761070799,
            595.9699616802806,
            0.20000003179002385
          ]
        ],
        "type": "LineString"
      },
      "id": "road:372:section:0:lane:-1",
      "properties": {
        "lane_id": "road:372:section:0:lane:-1",
        "road_id": "372",
        "speed_limit_mps": 6.72
      },
      "type": "Feature"
    },
    {
      "geometry": {
        "coordinates": [
          [
            851.4800875017066,
            600.5674999519081,
            0.0
          ],
          [
            851.4163981010763,
            595.1820367540311,
            0.0
          ],
          [
            851.3559455184221,
            591.4103234418207,
            0.0
          ],
          [
            851.2764815407272,
            586.0117147839459,
            0.0
          ]
        ],
        "type": "LineString"
      },
      "id": "road:373:section:0:lane:-1",
      "properties": {
        "lane_id": "road:373:section:0:lane:-1",
        "road_id": "373",
        "speed_limit_mps": 13.89
      },
      "type": "Feature"
    },
    {
      "geometry": {
        "coordinates": [
          [
            851.4800866617678,
            600.5674157594452,
            0.0
          ],
          [
            852.2827303020763,
            596.2662374476176,
            0.066666656766479
          ],
          [
            855.0493745751512,
            593.3235185940828,
            0.133333313532958
          ],
          [
            859.2300555375014,
            592.3900282750323,
            0.199999970299437
          ]
        ],
        "type": "LineString"
      },
      "id": "road:374:section:0:lane:-1",
      "properties": {
        "lane_id": "road:374:section:0:lane:-1",
        "road_id": "374",
        "speed_limit_mps": 7.47
      },
      "type": "Feature"
    },
    {
      "geometry": {
        "coordinates": [
          [
            859.2501281713528,
            595.8899706912246,
            0.2
          ],
          [
            856.6964664449496,
            596.411736209789,
            0.13333334323352103
          ],
          [
            855.4562864727208,
            597.7422255566399,
            0.06666668646704202
          ],
          [
            854.9799116437575,
            600.5324175001853,
            2.9700563008994152e-08
          ]
        ],
        "type": "LineString"
      },
      "id": "road:375:section:0:lane:-1",
      "properties": {
        "lane_id": "road:375:section:0:lane:-1",
        "road_id": "375",
        "speed_limit_mps": 5.91
      },
      "type": "Feature"
    },
    {
      "geometry": {
        "coordinates": [
          [
            859.2500360454844,
            595.8899712219894,
            0.2
          ],
          [
            853.7221741312314,
            595.9188307318258,
            0.2
          ],
          [
            849.8548970567094,
            595.9369309799017,
            0.2
          ],
          [
            844.3315131754636,
            595.9699620617735,
            0.2
          ]
        ],
        "type": "LineString"
      },
      "id": "road:376:section:0:lane:-1",
      "properties": {
        "lane_id": "road:376:section:0:lane:-1",
        "road_id": "376",
        "speed_limit_mps": 13.89
      },
      "type": "Feature"
    },
    {
      "geometry": {
        "coordinates": [
          [
            859.2499189923798,
            595.8899718893714,
            0.2
          ],
          [
            854.8730913603425,
            594.7110949646777,
            0.1333333419003458
          ],
          [
            852.1326901262615,
            591.16412020502,
            0.0666666838006916
          ],
          [
            851.2764806907103,
            586.0116503379958,
            2.5701037381642422e-08
          ]
        ],
        "type": "LineString"
      },
      "id": "road:377:section:0:lane:-1",
      "properties": {
        "lane_id": "road:377:section:0:lane:-1",
        "road_id": "377",
        "speed_limit_mps": 7.9
      },
      "type": "Feature"
    },
    {
      "geometry": {
        "coordinates": [
          [
            854.7761751282114,
            585.9654061816448,
            0.0
          ],
          [
            855.396844930441,
            589.901071107534,
            0.0666666580996542
          ],
          [
            856.7986816753478,
            591.7884075812882,
            0.1333333161993084
          ],
          [
            859.2298463254135,
            592.3900294756241,
            0.19999997429896263
          ]
        ],
        "type": "LineString"
      },
      "id": "road:378:section:0:lane:-1",
      "properties": {
        "lane_id": "road:378:section:0:lane:-1",
        "road_id": "378",
        "speed_limit_mps": 6.48
      },
      "type": "Feature"
    },
    {
      "geometry": {
        "coordinates": [
          [
            854.7761759806119,
            585.9654705980438,
            0.0
          ],
          [
            854.8554760581279,
            591.3530029683513,
            0.0
          ],
          [
            854.9160326470912,
            595.1314634259109,
            0.0
          ],
          [
            854.9799124580491,
            600.532501716815,
            0.0
          ]
        ],
        "type": "LineString"
      },
      "id": "road:379:section:0:lane:-1",
      "properties": {
        "lane_id": "road:379:section:0:lane:-1",
        "road_id": "379",
        "speed_limit_mps": 13.89
      },
      "type": "Feature"
    },
    {
      "geometry": {
        "coordinates": [
          [
            854.7761772357869,
            585.965565780443,
            0.0
          ],
          [
            853.6568812219977,
            591.348377661776,
            0.06666666363775146
          ],
          [
            849.9531371555421,
            594.8615765542005,
            0.13333332727550293
          ],
          [
            844.3314317302483,
            595.9699626187471,
            0.19999999091325438
          ]
        ],
        "type": "LineString"
      },
      "id": "road:380:section:0:lane:-1",
      "properties": {
        "lane_id": "road:380:section:0:lane:-1",
        "road_id": "380",
        "speed_limit_mps": 8.38
      },
      "type": "Feature"
    },
    {
      "geometry": {
        "coordinates": [
          [
            844.308405952048,
            592.4700384066923,
            0.2
          ],
          [
            848.4562899351139,
            591.6978053865158,
            0.13333333631378402
          ],
          [
            850.5568845288211,
            589.7235637882886,
            0.06666667262756801
          ],
          [
            851.2764827795967,
            586.0118099724284,
            8.941352019897764e-09
          ]
        ],
        "type": "LineString"
      },
      "id": "road:381:section:0:lane:-1",
      "properties": {
        "lane_id": "road:381:section:0:lane:-1",
        "road_id": "381",
        "speed_limit_mps": 7.08
      },
      "type": "Feature"
    },
    {
      "geometry": {
        "coordinates": [
          [
            844.3084873738376,
            592.4700378691415,
            0.2
          ],
          [
            849.8369142890632,
            592.436977231507,
            0.2
          ],
          [
            853.7059632661917,
            592.4188683198753,
            0.2
          ],
          [
            859.2299633975388,
            592.390028816013,
            0.2
          ]
        ],
        "type": "LineString"
      },
      "id": "road:382:section:0:lane:-1",
      "properties": {
        "lane_id": "road:382:section:0:lane:-1",
        "road_id": "382",
        "speed_limit_mps": 13.89
      },
      "type": "Feature"
    },
    {
      "geometry": {
        "coordinates": [
          [
            844.3085502866312,
            592.4700374563827,
            0.2
          ],
          [
            849.8245694902087,
            593.2474202598594,
            0.1333333227366587
          ],
          [
            853.6416020052319,
            595.9986974006016,
            0.06666664547331744
          ],
          [
            854.9799136915326,
            600.5326220548293,
            -3.1790023835576164e-08
          ]
        ],
        "type": "LineString"
      },
      "id": "road:383:section:0:lane:-1",
      "properties": {
        "lane_id": "road:383:section:0:lane:-1",
        "road_id": "383",
        "speed_limit_mps": 8.08
      },
      "type": "Feature"
    },
    {
      "geometry": {
        "coordinates": [
          [
            715.7492794862837,
            808.9795445091094,
            0.0
          ],
          [
            711.2209274089442,
            809.019199845286,
            0.0
          ],
          [
            708.1225361805058,
            809.0363457978411,
            0.0
          ],
          [
            705.0318245635407,
            809.0533003023457,
            0.0
          ],
          [
            700.5149895213361,
            809.0924160922248,
            0.0
          ]
        ],
        "type": "LineString"
      },
      "id": "road:384:section:0:lane:-1",
      "properties": {
        "lane_id": "road:384:section:0:lane:-1",
        "road_id": "384",
        "speed_limit_mps": 13.89
      },
      "type": "Feature"
    },
    {
      "geometry": {
        "coordinates": [
          [
            715.7849899788512,
            812.479362327328,
            0.0
          ],
          [
            711.2450797814254,
            812.519116510423,
            0.0
          ],
          [
            708.1388656325444,
            812.5363077046333,
            0.0
          ],
          [
            705.0556933067398,
            812.5532189132706,
            0.0
          ],
          [
            700.5503431806903,
            812.5922375332086,
            0.0
          ]
        ],
        "type": "LineString"
      },
      "id": "road:384:section:0:lane:-2",
      "properties": {
        "lane_id": "road:384:section:0:lane:-2",
        "road_id": "384",
        "speed_limit_mps": 13.89
      },
      "type": "Feature"
    },
    {
      "geometry": {
        "coordinates": [
          [
            715.8207004714186,
            815.9791801455466,
            0.0
          ],
          [
            711.2692321539066,
            816.01903317556,
            0.0
          ],
          [
            708.1551950845828,
            816.0362696114255,
            0.0
          ],
          [
            705.0795620499391,
            816.0531375241954,
            0.0
          ],
          [
            700.5856968400445,
            816.0920589741925,
            0.0
          ]
        ],
        "type": "LineString"
      },
      "id": "road:384:section:0:lane:-3",
      "properties": {
        "lane_id": "road:384:section:0:lane:-3",
        "road_id": "384",
        "speed_limit_mps": 13.89
      },
      "type": "Feature"
    },
    {
      "geometry": {
        "coordinates": [
          [
            715.8564109639859,
            819.4789979637652,
            0.0
          ],
          [
            711.2933845263877,
            819.518949840697,
            0.0
          ],
          [
            708.1715245366213,
            819.5362315182176,
            0.0
          ],
          [
            705.1034307931383,
            819.5530561351203,
            0.0
          ],
          [
            700.6210504993987,
            819.5918804151763,
            0.0
          ]
        ],
        "type": "LineString"
      },
      "id": "road:384:section:0:lane:-4",
      "properties": {
        "lane_id": "road:384:section:0:lane:-4",
        "road_id": "384",
        "speed_limit_mps": 13.89
      },
      "type": "Feature"
    },
    {
      "geometry": {
        "coordinates": [
          [
            709.4419879716162,
            782.1838705668267,
            0.02
          ],
          [
            710.1877341320964,
            785.6066765331336,
            0.0133333210388326
          ],
          [
            712.0174998695428,
            787.352254247132,
            0.006666642077665201
          ],
          [
            715.534919586908,
            787.9806385567922,
            -3.688350220035219e-08
          ]
        ],
        "type": "LineString"
      },
      "id": "road:385:section:0:lane:-1",
      "properties": {
        "lane_id": "road:385:section:0:lane:-1",
        "road_id": "385",
        "speed_limit_mps": 6.74
      },
      "type": "Feature"
    },
    {
      "geometry": {
        "coordinates": [
          [
            700.3027906577964,
            788.0934883159644,
            0.0
          ],
          [
            703.6903785431704,
            787.4077773791945,
            0.006666679907306334
          ],
          [
            705.3692376512105,
            785.6727097328107,
            0.013333359814612668
          ],
          [
            705.942910459154,
            782.2642234209321,
            0.020000039721919
          ]
        ],
        "type": "LineString"
      },
      "id": "road:386:section:0:lane:-1",
      "properties": {
        "lane_id": "road:386:section:0:lane:-1",
        "road_id": "386",
        "speed_limit_mps": 6.59
      },
      "type": "Feature"
    },
    {
      "geometry": {
        "coordinates": [
          [
            700.4089343082484,
            798.5929517901351,
            0.0
          ],
          [
            704.937040894648,
            798.5537409764374,
            0.0
          ],
          [
            708.0351429697043,
            798.5367446417505,
            0.0
          ],
          [
            711.1255621325078,
            798.5196453959009,
            0.0
          ],
          [
            715.6421422282164,
            798.4800910524157,
            0.0
          ]
        ],
        "type": "LineString"
      },
      "id": "road:387:section:0:lane:-1",
      "properties": {
        "lane_id": "road:387:section:0:lane:-1",
        "road_id": "387",
        "speed_limit_mps": 13.89
      },
      "type": "Feature"
    },
    {
      "geometry": {
        "coordinates": [
          [
            700.373584484745,
            795.0931303104053,
            0.0
          ],
          [
            704.913177550814,
            795.0538223286942,
            0.0
          ],
          [
            708.0188143052477,
            795.0367827312839,
            0.0
          ],
          [
            711.1014053112692,
            795.0197287614668,
            0.0
          ],
          [
            715.6064278703029,
            794.9802732736393,
            0.0
          ]
        ],
        "type": "LineString"
      },
      "id": "road:387:section:0:lane:-2",
      "properties": {
        "lane_id": "road:387:section:0:lane:-2",
        "road_id": "387",
        "speed_limit_mps": 13.89
      },
      "type": "Feature"
    },
    {
      "geometry": {
        "coordinates": [
          [
            700.3382346612417,
            791.5933088306755,
            0.0
          ],
          [
            704.8893142069799,
            791.5539036809508,
            0.0
          ],
          [
            708.0024856407911,
            791.5368208208173,
            0.0
          ],
          [
            711.0772484900307,
            791.5198121270329,
            0.0
          ],
          [
            715.5707135123895,
            791.480455494863,
            0.0
          ]
        ],
        "type": "LineString"
      },
      "id": "road:387:section:0:lane:-3",
      "properties": {
        "lane_id": "road:387:section:0:lane:-3",
        "road_id": "387",
        "speed_limit_mps": 13.89
      },
      "type": "Feature"
    },
    {
      "geometry": {
        "coordinates": [
          [
            768.3238135669785,
            734.580130676652,
            0.0
          ],
          [
            763.4977636647342,
            734.6291048014299,
            0.0
          ],
          [
            760.1959161954868,
            734.663444723066,
            0.0
          ],
          [
            756.893652470485,
            734.698271751834,
            0.0
          ],
          [
            752.0669856161677,
            734.7487005629412,
            0.0
          ]
        ],
        "type": "LineString"
      },
      "id": "road:388:section:0:lane:-1",
      "properties": {
        "lane_id": "road:388:section:0:lane:-1",
        "road_id": "388",
        "speed_limit_mps": 13.89
      },
      "type": "Feature"
    },
    {
      "geometry": {
        "coordinates": [
          [
            768.3237260164624,
            734.5801315552542,
            0.0
          ],
          [
            762.9919463250824,
            733.5393139360963,
            0.0066666509049216
          ],
          [
            759.4655751174303,
            730.0587660837355,
            0.0133333018098432
          ],
          [
            758.3550381189181,
            724.741207689701,
            0.0199999527147648
          ]
        ],
        "type": "LineString"
      },
      "id": "road:389:section:0:lane:-1",
      "properties": {
        "lane_id": "road:389:section:0:lane:-1",
        "road_id": "389",
        "speed_limit_mps": 8.47
      },
      "type": "Feature"
    },
    {
      "geometry": {
        "coordinates": [
          [
            761.8550217363855,
            724.7304973371383,
            0.02
          ],
          [
            762.5890674393878,
            728.4795905663593,
            0.0133333490799683
          ],
          [
            764.5300069694873,
            730.3953723735093,
            0.006666698159936603
          ],
          [
            768.288516440034,
            731.0803087725836,
            4.723990490104746e-08
          ]
        ],
        "type": "LineString"
      },
      "id": "road:390:section:0:lane:-1",
      "properties": {
        "lane_id": "road:390:section:0:lane:-1",
        "road_id": "390",
        "speed_limit_mps": 6.93
      },
      "type": "Feature"
    },
    {
      "geometry": {
        "coordinates": [
          [
            761.8550222687788,
            724.730671298917,
            0.02
          ],
          [
            760.7933911090745,
            730.0573560158592,
            0.013333349568154167
          ],
          [
            757.339451309992,
            733.5978912521795,
            0.006666699136308334
          ],
          [
            752.0668971004069,
            734.7487014417869,
            4.8704462501242274e-08
          ]
        ],
        "type": "LineString"
      },
      "id": "road:391:section:0:lane:-1",
      "properties": {
        "lane_id": "road:391:section:0:lane:-1",
        "road_id": "391",
        "speed_limit_mps": 8.5
      },
      "type": "Feature"
    },
    {
      "geometry": {
        "coordinates": [
          [
            752.0305791519763,
            731.2488898976272,
            0.0
          ],
          [
            755.7315067966493,
            730.489111054774,
            0.006666650431845833
          ],
          [
            757.6485130187078,
            728.5212109281216,
            0.013333300863691666
          ],
          [
            758.3550386404935,
            724.7413815972511,
            0.0199999512955375
          ]
        ],
        "type": "LineString"
      },
      "id": "road:392:section:0:lane:-1",
      "properties": {
        "lane_id": "road:392:section:0:lane:-1",
        "road_id": "392",
        "speed_limit_mps": 6.96
      },
      "type": "Feature"
    },
    {
      "geometry": {
        "coordinates": [
          [
            752.0306676507499,
            731.2488889770239,
            0.0
          ],
          [
            756.8568136511526,
            731.1984656210324,
            0.0
          ],
          [
            760.159099627572,
            731.1636383934766,
            0.0
          ],
          [
            763.4618115860326,
            731.1292895092844,
            0.0
          ],
          [
            768.2886039929543,
            731.0803078153841,
            0.0
          ]
        ],
        "type": "LineString"
      },
      "id": "road:393:section:0:lane:-1",
      "properties": {
        "lane_id": "road:393:section:0:lane:-1",
        "road_id": "393",
        "speed_limit_mps": 13.89
      },
      "type": "Feature"
    },
    {
      "geometry": {
        "coordinates": [
          [
            814.8041223540412,
            682.6346086484576,
            0.0
          ],
          [
            814.1881938811498,
            678.61075960175,
            0.0
          ],
          [
            812.5726762341526,
            675.9936762545927,
            0.0
          ],
          [
            809.8642015945443,
            674.4043334788895,
            0.0
          ],
          [
            805.6932527151425,
            673.7926413000149,
            0.0
          ]
        ],
        "type": "LineString"
      },
      "id": "road:394:section:0:lane:-1",
      "properties": {
        "lane_id": "road:394:section:0:lane:-1",
        "road_id": "394",
        "speed_limit_mps": 8.14
      },
      "type": "Feature"
    },
    {
      "geometry": {
        "coordinates": [
          [
            814.8041215117731,
            682.6345185855425,
            0.0
          ],
          [
            814.7565108849918,
            677.3606663010155,
            0.0
          ],
          [
            814.72530981844,
            673.6176572377224,
            0.0
          ],
          [
            814.6994811941181,
            670.3860667714301,
            0.0
          ],
          [
            814.6679793072773,
            666.645331948089,
            0.0
          ],
          [
            814.6197503036636,
            661.3738477517098,
            0.0
          ]
        ],
        "type": "LineString"
      },
      "id": "road:395:section:0:lane:-1",
      "properties": {
        "lane_id": "road:395:section:0:lane:-1",
        "road_id": "395",
        "speed_limit_mps": 13.89
      },
      "type": "Feature"
    },
    {
      "geometry": {
        "coordinates": [
          [
            814.8041208060242,
            682.6344427359722,
            0.0
          ],
          [
            815.3993017454567,
            677.5410096597868,
            0.0
          ],
          [
            817.450177814739,
            673.593671103513,
            0.0
          ],
          [
            821.0037043924697,
            671.1570453437805,
            0.0
          ],
          [
            825.6381553487514,
            670.4300941671258,
            0.0
          ]
        ],
        "type": "LineString"
      },
      "id": "road:396:section:0:lane:-1",
      "properties": {
        "lane_id": "road:396:section:0:lane:-1",
        "road_id": "396",
        "speed_limit_mps": 9.06
      },
      "type": "Feature"
    },
    {
      "geometry": {
        "coordinates": [
          [
            825.6013165765777,
            673.929900283493,
            0.0
          ],
          [
            822.2297829736845,
            674.4352663246005,
            0.0
          ],
          [
            820.0926889476981,
            675.8886951413673,
            0.0
          ],
          [
            818.7683680693103,
            678.4893720478492,
            0.0
          ],
          [
            818.3039685518321,
            682.6018017007017,
            0.0
          ]
        ],
        "type": "LineString"
      },
      "id": "road:397:section:0:lane:-1",
      "properties": {
        "lane_id": "road:397:section:0:lane:-1",
        "road_id": "397",
        "speed_limit_mps": 7.64
      },
      "type": "Feature"
    },
    {
      "geometry": {
        "coordinates": [
          [
            825.6012172014109,
            673.9298992403426,
            0.0
          ],
          [
            819.698111778877,
            673.8784171577609,
            0.0
          ],
          [
            815.6591345376103,
            673.8596818481456,
            0.0
          ],
          [
            811.6106081599271,
            673.8417353578889,
            0.0
          ],
          [
            805.6931663123794,
            673.7926405161575,
            0.0
          ]
        ],
        "type": "LineString"
      },
      "id": "road:398:section:0:lane:-1",
      "properties": {
        "lane_id": "road:398:section:0:lane:-1",
        "road_id": "398",
        "speed_limit_mps": 13.89
      },
      "type": "Feature"
    },
    {
      "geometry": {
        "coordinates": [
          [
            825.6011134404481,
            673.9298981451309,
            0.0
          ],
          [
            820.960898068234,
            673.0923145066829,
            0.0
          ],
          [
            817.4024298479609,
            670.5630424940488,
            0.0
          ],
          [
            815.3063268281812,
            666.54787750572,
            0.0
          ],
          [
            814.6197495276896,
            661.3737729339281,
            0.0
          ]
        ],
        "type": "LineString"
      },
      "id": "road:399:section:0:lane:-1",
      "properties": {
        "lane_id": "road:399:section:0:lane:-1",
        "road_id": "399",
        "speed_limit_mps": 9.25
      },
      "type": "Feature"
    },
    {
      "geometry": {
        "coordinates": [
          [
            818.1195932189685,
            661.3406930865428,
            0.0
          ],
          [
            818.6652322261774,
            665.5641323549162,
            0.0
          ],
          [
            820.0630595075917,
            668.2890483188157,
            0.0
          ],
          [
            822.2604027924266,
            669.8425011021769,
            0.0
          ],
          [
            825.6379522256892,
            670.4300919968279,
            0.0
          ]
        ],
        "type": "LineString"
      },
      "id": "road:400:section:0:lane:-1",
      "properties": {
        "lane_id": "road:400:section:0:lane:-1",
        "road_id": "400",
        "speed_limit_mps": 7.86
      },
      "type": "Feature"
    },
    {
      "geometry": {
        "coordinates": [
          [
            818.1195939281806,
            661.3407679528559,
            0.0
          ],
          [
            818.1678446603746,
            666.6146400916062,
            0.0
          ],
          [
            818.1993665283516,
            670.3577554010785,
            0.0
          ],
          [
            818.2251964440161,
            673.5895146136729,
            0.0
          ],
          [
            818.2563794755464,
            677.3303615652724,
            0.0
          ],
          [
            818.303969271922,
            682.6018775163161,
            0.0
          ]
        ],
        "type": "LineString"
      },
      "id": "road:401:section:0:lane:-1",
      "properties": {
        "lane_id": "road:401:section:0:lane:-1",
        "road_id": "401",
        "speed_limit_mps": 13.89
      },
      "type": "Feature"
    },
    {
      "geometry": {
        "coordinates": [
          [
            818.1195947479927,
            661.3408549189221,
            0.0
          ],
          [
            817.4065311680693,
            666.6123008138711,
            0.0
          ],
          [
            814.9948152536178,
            670.6616243777999,
            0.0
          ],
          [
            810.953541034349,
            673.0797657474095,
            0.0
          ],
          [
            805.6930797769728,
            673.7926396035758,
            0.0
          ]
        ],
        "type": "LineString"
      },
      "id": "road:402:section:0:lane:-1",
      "properties": {
        "lane_id": "road:402:section:0:lane:-1",
        "road_id": "402",
        "speed_limit_mps": 9.39
      },
      "type": "Feature"
    },
    {
      "geometry": {
        "coordinates": [
          [
            805.7284313400623,
            670.2928303360275,
            0.0
          ],
          [
            809.8708692512141,
            669.7516233967401,
            0.0
          ],
          [
            812.5168659729607,
            668.1900839614989,
            0.0
          ],
          [
            814.0768802368588,
            665.5338717056098,
            0.0
          ],
          [
            814.6197510462426,
            661.3739346840134,
            0.0
          ]
        ],
        "type": "LineString"
      },
      "id": "road:403:section:0:lane:-1",
      "properties": {
        "lane_id": "road:403:section:0:lane:-1",
        "road_id": "403",
        "speed_limit_mps": 8.03
      },
      "type": "Feature"
    },
    {
      "geometry": {
        "coordinates": [
          [
            805.728517894229,
            670.2928312100805,
            0.0
          ],
          [
            811.6317472982603,
            670.3419987580296,
            0.0
          ],
          [
            815.6712958969156,
            670.3598772027119,
            0.0
          ],
          [
            819.720442015475,
            670.3785531929304,
            0.0
          ],
          [
            825.6380559732896,
            670.4300930199958,
            0.0
          ]
        ],
        "type": "LineString"
      },
      "id": "road:404:section:0:lane:-1",
      "properties": {
        "lane_id": "road:404:section:0:lane:-1",
        "road_id": "404",
        "speed_limit_mps": 13.89
      },
      "type": "Feature"
    },
    {
      "geometry": {
        "coordinates": [
          [
            805.7286043064311,
            670.292832086971,
            0.0
          ],
          [
            810.9723293346985,
            671.0845785927007,
            0.0
          ],
          [
            815.0164197163333,
            673.4883086864788,
            0.0
          ],
          [
            817.4913652629633,
            677.4537653650755,
            0.0
          ],
          [
            818.3039701159971,
            682.601967528295,
            0.0
          ]
        ],
        "type": "LineString"
      },
      "id": "road:405:section:0:lane:-1",
      "properties": {
        "lane_id": "road:405:section:0:lane:-1",
        "road_id": "405",
        "speed_limit_mps": 9.49
      },
      "type": "Feature"
    },
    {
      "geometry": {
        "coordinates": [
          [
            814.5839470329299,
            657.5858663746504,
            0.0
          ],
          [
            814.535430376717,
            652.3635810082341,
            0.0
          ],
          [
            814.5026268065195,
            648.6570738403811,
            0.0
          ],
          [
            814.475538502985,
            645.4563185649071,
            0.0
          ],
          [
            814.444164417605,
            641.7509495667363,
            0.0
          ],
          [
            814.3984974135965,
            636.5298353534071,
            0.0
          ]
        ],
        "type": "LineString"
      },
      "id": "road:406:section:0:lane:-1",
      "properties": {
        "lane_id": "road:406:section:0:lane:-1",
        "road_id": "406",
        "speed_limit_mps": 13.89
      },
      "type": "Feature"
    },
    {
      "geometry": {
        "coordinates": [
          [
            825.6950487050747,
            638.4883509153065,
            0.0
          ],
          [
            824.1486607066215,
            642.4323079379201,
            0.0
          ],
          [
            822.6022727081684,
            646.3762649605338,
            0.0
          ],
          [
            821.0558847097153,
            650.3202219831475,
            0.0
          ],
          [
            819.5094967112622,
            654.2641790057611,
            0.0
          ],
          [
            817.963108712809,
            658.2081360283748,
            0.0
          ]
        ],
        "type": "LineString"
      },
      "id": "road:407:section:0:lane:-1",
      "properties": {
        "lane_id": "road:407:section:0:lane:-1",
        "road_id": "407",
        "speed_limit_mps": 13.89
      },
      "type": "Feature"
    },
    {
      "geometry": {
        "coordinates": [
          [
            817.898359082749,
            636.4987217302082,
            0.0
          ],
          [
            817.9440355656968,
            641.7209174074568,
            0.0
          ],
          [
            817.9754152893372,
            645.4269481624273,
            0.0
          ],
          [
            818.0024971836243,
            648.6269472069409,
            0.0
          ],
          [
            818.0352862696168,
            652.3318139705351,
            0.0
          ],
          [
            818.0837907926425,
            657.552786561407,
            0.0
          ]
        ],
        "type": "LineString"
      },
      "id": "road:408:section:0:lane:-1",
      "properties": {
        "lane_id": "road:408:section:0:lane:-1",
        "road_id": "408",
        "speed_limit_mps": 13.89
      },
      "type": "Feature"
    },
    {
      "geometry": {
        "coordinates": [
          [
            814.1100699146265,
            604.0856427716336,
            0.0
          ],
          [
            813.5693940088513,
            600.3955872760681,
            0.049999998457876275
          ],
          [
            812.1777118148643,
            598.0560929363845,
            0.09999999691575255
          ],
          [
            809.8755350114958,
            596.6821995869474,
            0.14999999537362882
          ],
          [
            806.2700347689108,
            596.189971234692,
            0.1999999938315051
          ]
        ],
        "type": "LineString"
      },
      "id": "road:409:section:0:lane:-1",
      "properties": {
        "lane_id": "road:409:section:0:lane:-1",
        "road_id": "409",
        "speed_limit_mps": 7.63
      },
      "type": "Feature"
    },
    {
      "geometry": {
        "coordinates": [
          [
            814.1100691481946,
            604.0855567959351,
            0.0
          ],
          [
            814.0597698847027,
            598.4151726284916,
            0.0
          ],
          [
            814.0254466050643,
            594.5354980906177,
            0.0
          ],
          [
            813.9909353996533,
            590.6559433865235,
            0.0
          ],
          [
            813.9400707859959,
            584.985741516736,
            0.0
          ]
        ],
        "type": "LineString"
      },
      "id": "road:410:section:0:lane:-1",
      "properties": {
        "lane_id": "road:410:section:0:lane:-1",
        "road_id": "410",
        "speed_limit_mps": 13.89
      },
      "type": "Feature"
    },
    {
      "geometry": {
        "coordinates": [
          [
            814.1100684313841,
            604.0854759543,
            0.0
          ],
          [
            814.7052830782817,
            599.325905045268,
            0.04999999169655938
          ],
          [
            816.740665033403,
            595.6106452792789,
            0.09999998339311876
          ],
          [
            820.2138880434089,
            593.3140415345468,
            0.14999997508967813
          ],
          [
            824.7206862056844,
            592.5800247789166,
            0.19999996678623752
          ]
        ],
        "type": "LineString"
      },
      "id": "road:411:section:0:lane:-1",
      "properties": {
        "lane_id": "road:411:section:0:lane:-1",
        "road_id": "411",
        "speed_limit_mps": 8.92
      },
      "type": "Feature"
    },
    {
      "geometry": {
        "coordinates": [
          [
            824.7395031611544,
            596.0799741969321,
            0.2
          ],
          [
            821.4205221362964,
            596.5994690795253,
            0.15000000830344062
          ],
          [
            819.3284105981197,
            597.9672472504596,
            0.10000001660688125
          ],
          [
            818.0589221215913,
            600.3274564204205,
            0.05000002491032188
          ],
          [
            817.6099301371213,
            604.054362349854,
            3.321376249032504e-08
          ]
        ],
        "type": "LineString"
      },
      "id": "road:412:section:0:lane:-1",
      "properties": {
        "lane_id": "road:412:section:0:lane:-1",
        "road_id": "412",
        "speed_limit_mps": 7.48
      },
      "type": "Feature"
    },
    {
      "geometry": {
        "coordinates": [
          [
            824.739408617471,
            596.0799747077937,
            0.2
          ],
          [
            819.2570644702813,
            596.1107224255691,
            0.2
          ],
          [
            815.5061613290169,
            596.13390119118,
            0.2
          ],
          [
            811.7540690222118,
            596.1576189297117,
            0.2
          ],
          [
            806.2699455621564,
            596.1899717625483,
            0.2
          ]
        ],
        "type": "LineString"
      },
      "id": "road:413:section:0:lane:-1",
      "properties": {
        "lane_id": "road:413:section:0:lane:-1",
        "road_id": "413",
        "speed_limit_mps": 13.89
      },
      "type": "Feature"
    },
    {
      "geometry": {
        "coordinates": [
          [
            824.7393165394574,
            596.0799752004222,
            0.2
          ],
          [
            818.9409919469023,
            594.8655677328123,
            0.133333313005566
          ],
          [
            815.1581382973801,
            590.9564321241876,
            0.06666662601113202
          ],
          [
            813.9400700390352,
            584.9856582226076,
            -6.098330199155733e-08
          ]
        ],
        "type": "LineString"
      },
      "id": "road:414:section:0:lane:-1",
      "properties": {
        "lane_id": "road:414:section:0:lane:-1",
        "road_id": "414",
        "speed_limit_mps": 8.9
      },
      "type": "Feature"
    },
    {
      "geometry": {
        "coordinates": [
          [
            817.4399284489729,
            584.9541752258864,
            0.0
          ],
          [
            818.3058449007373,
            589.426091307915,
            0.066666686994434
          ],
          [
            820.5495040658535,
            591.7570811940463,
            0.133333373988868
          ],
          [
            824.7204995889596,
            592.5800258114216,
            0.200000060983302
          ]
        ],
        "type": "LineString"
      },
      "id": "road:415:section:0:lane:-1",
      "properties": {
        "lane_id": "road:415:section:0:lane:-1",
        "road_id": "415",
        "speed_limit_mps": 7.44
      },
      "type": "Feature"
    },
    {
      "geometry": {
        "coordinates": [
          [
            817.4399292002961,
            584.9542585276685,
            0.0
          ],
          [
            817.4907957137112,
            590.6246745798971,
            0.0
          ],
          [
            817.5253092708077,
            594.5044951942998,
            0.0
          ],
          [
            817.5596327984591,
            598.3841993170817,
            0.0
          ],
          [
            817.6099307970779,
            604.0544431779141,
            0.0
          ]
        ],
        "type": "LineString"
      },
      "id": "road:416:section:0:lane:-1",
      "properties": {
        "lane_id": "road:416:section:0:lane:-1",
        "road_id": "416",
        "speed_limit_mps": 13.89
      },
      "type": "Feature"
    },
    {
      "geometry": {
        "coordinates": [
          [
            817.4399299932769,
            584.9543469290477,
            0.0
          ],
          [
            816.7955705372248,
            589.637202621737,
            0.0500000077841472
          ],
          [
            814.6147795752302,
            593.280401873094,
            0.1000000155682944
          ],
          [
            810.9754611681922,
            595.4864769055878,
            0.1500000233524416
          ],
          [
            806.2698590929865,
            596.1899722038572,
            0.2000000311365888
          ]
        ],
        "type": "LineString"
      },
      "id": "road:417:section:0:lane:-1",
      "properties": {
        "lane_id": "road:417:section:0:lane:-1",
        "road_id": "417",
        "speed_limit_mps": 8.98
      },
      "type": "Feature"
    },
    {
      "geometry": {
        "coordinates": [
          [
            806.2499676998547,
            592.6900287565352,
            0.2
          ],
          [
            809.8590508556554,
            592.1693052705251,
            0.1499999922158528
          ],
          [
            812.1346736212159,
            590.8107715402365,
            0.09999998443170562
          ],
          [
            813.4691172290284,
            588.5487597156265,
            0.0499999766475584
          ],
          [
            813.9400716440687,
            584.9858299352449,
            -3.113658877951231e-08
          ]
        ],
        "type": "LineString"
      },
      "id": "road:418:section:0:lane:-1",
      "properties": {
        "lane_id": "road:418:section:0:lane:-1",
        "road_id": "418",
        "speed_limit_mps": 7.54
      },
      "type": "Feature"
    },
    {
      "geometry": {
        "coordinates": [
          [
            806.2500541470312,
            592.6900282630829,
            0.2
          ],
          [
            811.7324969773891,
            592.6576854178085,
            0.2
          ],
          [
            815.4838270294939,
            592.6339724824504,
            0.2
          ],
          [
            819.2363520139772,
            592.610783764406,
            0.2
          ],
          [
            824.7205916899009,
            592.5800253728578,
            0.2
          ]
        ],
        "type": "LineString"
      },
      "id": "road:419:section:0:lane:-1",
      "properties": {
        "lane_id": "road:419:section:0:lane:-1",
        "road_id": "419",
        "speed_limit_mps": 13.89
      },
      "type": "Feature"
    },
    {
      "geometry": {
        "coordinates": [
          [
            806.2501433656666,
            592.6900277582889,
            0.2
          ],
          [
            810.9801657081128,
            593.3610866946966,
            0.15000000154212373
          ],
          [
            814.6564434762945,
            595.5850832146798,
            0.10000000308424746
          ],
          [
            816.886125722945,
            599.2778706617767,
            0.05000000462637119
          ],
          [
            817.6099315706242,
            604.0545291937971,
            6.168494909308819e-09
          ]
        ],
        "type": "LineString"
      },
      "id": "road:420:section:0:lane:-1",
      "properties": {
        "lane_id": "road:420:section:0:lane:-1",
        "road_id": "420",
        "speed_limit_mps": 9.05
      },
      "type": "Feature"
    },
    {
      "geometry": {
        "coordinates": [
          [
            813.6400715944474,
            551.6358295748564,
            0.0
          ],
          [
            812.881455866129,
            547.9027909321944,
            0.006666650795525
          ],
          [
            810.91784514311,
            546.0016592214571,
            0.01333330159105
          ],
          [
            807.1284936091631,
            545.339768042813,
            0.019999952386575
          ]
        ],
        "type": "LineString"
      },
      "id": "road:421:section:0:lane:-1",
      "properties": {
        "lane_id": "road:421:section:0:lane:-1",
        "road_id": "421",
        "speed_limit_mps": 6.93
      },
      "type": "Feature"
    },
    {
      "geometry": {
        "coordinates": [
          [
            813.6400707988162,
            551.6357413736487,
            0.0
          ],
          [
            813.5917204526053,
            546.1125794392999,
            0.0
          ],
          [
            813.5591984015018,
            542.2471811469898,
            0.0
          ],
          [
            813.5100732818767,
            536.7260210596606,
            0.0
          ]
        ],
        "type": "LineString"
      },
      "id": "road:422:section:0:lane:-1",
      "properties": {
        "lane_id": "road:422:section:0:lane:-1",
        "road_id": "422",
        "speed_limit_mps": 13.89
      },
      "type": "Feature"
    },
    {
      "geometry": {
        "coordinates": [
          [
            813.6400699103082,
            551.6356422885541,
            0.0
          ],
          [
            814.8459243116597,
            546.2223249163557,
            0.006666672685351466
          ],
          [
            818.7076756039207,
            542.7085757268717,
            0.013333345370702932
          ],
          [
            824.5420580815681,
            541.560223053002,
            0.0200000180560544
          ]
        ],
        "type": "LineString"
      },
      "id": "road:423:section:0:lane:-1",
      "properties": {
        "lane_id": "road:423:section:0:lane:-1",
        "road_id": "423",
        "speed_limit_mps": 8.73
      },
      "type": "Feature"
    },
    {
      "geometry": {
        "coordinates": [
          [
            824.5980957822493,
            545.0597744469558,
            0.02
          ],
          [
            820.1673250753802,
            545.8896798711353,
            0.013333327314648535
          ],
          [
            817.908976140592,
            547.915757412448,
            0.006666654629297069
          ],
          [
            817.1399283300818,
            551.6041593201746,
            -1.805605439816893e-08
          ]
        ],
        "type": "LineString"
      },
      "id": "road:424:section:0:lane:-1",
      "properties": {
        "lane_id": "road:424:section:0:lane:-1",
        "road_id": "424",
        "speed_limit_mps": 7.24
      },
      "type": "Feature"
    },
    {
      "geometry": {
        "coordinates": [
          [
            824.598018585407,
            545.0597756847961,
            0.02
          ],
          [
            819.4114442762677,
            545.1425949712446,
            0.02
          ],
          [
            815.8628644167061,
            545.1990518250036,
            0.02
          ],
          [
            812.3145596417984,
            545.2558674451284,
            0.02
          ],
          [
            807.1284067643454,
            545.3397694743423,
            0.02
          ]
        ],
        "type": "LineString"
      },
      "id": "road:425:section:0:lane:-1",
      "properties": {
        "lane_id": "road:425:section:0:lane:-1",
        "road_id": "425",
        "speed_limit_mps": 13.89
      },
      "type": "Feature"
    },
    {
      "geometry": {
        "coordinates": [
          [
            824.5979547854762,
            545.0597767052477,
            0.02
          ],
          [
            818.8504515761086,
            544.2953984071894,
            0.0133333301923168
          ],
          [
            814.8895581306739,
            541.447916235837,
            0.006666660384633601
          ],
          [
            813.5100722235468,
            536.7259010410789,
            -9.423049597556687e-09
          ]
        ],
        "type": "LineString"
      },
      "id": "road:426:section:0:lane:-1",
      "properties": {
        "lane_id": "road:426:section:0:lane:-1",
        "road_id": "426",
        "speed_limit_mps": 8.41
      },
      "type": "Feature"
    },
    {
      "geometry": {
        "coordinates": [
          [
            817.0099255663866,
            536.6938600225753,
            0.0
          ],
          [
            817.7540324062313,
            539.436750611308,
            0.0066666698384239996
          ],
          [
            819.9997773208363,
            540.9894869673273,
            0.013333339676847999
          ],
          [
            824.5419171458622,
            541.5602253151105,
            0.020000009515271998
          ]
        ],
        "type": "LineString"
      },
      "id": "road:427:section:0:lane:-1",
      "properties": {
        "lane_id": "road:427:section:0:lane:-1",
        "road_id": "427",
        "speed_limit_mps": 6.86
      },
      "type": "Feature"
    },
    {
      "geometry": {
        "coordinates": [
          [
            817.0099266695597,
            536.6939800740575,
            0.0
          ],
          [
            817.0590704156638,
            542.2172464569966,
            0.0
          ],
          [
            817.0915953195449,
            546.0829795251941,
            0.0
          ],
          [
            817.139929237069,
            551.6042583719036,
            0.0
          ]
        ],
        "type": "LineString"
      },
      "id": "road:428:section:0:lane:-1",
      "properties": {
        "lane_id": "road:428:section:0:lane:-1",
        "road_id": "428",
        "speed_limit_mps": 13.89
      },
      "type": "Feature"
    },
    {
      "geometry": {
        "coordinates": [
          [
            817.0099276414609,
            536.6940865904935,
            0.0
          ],
          [
            815.8850779074278,
            541.3671028888623,
            0.0066666808754345325
          ],
          [
            812.3494122813895,
            544.3750493225768,
            0.013333361750869065
          ],
          [
            807.1283349699418,
            545.3397706205843,
            0.0200000426263036
          ]
        ],
        "type": "LineString"
      },
      "id": "road:429:section:0:lane:-1",
      "properties": {
        "lane_id": "road:429:section:0:lane:-1",
        "road_id": "429",
        "speed_limit_mps": 8.24
      },
      "type": "Feature"
    },
    {
      "geometry": {
        "coordinates": [
          [
            807.0715214845318,
            541.840231737013,
            0.02
          ],
          [
            810.9719027595257,
            541.157524252546,
            0.013333319140978668
          ],
          [
            812.8763124060247,
            539.5789949374972,
            0.006666638281957335
          ],
          [
            813.5100742943922,
            536.7261275382423,
            -4.2577063999460485e-08
          ]
        ],
        "type": "LineString"
      },
      "id": "road:430:section:0:lane:-1",
      "properties": {
        "lane_id": "road:430:section:0:lane:-1",
        "road_id": "430",
        "speed_limit_mps": 6.65
      },
      "type": "Feature"
    },
    {
      "geometry": {
        "coordinates": [
          [
            807.071593303797,
            541.8402305695862,
            0.02
          ],
          [
            812.2582276669423,
            541.7563207550894,
            0.02
          ],
          [
            815.8071120332215,
            541.6994958518293,
            0.02
          ],
          [
            819.355732943143,
            541.6430383422025,
            0.02
          ],
          [
            824.541980927063,
            541.5602242623368,
            0.02
          ]
        ],
        "type": "LineString"
      },
      "id": "road:431:section:0:lane:-1",
      "properties": {
        "lane_id": "road:431:section:0:lane:-1",
        "road_id": "431",
        "speed_limit_mps": 13.89
      },
      "type": "Feature"
    },
    {
      "geometry": {
        "coordinates": [
          [
            807.0716801866209,
            541.8402291612414,
            0.02
          ],
          [
            812.4282761106707,
            542.8443504880233,
            0.013333349204475
          ],
          [
            815.9911933666231,
            546.2966985251853,
            0.006666698408950001
          ],
          [
            817.1399300122694,
            551.6043465400386,
            4.7613425001313825e-08
          ]
        ],
        "type": "LineString"
      },
      "id": "road:432:section:0:lane:-1",
      "properties": {
        "lane_id": "road:432:section:0:lane:-1",
        "road_id": "432",
        "speed_limit_mps": 8.47
      },
      "type": "Feature"
    },
    {
      "geometry": {
        "coordinates": [
          [
            884.0373223861496,
            498.2223738789718,
            0.0
          ],
          [
            883.3576504748623,
            494.8707036272242,
            0.0
          ],
          [
            881.5887439624296,
            493.1268988695891,
            0.0
          ],
          [
            878.1431283307068,
            492.43367645194803,
            0.0
          ]
        ],
        "type": "LineString"
      },
      "id": "road:433:section:0:lane:-1",
      "properties": {
        "lane_id": "road:433:section:0:lane:-1",
        "road_id": "433",
        "speed_limit_mps": 6.7
      },
      "type": "Feature"
    },
    {
      "geometry": {
        "coordinates": [
          [
            894.5369917848386,
            498.13906396235654,
            0.0
          ],
          [
            894.4952896983003,
            492.58249588452384,
            0.0
          ],
          [
            894.4690944538096,
            488.6938676022482,
            0.0
          ],
          [
            894.428406592915,
            483.14058024934116,
            0.0
          ]
        ],
        "type": "LineString"
      },
      "id": "road:434:section:0:lane:-1",
      "properties": {
        "lane_id": "road:434:section:0:lane:-1",
        "road_id": "434",
        "speed_limit_mps": 13.89
      },
      "type": "Feature"
    },
    {
      "geometry": {
        "coordinates": [
          [
            891.0371017145159,
            498.16680374706965,
            0.0
          ],
          [
            890.9953741430015,
            492.606808551544,
            0.0
          ],
          [
            890.9691760405034,
            488.71776530506526,
            0.0
          ],
          [
            890.9285111042718,
            483.16762777371406,
            0.0
          ]
        ],
        "type": "LineString"
      },
      "id": "road:434:section:0:lane:-2",
      "properties": {
        "lane_id": "road:434:section:0:lane:-2",
        "road_id": "434",
        "speed_limit_mps": 13.89
      },
      "type": "Feature"
    },
    {
      "geometry": {
        "coordinates": [
          [
            887.5372116441931,
            498.19454353178276,
            0.0
          ],
          [
            887.4954585877027,
            492.6311212185642,
            0.0
          ],
          [
            887.4692576271971,
            488.7416630078823,
            0.0
          ],
          [
            887.4286156156286,
            483.19467529808696,
            0.0
          ]
        ],
        "type": "LineString"
      },
      "id": "road:434:section:0:lane:-3",
      "properties": {
        "lane_id": "road:434:section:0:lane:-3",
        "road_id": "434",
        "speed_limit_mps": 13.89
      },
      "type": "Feature"
    },
    {
      "geometry": {
        "coordinates": [
          [
            904.9280931075901,
            483.0594389207552,
            0.0
          ],
          [
            904.9687999503865,
            488.6153627409844,
            0.0
          ],
          [
            904.9949895380897,
            492.50321581563855,
            0.0
          ],
          [
            905.0366618275079,
            498.05584333816023,
            0.0
          ]
        ],
        "type": "LineString"
      },
      "id": "road:435:section:0:lane:-1",
      "properties": {
        "lane_id": "road:435:section:0:lane:-1",
        "road_id": "435",
        "speed_limit_mps": 13.89
      },
      "type": "Feature"
    },
    {
      "geometry": {
        "coordinates": [
          [
            908.4279886027704,
            483.03239224226564,
            0.0
          ],
          [
            908.4687183707598,
            488.5914660731883,
            0.0
          ],
          [
            908.4949050890519,
            492.4789025243555,
            0.0
          ],
          [
            908.5365518930421,
            498.02810294927446,
            0.0
          ]
        ],
        "type": "LineString"
      },
      "id": "road:435:section:0:lane:-2",
      "properties": {
        "lane_id": "road:435:section:0:lane:-2",
        "road_id": "435",
        "speed_limit_mps": 13.89
      },
      "type": "Feature"
    },
    {
      "geometry": {
        "coordinates": [
          [
            911.9278840979505,
            483.005345563776,
            0.0
          ],
          [
            911.9686367911331,
            488.5675694053922,
            0.0
          ],
          [
            911.9948206400142,
            492.45458923307245,
            0.0
          ],
          [
            912.0364419585762,
            498.0003625603887,
            0.0
          ]
        ],
        "type": "LineString"
      },
      "id": "road:435:section:0:lane:-3",
      "properties": {
        "lane_id": "road:435:section:0:lane:-3",
        "road_id": "435",
        "speed_limit_mps": 13.89
      },
      "type": "Feature"
    },
    {
      "geometry": {
        "coordinates": [
          [
            915.4277795931307,
            482.97829888528645,
            0.0
          ],
          [
            915.4685552115063,
            488.5436727375961,
            0.0
          ],
          [
            915.4947361909763,
            492.4302759417894,
            0.0
          ],
          [
            915.5363320241103,
            497.9726221715029,
            0.0
          ]
        ],
        "type": "LineString"
      },
      "id": "road:435:section:0:lane:-4",
      "properties": {
        "lane_id": "road:435:section:0:lane:-4",
        "road_id": "435",
        "speed_limit_mps": 13.89
      },
      "type": "Feature"
    },
    {
      "geometry": {
        "coordinates": [
          [
            878.1875991281397,
            488.9339589966278,
            0.0
          ],
          [
            881.5963251335529,
            488.3241877683414,
            0.0
          ],
          [
            883.3016747089861,
            486.6275370162846,
            0.0
          ],
          [
            883.9287208830282,
            483.2218088516385,
            0.0
          ]
        ],
        "type": "LineString"
      },
      "id": "road:436:section:0:lane:-1",
      "properties": {
        "lane_id": "road:436:section:0:lane:-1",
        "road_id": "436",
        "speed_limit_mps": 6.57
      },
      "type": "Feature"
    },
    {
      "geometry": {
        "coordinates": [
          [
            758.220008504925,
            680.6154559293545,
            0.02
          ],
          [
            757.6865627829632,
            677.3515266289339,
            0.014999994232336125
          ],
          [
            756.2430288271404,
            675.2518731776121,
            0.00999998846467225
          ],
          [
            753.6971909457507,
            673.9243612327383,
            0.004999982697008375
          ],
          [
            749.7077314494215,
            673.4099570288419,
            -2.3070655500584403e-08
          ]
        ],
        "type": "LineString"
      },
      "id": "road:437:section:0:lane:-1",
      "properties": {
        "lane_id": "road:437:section:0:lane:-1",
        "road_id": "437",
        "speed_limit_mps": 7.64
      },
      "type": "Feature"
    },
    {
      "geometry": {
        "coordinates": [
          [
            758.2200081938531,
            680.6153552234988,
            0.02
          ],
          [
            758.2027157454617,
            675.105670268761,
            0.02
          ],
          [
            758.1901925266993,
            671.3359129800075,
            0.02
          ],
          [
            758.1775766652726,
            667.5657459987867,
            0.02
          ],
          [
            758.1600084191282,
            662.0554469332828,
            0.02
          ]
        ],
        "type": "LineString"
      },
      "id": "road:438:section:0:lane:-1",
      "properties": {
        "lane_id": "road:438:section:0:lane:-1",
        "road_id": "438",
        "speed_limit_mps": 13.89
      },
      "type": "Feature"
    },
    {
      "geometry": {
        "coordinates": [
          [
            758.2200079282361,
            680.6152677095176,
            0.02
          ],
          [
            759.3787725667986,
            674.8881916281899,
            0.013333352893202501
          ],
          [
            763.133061007325,
            671.158992306819,
            0.006666705786405
          ],
          [
            768.8666234889606,
            670.040078592606,
            5.867960750291501e-08
          ]
        ],
        "type": "LineString"
      },
      "id": "road:439:section:0:lane:-1",
      "properties": {
        "lane_id": "road:439:section:0:lane:-1",
        "road_id": "439",
        "speed_limit_mps": 8.73
      },
      "type": "Feature"
    },
    {
      "geometry": {
        "coordinates": [
          [
            768.831272867894,
            673.5399001348308,
            0.0
          ],
          [
            764.6753093316327,
            674.300882507185,
            0.0066666471947808
          ],
          [
            762.5102136830519,
            676.4515465285551,
            0.0133332943895616
          ],
          [
            761.7199915666806,
            680.6045574007264,
            0.0199999415843424
          ]
        ],
        "type": "LineString"
      },
      "id": "road:440:section:0:lane:-1",
      "properties": {
        "lane_id": "road:440:section:0:lane:-1",
        "road_id": "440",
        "speed_limit_mps": 7.25
      },
      "type": "Feature"
    },
    {
      "geometry": {
        "coordinates": [
          [
            768.8311859654648,
            673.5398992592308,
            0.0
          ],
          [
            763.1566911799063,
            673.4883585951566,
            0.0
          ],
          [
            759.275751424177,
            673.4640458437332,
            0.0
          ],
          [
            755.3897748305131,
            673.4451651528981,
            0.0
          ],
          [
            749.7076548807587,
            673.4099565207075,
            0.0
          ]
        ],
        "type": "LineString"
      },
      "id": "road:441:section:0:lane:-1",
      "properties": {
        "lane_id": "road:441:section:0:lane:-1",
        "road_id": "441",
        "speed_limit_mps": 13.89
      },
      "type": "Feature"
    },
    {
      "geometry": {
        "coordinates": [
          [
            768.8310905749693,
            673.5398982931388,
            0.0
          ],
          [
            764.3408872097101,
            672.7883004581226,
            0.00500001616780965
          ],
          [
            760.8702923237779,
            670.4931470943391,
            0.0100000323356193
          ],
          [
            758.8083221727871,
            666.7953665267871,
            0.015000048503428952
          ],
          [
            758.1600081918076,
            662.0553662323864,
            0.0200000646712386
          ]
        ],
        "type": "LineString"
      },
      "id": "road:442:section:0:lane:-1",
      "properties": {
        "lane_id": "road:442:section:0:lane:-1",
        "road_id": "442",
        "speed_limit_mps": 8.97
      },
      "type": "Feature"
    },
    {
      "geometry": {
        "coordinates": [
          [
            761.6599912697014,
            662.0444722546488,
            0.02
          ],
          [
            762.1514855221933,
            665.7593842695451,
            0.014999984139971525
          ],
          [
            763.4489414821659,
            668.1265948114376,
            0.009999968279943051
          ],
          [
            765.5575811300264,
            669.5065848642129,
            0.0049999524199145755
          ],
          [
            768.8664412161829,
            670.0400768098042,
            -6.344011389824988e-08
          ]
        ],
        "type": "LineString"
      },
      "id": "road:443:section:0:lane:-1",
      "properties": {
        "lane_id": "road:443:section:0:lane:-1",
        "road_id": "443",
        "speed_limit_mps": 7.53
      },
      "type": "Feature"
    },
    {
      "geometry": {
        "coordinates": [
          [
            761.6599915228387,
            662.0445529831569,
            0.02
          ],
          [
            761.6775578206046,
            667.5542554631944,
            0.02
          ],
          [
            761.6901725322721,
            671.3240859254316,
            0.02
          ],
          [
            761.7026973205211,
            675.0943266238744,
            0.02
          ],
          [
            761.7199917179552,
            680.6046448855562,
            0.02
          ]
        ],
        "type": "LineString"
      },
      "id": "road:444:section:0:lane:-1",
      "properties": {
        "lane_id": "road:444:section:0:lane:-1",
        "road_id": "444",
        "speed_limit_mps": 13.89
      },
      "type": "Feature"
    },
    {
      "geometry": {
        "coordinates": [
          [
            761.6599918080491,
            662.0446453981525,
            0.02
          ],
          [
            760.9363293409411,
            666.8590916697295,
            0.015000016034386401
          ],
          [
            758.5781133273902,
            670.5668073320613,
            0.0100000320687728
          ],
          [
            754.7059971324331,
            672.758431486893,
            0.005000048103159202
          ],
          [
            749.7075725618137,
            673.4099558272482,
            6.413754560091744e-08
          ]
        ],
        "type": "LineString"
      },
      "id": "road:445:section:0:lane:-1",
      "properties": {
        "lane_id": "road:445:section:0:lane:-1",
        "road_id": "445",
        "speed_limit_mps": 9.13
      },
      "type": "Feature"
    },
    {
      "geometry": {
        "coordinates": [
          [
            749.7322616128905,
            669.9100429568559,
            0.0
          ],
          [
            753.6725974310284,
            669.4144690633526,
            0.0049999839656136
          ],
          [
            756.1767659961229,
            668.0205295386241,
            0.0099999679312272
          ],
          [
            757.6324257454394,
            665.7040069295442,
            0.014999951896840799
          ],
          [
            758.1600087761834,
            662.0555393366125,
            0.0199999358624544
          ]
        ],
        "type": "LineString"
      },
      "id": "road:446:section:0:lane:-1",
      "properties": {
        "lane_id": "road:446:section:0:lane:-1",
        "road_id": "446",
        "speed_limit_mps": 7.73
      },
      "type": "Feature"
    },
    {
      "geometry": {
        "coordinates": [
          [
            749.7323438789251,
            669.910043535212,
            0.0
          ],
          [
            755.4080456274116,
            669.9452126598873,
            0.0
          ],
          [
            759.2932975911921,
            669.9640894185039,
            0.0
          ],
          [
            763.1834917077231,
            669.9884607554117,
            0.0
          ],
          [
            768.8665366470365,
            670.0400777581171,
            0.0
          ]
        ],
        "type": "LineString"
      },
      "id": "road:447:section:0:lane:-1",
      "properties": {
        "lane_id": "road:447:section:0:lane:-1",
        "road_id": "447",
        "speed_limit_mps": 13.89
      },
      "type": "Feature"
    },
    {
      "geometry": {
        "coordinates": [
          [
            749.7324204873042,
            669.9100440772708,
            0.0
          ],
          [
            754.691421274255,
            670.5685444688315,
            0.005000005767663875
          ],
          [
            758.5450622879105,
            672.6154661648281,
            0.01000001153532775
          ],
          [
            760.9519233666334,
            676.0915979753966,
            0.015000017302991626
          ],
          [
            761.719992105968,
            680.6047455913158,
            0.0200000230706555
          ]
        ],
        "type": "LineString"
      },
      "id": "road:448:section:0:lane:-1",
      "properties": {
        "lane_id": "road:448:section:0:lane:-1",
        "road_id": "448",
        "speed_limit_mps": 9.06
      },
      "type": "Feature"
    },
    {
      "geometry": {
        "coordinates": [
          [
            497.1299993573403,
            507.0544531043409,
            0.0
          ],
          [
            497.127584165529,
            500.68057576588603,
            0.0
          ],
          [
            497.12467518782285,
            495.7994110834435,
            0.0
          ],
          [
            497.12577486206146,
            491.8122818442135,
            0.0
          ],
          [
            497.1353945487465,
            488.1217900300375,
            0.0
          ],
          [
            497.15803790044595,
            484.1324253254118,
            0.0
          ],
          [
            497.1981900539349,
            479.2483098856137,
            0.0
          ],
          [
            497.2603407462316,
            472.87194567662067,
            0.0
          ]
        ],
        "type": "LineString"
      },
      "id": "road:449:section:0:lane:-1",
      "properties": {
        "lane_id": "road:449:section:0:lane:-1",
        "road_id": "449",
        "speed_limit_mps": 13.89
      },
      "type": "Feature"
    },
    {
      "geometry": {
        "coordinates": [
          [
            493.6299993720209,
            507.0547736730227,
            0.0
          ],
          [
            493.62758483245295,
            500.68273642944774,
            0.0
          ],
          [
            493.62467544281077,
            495.8007470906338,
            0.0
          ],
          [
            493.62577752229646,
            491.8079665646472,
            0.0
          ],
          [
            493.63542415809803,
            488.10739334347875,
            0.0
          ],
          [
            493.6581253136025,
            484.10768902708304,
            0.0
          ],
          [
            493.6983354048185,
            479.21641262775796,
            0.0
          ],
          [
            493.7605226484839,
            472.8362625899026,
            0.0
          ]
        ],
        "type": "LineString"
      },
      "id": "road:449:section:0:lane:-2",
      "properties": {
        "lane_id": "road:449:section:0:lane:-2",
        "road_id": "449",
        "speed_limit_mps": 13.89
      },
      "type": "Feature"
    },
    {
      "geometry": {
        "coordinates": [
          [
            490.1299993867015,
            507.0550942417045,
            0.0
          ],
          [
            490.12758549937683,
            500.6848970930095,
            0.0
          ],
          [
            490.12467569779864,
            495.80208309782415,
            0.0
          ],
          [
            490.1257801825314,
            491.80365128508095,
            0.0
          ],
          [
            490.1354537674495,
            488.0929966569199,
            0.0
          ],
          [
            490.1582127267591,
            484.08295272875426,
            0.0
          ],
          [
            490.19848075570224,
            479.1845153699023,
            0.0
          ],
          [
            490.2607045507362,
            472.80057950318457,
            0.0
          ]
        ],
        "type": "LineString"
      },
      "id": "road:449:section:0:lane:-3",
      "properties": {
        "lane_id": "road:449:section:0:lane:-3",
        "road_id": "449",
        "speed_limit_mps": 13.89
      },
      "type": "Feature"
    },
    {
      "geometry": {
        "coordinates": [
          [
            486.6299994013821,
            507.0554148103863,
            0.0
          ],
          [
            486.6275861663008,
            500.6870577565712,
            0.0
          ],
          [
            486.62467595278656,
            495.8034191050145,
            0.0
          ],
          [
            486.6257828427664,
            491.79933600551465,
            0.0
          ],
          [
            486.63548337680106,
            488.07859997036115,
            0.0
          ],
          [
            486.6583001399157,
            484.0582164304255,
            0.0
          ],
          [
            486.69862610658583,
            479.1526181120465,
            0.0
          ],
          [
            486.76088645298853,
            472.76489641646646,
            0.0
          ]
        ],
        "type": "LineString"
      },
      "id": "road:449:section:0:lane:-4",
      "properties": {
        "lane_id": "road:449:section:0:lane:-4",
        "road_id": "449",
        "speed_limit_mps": 13.89
      },
      "type": "Feature"
    },
    {
      "geometry": {
        "coordinates": [
          [
            518.259272479691,
            473.08404447760466,
            0.0
          ],
          [
            518.2382036655641,
            479.37825295643864,
            0.0
          ],
          [
            518.41849800946,
            484.21485346665474,
            0.0
          ],
          [
            518.936872864788,
            488.0449603627687,
            0.0
          ],
          [
            519.9282892040422,
            491.3967255881425,
            0.0
          ],
          [
            521.5806147454992,
            494.8561802984743,
            0.0
          ],
          [
            524.1036858997267,
            498.94078863839,
            0.0
          ],
          [
            527.6661488893274,
            504.09826335081374,
            0.0
          ]
        ],
        "type": "LineString"
      },
      "id": "road:450:section:0:lane:-1",
      "properties": {
        "lane_id": "road:450:section:0:lane:-1",
        "road_id": "450",
        "speed_limit_mps": 13.89
      },
      "type": "Feature"
    },
    {
      "geometry": {
        "coordinates": [
          [
            507.75980671457,
            472.97799606591735,
            0.0
          ],
          [
            507.69841697209716,
            479.33745657487094,
            0.0
          ],
          [
            507.65880682731404,
            484.20439417222116,
            0.0
          ],
          [
            507.63647445637264,
            488.17528354618935,
            0.0
          ],
          [
            507.62691369804736,
            491.8481935452167,
            0.0
          ],
          [
            507.62563638968635,
            495.8215377674882,
            0.0
          ],
          [
            507.62816171096136,
            500.6918613263507,
            0.0
          ],
          [
            507.6300002261366,
            507.0544577309564,
            0.0
          ]
        ],
        "type": "LineString"
      },
      "id": "road:451:section:0:lane:-1",
      "properties": {
        "lane_id": "road:451:section:0:lane:-1",
        "road_id": "451",
        "speed_limit_mps": 13.89
      },
      "type": "Feature"
    },
    {
      "geometry": {
        "coordinates": [
          [
            511.25962820371,
            473.01334495775205,
            0.0
          ],
          [
            511.1982745274999,
            479.3690333367424,
            0.0
          ],
          [
            511.1587211921466,
            484.2288776123178,
            0.0
          ],
          [
            511.13644530112686,
            488.1895694087929,
            0.0
          ],
          [
            511.1269109457847,
            491.8525828311431,
            0.0
          ],
          [
            511.12563621318526,
            495.82042623357427,
            0.0
          ],
          [
            511.12816121736466,
            500.6900025157783,
            0.0
          ],
          [
            511.13000022613596,
            507.054459764863,
            0.0
          ]
        ],
        "type": "LineString"
      },
      "id": "road:451:section:0:lane:-2",
      "properties": {
        "lane_id": "road:451:section:0:lane:-2",
        "road_id": "451",
        "speed_limit_mps": 13.89
      },
      "type": "Feature"
    },
    {
      "geometry": {
        "coordinates": [
          [
            514.75944969285,
            473.0486938495867,
            0.0
          ],
          [
            514.6981320829027,
            479.40061009861387,
            0.0
          ],
          [
            514.6586355569791,
            484.2533610524144,
            0.0
          ],
          [
            514.6364161458811,
            488.20385527139655,
            0.0
          ],
          [
            514.626908193522,
            491.85697211706946,
            0.0
          ],
          [
            514.6256360366841,
            495.8193146996603,
            0.0
          ],
          [
            514.6281607237679,
            500.68814370520596,
            0.0
          ],
          [
            514.6300002261354,
            507.05446179876964,
            0.0
          ]
        ],
        "type": "LineString"
      },
      "id": "road:451:section:0:lane:-3",
      "properties": {
        "lane_id": "road:451:section:0:lane:-3",
        "road_id": "451",
        "speed_limit_mps": 13.89
      },
      "type": "Feature"
    },
    {
      "geometry": {
        "coordinates": [
          [
            518.25927118199,
            473.0840427414214,
            0.0
          ],
          [
            518.1979896383054,
            479.43218686048533,
            0.0
          ],
          [
            518.1585499218116,
            484.277844492511,
            0.0
          ],
          [
            518.1363869906354,
            488.2181411340001,
            0.0
          ],
          [
            518.1269054412594,
            491.86136140299584,
            0.0
          ],
          [
            518.125635860183,
            495.81820316574635,
            0.0
          ],
          [
            518.1281602301713,
            500.6862848946336,
            0.0
          ],
          [
            518.1300002261348,
            507.0544638326762,
            0.0
          ]
        ],
        "type": "LineString"
      },
      "id": "road:451:section:0:lane:-4",
      "properties": {
        "lane_id": "road:451:section:0:lane:-4",
        "road_id": "451",
        "speed_limit_mps": 13.89
      },
      "type": "Feature"
    },
    {
      "geometry": {
        "coordinates": [
          [
            477.19917550019903,
            503.23459347798234,
            0.0
          ],
          [
            480.84240461470176,
            498.271904975443,
            0.0
          ],
          [
            483.3760073323828,
            494.31746212952464,
            0.0
          ],
          [
            485.00307902113184,
            490.9394220963832,
            0.0
          ],
          [
            485.9655143200716,
            487.6283936639767,
            0.0
          ],
          [
            486.4723281630262,
            483.8153681661776,
            0.0
          ],
          [
            486.6821085275929,
            479.00253319587256,
            0.0
          ],
          [
            486.7608746916209,
            472.7658947502579,
            0.0
          ]
        ],
        "type": "LineString"
      },
      "id": "road:452:section:0:lane:-1",
      "properties": {
        "lane_id": "road:452:section:0:lane:-1",
        "road_id": "452",
        "speed_limit_mps": 13.89
      },
      "type": "Feature"
    },
    {
      "geometry": {
        "coordinates": [
          [
            757.9800087604174,
            604.2255372722661,
            0.02
          ],
          [
            757.450415556718,
            600.6348911770583,
            0.0650000074221264
          ],
          [
            756.0406181303177,
            598.3588636572366,
            0.1100000148442528
          ],
          [
            753.6496988612037,
            596.9981952065755,
            0.15500002226637918
          ],
          [
            749.8902169497576,
            596.509970198747,
            0.20000002968850558
          ]
        ],
        "type": "LineString"
      },
      "id": "road:453:section:0:lane:-1",
      "properties": {
        "lane_id": "road:453:section:0:lane:-1",
        "road_id": "453",
        "speed_limit_mps": 7.64
      },
      "type": "Feature"
    },
    {
      "geometry": {
        "coordinates": [
          [
            757.9800084769188,
            604.2254469389318,
            0.02
          ],
          [
            757.9620471359269,
            598.3500734699737,
            0.02
          ],
          [
            757.950211515743,
            594.3301156526119,
            0.02
          ],
          [
            757.9382747678728,
            590.3104611948106,
            0.02
          ],
          [
            757.9200087423349,
            584.435543250944,
            0.02
          ]
        ],
        "type": "LineString"
      },
      "id": "road:454:section:0:lane:-1",
      "properties": {
        "lane_id": "road:454:section:0:lane:-1",
        "road_id": "454",
        "speed_limit_mps": 13.89
      },
      "type": "Feature"
    },
    {
      "geometry": {
        "coordinates": [
          [
            757.9800082042061,
            604.2253586055962,
            0.02
          ],
          [
            758.6572690054556,
            599.500743440074,
            0.0650000122037241
          ],
          [
            760.873524299834,
            595.831601204306,
            0.11000002440744822
          ],
          [
            764.5502576064156,
            593.6097442143687,
            0.1550000366111723
          ],
          [
            769.3001409026122,
            592.9000277474845,
            0.20000004881489641
          ]
        ],
        "type": "LineString"
      },
      "id": "road:455:section:0:lane:-1",
      "properties": {
        "lane_id": "road:455:section:0:lane:-1",
        "road_id": "455",
        "speed_limit_mps": 9.04
      },
      "type": "Feature"
    },
    {
      "geometry": {
        "coordinates": [
          [
            769.3200323538573,
            596.3999712431569,
            0.2
          ],
          [
            765.6652923025398,
            596.9273785602941,
            0.1549999877962759
          ],
          [
            763.3471053357872,
            598.3077669492735,
            0.1099999755925518
          ],
          [
            761.9781069915014,
            600.6062003603107,
            0.06499996338882771
          ],
          [
            761.4799912367907,
            604.214464659881,
            0.019999951185103587
          ]
        ],
        "type": "LineString"
      },
      "id": "road:456:section:0:lane:-1",
      "properties": {
        "lane_id": "road:456:section:0:lane:-1",
        "road_id": "456",
        "speed_limit_mps": 7.61
      },
      "type": "Feature"
    },
    {
      "geometry": {
        "coordinates": [
          [
            769.3199456838927,
            596.399971737878,
            0.2
          ],
          [
            763.5515244981717,
            596.4325433334802,
            0.2
          ],
          [
            759.6047732492428,
            596.4545845128245,
            0.2
          ],
          [
            755.6582338788794,
            596.4768185914727,
            0.2
          ],
          [
            749.8901321916787,
            596.5099706444284,
            0.2
          ]
        ],
        "type": "LineString"
      },
      "id": "road:457:section:0:lane:-1",
      "properties": {
        "lane_id": "road:457:section:0:lane:-1",
        "road_id": "457",
        "speed_limit_mps": 13.89
      },
      "type": "Feature"
    },
    {
      "geometry": {
        "coordinates": [
          [
            769.3198521323264,
            596.3999722670627,
            0.2
          ],
          [
            764.5258615276173,
            595.6832224848093,
            0.15500001048058676
          ],
          [
            760.8231198909293,
            593.3229602044712,
            0.1100000209611735
          ],
          [
            758.6157159332543,
            589.4480119950945,
            0.06500003144176025
          ],
          [
            757.9200085293813,
            584.43546138694,
            0.020000041922347
          ]
        ],
        "type": "LineString"
      },
      "id": "road:458:section:0:lane:-1",
      "properties": {
        "lane_id": "road:458:section:0:lane:-1",
        "road_id": "458",
        "speed_limit_mps": 9.16
      },
      "type": "Feature"
    },
    {
      "geometry": {
        "coordinates": [
          [
            761.4199909596762,
            584.4243749620714,
            0.02
          ],
          [
            761.9536133064069,
            588.3951866935015,
            0.06499998951941326
          ],
          [
            763.3691853749914,
            590.921387688924,
            0.10999997903882651
          ],
          [
            765.6832685624445,
            592.3801316582898,
            0.15499996855823975
          ],
          [
            769.2999607515391,
            592.9000287707504,
            0.199999958077653
          ]
        ],
        "type": "LineString"
      },
      "id": "road:459:section:0:lane:-1",
      "properties": {
        "lane_id": "road:459:section:0:lane:-1",
        "road_id": "459",
        "speed_limit_mps": 7.76
      },
      "type": "Feature"
    },
    {
      "geometry": {
        "coordinates": [
          [
            761.4199912208883,
            584.4244568227612,
            0.02
          ],
          [
            761.4382587235655,
            590.299848587069,
            0.02
          ],
          [
            761.4501966088633,
            594.319883082754,
            0.02
          ],
          [
            761.4620315665479,
            598.3396148389836,
            0.02
          ],
          [
            761.479991587977,
            604.2145529800898,
            0.02
          ]
        ],
        "type": "LineString"
      },
      "id": "road:460:section:0:lane:-1",
      "properties": {
        "lane_id": "road:460:section:0:lane:-1",
        "road_id": "460",
        "speed_limit_mps": 13.89
      },
      "type": "Feature"
    },
    {
      "geometry": {
        "coordinates": [
          [
            761.419991483788,
            584.424540451513,
            0.02
          ],
          [
            760.7394520149488,
            589.4539040146152,
            0.06500001307953321
          ],
          [
            758.5088414722985,
            593.352982604277,
            0.11000002615906641
          ],
          [
            754.7603606494347,
            595.742362139441,
            0.1550000392385996
          ],
          [
            749.8900407037256,
            596.5099712270705,
            0.2000000523181328
          ]
        ],
        "type": "LineString"
      },
      "id": "road:461:section:0:lane:-1",
      "properties": {
        "lane_id": "road:461:section:0:lane:-1",
        "road_id": "461",
        "speed_limit_mps": 9.22
      },
      "type": "Feature"
    },
    {
      "geometry": {
        "coordinates": [
          [
            749.8697763211118,
            593.0100298641433,
            0.2
          ],
          [
            753.5900220174898,
            592.4438310318235,
            0.1549999869204668
          ],
          [
            755.968459475619,
            590.9453989275493,
            0.1099999738409336
          ],
          [
            757.4011226182674,
            588.4024494751131,
            0.06499996076140041
          ],
          [
            757.9200090843187,
            584.435626901786,
            0.019999947681867192
          ]
        ],
        "type": "LineString"
      },
      "id": "road:462:section:0:lane:-1",
      "properties": {
        "lane_id": "road:462:section:0:lane:-1",
        "road_id": "462",
        "speed_limit_mps": 7.83
      },
      "type": "Feature"
    },
    {
      "geometry": {
        "coordinates": [
          [
            749.8698678629586,
            593.0100293317319,
            0.2
          ],
          [
            755.6383230185585,
            592.9768752669753,
            0.2
          ],
          [
            759.5852223416979,
            592.9546391709904,
            0.2
          ],
          [
            763.531911974918,
            592.9325983488941,
            0.2
          ],
          [
            769.3000542784862,
            592.9000283459397,
            0.2
          ]
        ],
        "type": "LineString"
      },
      "id": "road:463:section:0:lane:-1",
      "properties": {
        "lane_id": "road:463:section:0:lane:-1",
        "road_id": "463",
        "speed_limit_mps": 13.89
      },
      "type": "Feature"
    },
    {
      "geometry": {
        "coordinates": [
          [
            749.8699526337684,
            593.0100288429715,
            0.2
          ],
          [
            754.7070953605478,
            593.6617431149388,
            0.1549999925778736
          ],
          [
            758.4650129376828,
            595.8345202628823,
            0.10999998515574722
          ],
          [
            760.7562124387655,
            599.4852361445944,
            0.06499997773362082
          ],
          [
            761.4799917589436,
            604.214643365475,
            0.01999997031149442
          ]
        ],
        "type": "LineString"
      },
      "id": "road:464:section:0:lane:-1",
      "properties": {
        "lane_id": "road:464:section:0:lane:-1",
        "road_id": "464",
        "speed_limit_mps": 9.06
      },
      "type": "Feature"
    },
    {
      "geometry": {
        "coordinates": [
          [
            885.1006665629786,
            601.4477903697551,
            0.0
          ],
          [
            884.3610662938445,
            598.1676156611652,
            0.066666684478576
          ],
          [
            882.3671445313449,
            596.4338963757378,
            0.133333368957152
          ],
          [
            878.4301143518361,
            595.7799707492792,
            0.20000005343572802
          ]
        ],
        "type": "LineString"
      },
      "id": "road:465:section:0:lane:-1",
      "properties": {
        "lane_id": "road:465:section:0:lane:-1",
        "road_id": "465",
        "speed_limit_mps": 6.84
      },
      "type": "Feature"
    },
    {
      "geometry": {
        "coordinates": [
          [
            895.6000950783434,
            601.3382418519369,
            0.0
          ],
          [
            895.5414651241459,
            595.8279940748972,
            0.0
          ],
          [
            895.4989761787622,
            591.9702758622377,
            0.0
          ],
          [
            895.44009596466,
            586.4583234902852,
            0.0
          ]
        ],
        "type": "LineString"
      },
      "id": "road:466:section:0:lane:-1",
      "properties": {
        "lane_id": "road:466:section:0:lane:-1",
        "road_id": "466",
        "speed_limit_mps": 13.89
      },
      "type": "Feature"
    },
    {
      "geometry": {
        "coordinates": [
          [
            892.1002852350302,
            601.3747255558105,
            0.0
          ],
          [
            892.0416738496031,
            595.8662175576412,
            0.0
          ],
          [
            891.9991859733151,
            592.0085971077359,
            0.0
          ],
          [
            891.9402878272676,
            586.4949704743643,
            0.0
          ]
        ],
        "type": "LineString"
      },
      "id": "road:466:section:0:lane:-2",
      "properties": {
        "lane_id": "road:466:section:0:lane:-2",
        "road_id": "466",
        "speed_limit_mps": 13.89
      },
      "type": "Feature"
    },
    {
      "geometry": {
        "coordinates": [
          [
            888.6004753917172,
            601.4112092596843,
            0.0
          ],
          [
            888.5418825750601,
            595.9044410403852,
            0.0
          ],
          [
            888.499395767868,
            592.0469183532341,
            0.0
          ],
          [
            888.4404796898752,
            586.5316174584434,
            0.0
          ]
        ],
        "type": "LineString"
      },
      "id": "road:466:section:0:lane:-3",
      "properties": {
        "lane_id": "road:466:section:0:lane:-3",
        "road_id": "466",
        "speed_limit_mps": 13.89
      },
      "type": "Feature"
    },
    {
      "geometry": {
        "coordinates": [
          [
            905.9395203365056,
            586.348381888751,
            0.0
          ],
          [
            905.998383875602,
            591.858781276006,
            0.0
          ],
          [
            906.0408747720544,
            595.7166825972586,
            0.0
          ],
          [
            906.0995245401849,
            601.2287913698577,
            0.0
          ]
        ],
        "type": "LineString"
      },
      "id": "road:467:section:0:lane:-1",
      "properties": {
        "lane_id": "road:467:section:0:lane:-1",
        "road_id": "467",
        "speed_limit_mps": 13.89
      },
      "type": "Feature"
    },
    {
      "geometry": {
        "coordinates": [
          [
            909.4393284695166,
            586.3117344862529,
            0.0
          ],
          [
            909.4981740767588,
            591.8204596386893,
            0.0
          ],
          [
            909.540666052413,
            595.6784596470106,
            0.0
          ],
          [
            909.5993343880778,
            601.1923081052998,
            0.0
          ]
        ],
        "type": "LineString"
      },
      "id": "road:467:section:0:lane:-2",
      "properties": {
        "lane_id": "road:467:section:0:lane:-2",
        "road_id": "467",
        "speed_limit_mps": 13.89
      },
      "type": "Feature"
    },
    {
      "geometry": {
        "coordinates": [
          [
            912.9391366025276,
            586.2750870837549,
            0.0
          ],
          [
            912.9979642779157,
            591.7821380013726,
            0.0
          ],
          [
            913.0404573327717,
            595.6402366967627,
            0.0
          ],
          [
            913.0991442359705,
            601.1558248407418,
            0.0
          ]
        ],
        "type": "LineString"
      },
      "id": "road:467:section:0:lane:-3",
      "properties": {
        "lane_id": "road:467:section:0:lane:-3",
        "road_id": "467",
        "speed_limit_mps": 13.89
      },
      "type": "Feature"
    },
    {
      "geometry": {
        "coordinates": [
          [
            916.4389447355386,
            586.2384396812569,
            0.0
          ],
          [
            916.4977544790725,
            591.7438163640559,
            0.0
          ],
          [
            916.5402486131303,
            595.6020137465148,
            0.0
          ],
          [
            916.5989540838632,
            601.119341576184,
            0.0
          ]
        ],
        "type": "LineString"
      },
      "id": "road:467:section:0:lane:-4",
      "properties": {
        "lane_id": "road:467:section:0:lane:-4",
        "road_id": "467",
        "speed_limit_mps": 13.89
      },
      "type": "Feature"
    },
    {
      "geometry": {
        "coordinates": [
          [
            878.4098857632337,
            592.2800292281827,
            0.2
          ],
          [
            882.3271424885115,
            591.5835787149957,
            0.133333321910456
          ],
          [
            884.2723622168504,
            589.8417491739809,
            0.066666643820912
          ],
          [
            884.9406725401147,
            586.5683634824968,
            -3.426863198763286e-08
          ]
        ],
        "type": "LineString"
      },
      "id": "road:468:section:0:lane:-1",
      "properties": {
        "lane_id": "road:468:section:0:lane:-1",
        "road_id": "468",
        "speed_limit_mps": 6.8
      },
      "type": "Feature"
    },
    {
      "geometry": {
        "coordinates": [
          [
            839.463819599255,
            596.0019864243037,
            0.2
          ],
          [
            837.0125806135068,
            596.7199641526438,
            0.13333331531480502
          ],
          [
            834.3239532600471,
            599.1418192770329,
            0.06666663062961001
          ],
          [
            831.524324966613,
            603.5306920323291,
            -5.405558500815033e-08
          ]
        ],
        "type": "LineString"
      },
      "id": "road:469:section:0:lane:-1",
      "properties": {
        "lane_id": "road:469:section:0:lane:-1",
        "road_id": "469",
        "speed_limit_mps": 9.0
      },
      "type": "Feature"
    },
    {
      "geometry": {
        "coordinates": [
          [
            839.463675147188,
            596.0019873805886,
            0.2
          ],
          [
            834.8514699379255,
            596.0298066448511,
            0.2
          ],
          [
            831.6232969177436,
            596.044932095043,
            0.2
          ],
          [
            827.0149586835184,
            596.0677405806546,
            0.2
          ]
        ],
        "type": "LineString"
      },
      "id": "road:470:section:0:lane:-1",
      "properties": {
        "lane_id": "road:470:section:0:lane:-1",
        "road_id": "470",
        "speed_limit_mps": 13.89
      },
      "type": "Feature"
    },
    {
      "geometry": {
        "coordinates": [
          [
            826.996141751357,
            592.5677911500621,
            0.2
          ],
          [
            831.6075347109918,
            592.544967587095,
            0.2
          ],
          [
            834.833182388499,
            592.5298544304075,
            0.2
          ],
          [
            839.440649333925,
            592.5020631464612,
            0.2
          ]
        ],
        "type": "LineString"
      },
      "id": "road:471:section:0:lane:-1",
      "properties": {
        "lane_id": "road:471:section:0:lane:-1",
        "road_id": "471",
        "speed_limit_mps": 13.89
      },
      "type": "Feature"
    },
    {
      "geometry": {
        "coordinates": [
          [
            528.5885169514722,
            300.9465115814746,
            0.0
          ],
          [
            525.4077448239304,
            305.73155269026597,
            0.0
          ],
          [
            522.9469782812201,
            310.16625067710453,
            0.0
          ],
          [
            521.1145252919043,
            314.33768287811307,
            0.0
          ],
          [
            519.817910603404,
            318.3404137637813,
            0.0
          ],
          [
            518.9679456636547,
            322.2756709372424,
            0.0
          ],
          [
            518.4815883253045,
            326.2459686255619,
            0.0
          ],
          [
            518.280724483981,
            330.34867581425766,
            0.0
          ],
          [
            518.2882334342956,
            334.6731827721949,
            0.0
          ],
          [
            518.4248889274744,
            339.30219123975587,
            0.0
          ],
          [
            518.6085916031004,
            344.31453186523726,
            0.0
          ],
          [
            518.7551489782282,
            349.7874945564443,
            0.0
          ],
          [
            518.7794326819393,
            355.79823501507366,
            0.0
          ]
        ],
        "type": "LineString"
      },
      "id": "road:472:section:0:lane:-1",
      "properties": {
        "lane_id": "road:472:section:0:lane:-1",
        "road_id": "472",
        "speed_limit_mps": 13.89
      },
      "type": "Feature"
    },
    {
      "geometry": {
        "coordinates": [
          [
            508.5698067314092,
            297.52799439862446,
            0.0
          ],
          [
            508.5159660149555,
            303.44288818307416,
            0.0
          ],
          [
            508.47843770902875,
            308.7732741520668,
            0.0
          ],
          [
            508.45394589954316,
            313.6363133508827,
            0.0
          ],
          [
            508.4392164420271,
            318.14924028367625,
            0.0
          ],
          [
            508.43097688549483,
            322.4293049297357,
            0.0
          ],
          [
            508.42595515926786,
            326.5936788087666,
            0.0
          ],
          [
            508.4208776852237,
            330.7593624525929,
            0.0
          ],
          [
            508.41246847803325,
            335.0431465216374,
            0.0
          ],
          [
            508.3974500901737,
            339.56165167852686,
            0.0
          ],
          [
            508.3725455126261,
            344.43142161639736,
            0.0
          ],
          [
            508.3344794679015,
            349.7690168890495,
            0.0
          ],
          [
            508.2799784558911,
            355.6910724288922,
            0.0
          ]
        ],
        "type": "LineString"
      },
      "id": "road:473:section:0:lane:-1",
      "properties": {
        "lane_id": "road:473:section:0:lane:-1",
        "road_id": "473",
        "speed_limit_mps": 13.89
      },
      "type": "Feature"
    },
    {
      "geometry": {
        "coordinates": [
          [
            512.0696282542276,
            297.56333995587335,
            0.0
          ],
          [
            512.0158524837102,
            303.47107871034694,
            0.0
          ],
          [
            511.9783747314523,
            308.794270320021,
            0.0
          ],
          [
            511.95391672932965,
            313.6506028800482,
            0.0
          ],
          [
            511.9392055180595,
            318.15798486220393,
            0.0
          ],
          [
            511.93097321881777,
            322.43437116366533,
            0.0
          ],
          [
            511.9259530937013,
            326.59748130286107,
            0.0
          ],
          [
            511.9208738824755,
            330.76452183457525,
            0.0
          ],
          [
            511.91245710328604,
            335.0520696993884,
            0.0
          ],
          [
            511.8974198876968,
            339.5761918444931,
            0.0
          ],
          [
            511.8724806827835,
            344.4527243086095,
            0.0
          ],
          [
            511.8343631302123,
            349.79755371245176,
            0.0
          ],
          [
            511.77979620378943,
            355.72678981255865,
            0.0
          ]
        ],
        "type": "LineString"
      },
      "id": "road:473:section:0:lane:-2",
      "properties": {
        "lane_id": "road:473:section:0:lane:-2",
        "road_id": "473",
        "speed_limit_mps": 13.89
      },
      "type": "Feature"
    },
    {
      "geometry": {
        "coordinates": [
          [
            515.569449777046,
            297.59868551312223,
            0.0
          ],
          [
            515.5157389524649,
            303.4992692376197,
            0.0
          ],
          [
            515.4783117538759,
            308.81526648797524,
            0.0
          ],
          [
            515.4538875591161,
            313.66489240921373,
            0.0
          ],
          [
            515.439194594092,
            318.1667294407317,
            0.0
          ],
          [
            515.4309695521406,
            322.439437397595,
            0.0
          ],
          [
            515.4259510281348,
            326.60128379695556,
            0.0
          ],
          [
            515.4208700797274,
            330.76968121655756,
            0.0
          ],
          [
            515.4124457285388,
            335.0609928771394,
            0.0
          ],
          [
            515.3973896852199,
            339.5907320104593,
            0.0
          ],
          [
            515.3724158529409,
            344.4740270008216,
            0.0
          ],
          [
            515.3342467925231,
            349.826090535854,
            0.0
          ],
          [
            515.2796139516878,
            355.76250719622504,
            0.0
          ]
        ],
        "type": "LineString"
      },
      "id": "road:473:section:0:lane:-3",
      "properties": {
        "lane_id": "road:473:section:0:lane:-3",
        "road_id": "473",
        "speed_limit_mps": 13.89
      },
      "type": "Feature"
    },
    {
      "geometry": {
        "coordinates": [
          [
            519.0692712998643,
            297.6340310703711,
            0.0
          ],
          [
            519.0156254212195,
            303.52745976489257,
            0.0
          ],
          [
            518.9782487762994,
            308.83626265592943,
            0.0
          ],
          [
            518.9538583889026,
            313.67918193837926,
            0.0
          ],
          [
            518.9391836701244,
            318.17547401925935,
            0.0
          ],
          [
            518.9309658854636,
            322.44450363152464,
            0.0
          ],
          [
            518.9259489625683,
            326.60508629105004,
            0.0
          ],
          [
            518.9208662769793,
            330.7748405985399,
            0.0
          ],
          [
            518.9124343537916,
            335.0699160548904,
            0.0
          ],
          [
            518.8973594827429,
            339.60527217642556,
            0.0
          ],
          [
            518.8723510230982,
            344.4953296930337,
            0.0
          ],
          [
            518.8341304548339,
            349.85462735925626,
            0.0
          ],
          [
            518.7794316995861,
            355.7982245798915,
            0.0
          ]
        ],
        "type": "LineString"
      },
      "id": "road:473:section:0:lane:-4",
      "properties": {
        "lane_id": "road:473:section:0:lane:-4",
        "road_id": "473",
        "speed_limit_mps": 13.89
      },
      "type": "Feature"
    },
    {
      "geometry": {
        "coordinates": [
          [
            487.2810700074158,
            355.47677254307877,
            0.0
          ],
          [
            487.4231824770124,
            349.4559554155945,
            0.0
          ],
          [
            487.6674369393143,
            343.95104356830035,
            0.0
          ],
          [
            487.9298369750833,
            338.8895185583391,
            0.0
          ],
          [
            488.1274496405048,
            334.1986789781536,
            0.0
          ],
          [
            488.1795058262636,
            329.80436553998237,
            0.0
          ],
          [
            488.00811098899356,
            325.62877957442475,
            0.0
          ],
          [
            487.537472745446,
            321.58776123379,
            0.0
          ],
          [
            486.690874800138,
            317.58940298967497,
            0.0
          ],
          [
            485.3867434884575,
            313.5365546278418,
            0.0
          ],
          [
            483.53723594708157,
            309.33297515048923,
            0.0
          ],
          [
            481.0509052641195,
            304.88878588183786,
            0.0
          ],
          [
            477.8368190154207,
            300.1215877791384,
            0.0
          ]
        ],
        "type": "LineString"
      },
      "id": "road:474:section:0:lane:-1",
      "properties": {
        "lane_id": "road:474:section:0:lane:-1",
        "road_id": "474",
        "speed_limit_mps": 13.89
      },
      "type": "Feature"
    },
    {
      "geometry": {
        "coordinates": [
          [
            497.7805239317182,
            355.58393960278727,
            0.0
          ],
          [
            497.83443781673543,
            349.66907000576384,
            0.0
          ],
          [
            497.87202179458257,
            344.3387450865992,
            0.0
          ],
          [
            497.89655299307344,
            339.4757965290208,
            0.0
          ],
          [
            497.9113067677138,
            334.96298241622065,
            0.0
          ],
          [
            497.91955677479905,
            330.6830451996827,
            0.0
          ],
          [
            497.9245762840234,
            326.5188056809652,
            0.0
          ],
          [
            497.92964006972386,
            322.3532556482103,
            0.0
          ],
          [
            497.9380253162756,
            318.0695968808979,
            0.0
          ],
          [
            497.95301067659295,
            313.55120134595205,
            0.0
          ],
          [
            497.9778743706439,
            308.68151816009663,
            0.0
          ],
          [
            498.01589288902136,
            303.3439796962989,
            0.0
          ],
          [
            498.07034094400876,
            297.4219439932129,
            0.0
          ]
        ],
        "type": "LineString"
      },
      "id": "road:475:section:0:lane:-1",
      "properties": {
        "lane_id": "road:475:section:0:lane:-1",
        "road_id": "475",
        "speed_limit_mps": 13.89
      },
      "type": "Feature"
    },
    {
      "geometry": {
        "coordinates": [
          [
            494.28070287515465,
            355.54854790836185,
            0.0
          ],
          [
            494.33455167303305,
            349.64083915172176,
            0.0
          ],
          [
            494.3720849699141,
            344.31771597987085,
            0.0
          ],
          [
            494.3965822615156,
            339.46148296068156,
            0.0
          ],
          [
            494.41131772663095,
            334.95422386042026,
            0.0
          ],
          [
            494.41956044642177,
            330.6779755502282,
            0.0
          ],
          [
            494.4245783422472,
            326.51500995147086,
            0.0
          ],
          [
            494.4296438493945,
            322.3481119452639,
            0.0
          ],
          [
            494.4380366332648,
            318.06069638673796,
            0.0
          ],
          [
            494.45304076487736,
            313.5366886933548,
            0.0
          ],
          [
            494.4779390164121,
            308.66024573197586,
            0.0
          ],
          [
            494.51600897192395,
            303.31547413819334,
            0.0
          ],
          [
            494.57052288053893,
            297.38625754465914,
            0.0
          ]
        ],
        "type": "LineString"
      },
      "id": "road:475:section:0:lane:-2",
      "properties": {
        "lane_id": "road:475:section:0:lane:-2",
        "road_id": "475",
        "speed_limit_mps": 13.89
      },
      "type": "Feature"
    },
    {
      "geometry": {
        "coordinates": [
          [
            490.78088181859107,
            355.5131562139364,
            0.0
          ],
          [
            490.8346655293306,
            349.6126082976796,
            0.0
          ],
          [
            490.8721481452457,
            344.2966868731425,
            0.0
          ],
          [
            490.8966115299578,
            339.44716939234235,
            0.0
          ],
          [
            490.9113286855481,
            334.94546530461986,
            0.0
          ],
          [
            490.9195641180445,
            330.67290590077374,
            0.0
          ],
          [
            490.924580400471,
            326.5112142219765,
            0.0
          ],
          [
            490.92964762906513,
            322.34296824231745,
            0.0
          ],
          [
            490.938047950254,
            318.051795892578,
            0.0
          ],
          [
            490.95307085316176,
            313.52217604075753,
            0.0
          ],
          [
            490.9780036621803,
            308.6389733038551,
            0.0
          ],
          [
            491.01612505482655,
            303.2869685800878,
            0.0
          ],
          [
            491.0707048170691,
            297.3505710961054,
            0.0
          ]
        ],
        "type": "LineString"
      },
      "id": "road:475:section:0:lane:-3",
      "properties": {
        "lane_id": "road:475:section:0:lane:-3",
        "road_id": "475",
        "speed_limit_mps": 13.89
      },
      "type": "Feature"
    },
    {
      "geometry": {
        "coordinates": [
          [
            487.2810607620275,
            355.47776451951097,
            0.0
          ],
          [
            487.3347793856282,
            349.5843774436375,
            0.0
          ],
          [
            487.37221132057726,
            344.27565776641416,
            0.0
          ],
          [
            487.39664079839997,
            339.4328558240031,
            0.0
          ],
          [
            487.4113396444652,
            334.93670674881946,
            0.0
          ],
          [
            487.4195677896672,
            330.66783625131933,
            0.0
          ],
          [
            487.4245824586948,
            326.50741849248215,
            0.0
          ],
          [
            487.4296514087357,
            322.33782453937107,
            0.0
          ],
          [
            487.4380592672432,
            318.04289539841807,
            0.0
          ],
          [
            487.4531009414461,
            313.50766338816027,
            0.0
          ],
          [
            487.4780683079485,
            308.6177008757343,
            0.0
          ],
          [
            487.51624113772914,
            303.2584630219822,
            0.0
          ],
          [
            487.57088675359927,
            297.31488464755165,
            0.0
          ]
        ],
        "type": "LineString"
      },
      "id": "road:475:section:0:lane:-4",
      "properties": {
        "lane_id": "road:475:section:0:lane:-4",
        "road_id": "475",
        "speed_limit_mps": 13.89
      },
      "type": "Feature"
    },
    {
      "geometry": {
        "coordinates": [
          [
            610.3436307304562,
            426.67203809970187,
            10.76
          ],
          [
            605.2235413247951,
            423.3565217173725,
            10.871616222584667
          ],
          [
            600.9657971042257,
            420.9304312114638,
            10.93366065995733
          ],
          [
            597.3122117824603,
            419.26022052871195,
            10.958038440573217
          ],
          [
            593.979507853028,
            418.1970310612267,
            10.956654692887557
          ],
          [
            590.6463743969047,
            417.59320898998715,
            10.941414545355578
          ],
          [
            586.9878102560285,
            417.32523332940144,
            10.924223126432514
          ],
          [
            582.7172021918717,
            417.28296282626775,
            10.916985564573588
          ],
          [
            577.5801793708056,
            417.34951871336875,
            10.931606988234032
          ],
          [
            571.3299837723822,
            417.40000018667484,
            10.979992525869074
          ]
        ],
        "type": "LineString"
      },
      "id": "road:476:section:0:lane:-1",
      "properties": {
        "lane_id": "road:476:section:0:lane:-1",
        "road_id": "476",
        "speed_limit_mps": 13.89
      },
      "type": "Feature"
    },
    {
      "geometry": {
        "coordinates": [
          [
            614.3553407994793,
            406.54964311666646,
            10.4600001
          ],
          [
            607.9262406382448,
            406.67603833990387,
            10.585035327491662
          ],
          [
            602.7332903377952,
            406.76902559467516,
            10.675704085445107
          ],
          [
            598.4223566622529,
            406.83355603443135,
            10.739527978702956
          ],
          [
            594.6402279063456,
            406.87456033001126,
            10.78402861210784
          ],
          [
            591.0349837610006,
            406.8969682742446,
            10.816727590502385
          ],
          [
            587.2549388564604,
            406.9057403670981,
            10.84514651872922
          ],
          [
            582.9470815263219,
            406.90585724068626,
            10.876807001630974
          ],
          [
            577.7570254644328,
            406.9022904560911,
            10.91923064405027
          ],
          [
            571.3300008962294,
            406.8999999597076,
            10.979939050829744
          ]
        ],
        "type": "LineString"
      },
      "id": "road:477:section:0:lane:-1",
      "properties": {
        "lane_id": "road:477:section:0:lane:-1",
        "road_id": "477",
        "speed_limit_mps": 13.89
      },
      "type": "Feature"
    },
    {
      "geometry": {
        "coordinates": [
          [
            614.426032078438,
            410.0489291499994,
            10.4600001
          ],
          [
            607.9924687387562,
            410.1754116893341,
            10.585035327491662
          ],
          [
            602.7914016387598,
            410.26854314380967,
            10.675704085445107
          ],
          [
            598.4679391176629,
            410.3332591989524,
            10.739527978702956
          ],
          [
            594.6699541064949,
            410.37443409245253,
            10.78402861210784
          ],
          [
            591.0491937248835,
            410.39693942797237,
            10.816727590502385
          ],
          [
            587.2581099104029,
            410.4057389305859,
            10.84514651872922
          ],
          [
            582.9451757106892,
            410.40585672181004,
            10.876807001630974
          ],
          [
            577.7547402541328,
            410.40228971006445,
            10.91923064405027
          ],
          [
            571.3300022638882,
            410.3999999597073,
            10.979939050829744
          ]
        ],
        "type": "LineString"
      },
      "id": "road:477:section:0:lane:-2",
      "properties": {
        "lane_id": "road:477:section:0:lane:-2",
        "road_id": "477",
        "speed_limit_mps": 13.89
      },
      "type": "Feature"
    },
    {
      "geometry": {
        "coordinates": [
          [
            614.4967233573967,
            413.5482151833324,
            10.4600001
          ],
          [
            608.0586968392676,
            413.67478503876436,
            10.585035327491662
          ],
          [
            602.8495129397244,
            413.7680606929441,
            10.675704085445107
          ],
          [
            598.5135215730729,
            413.8329623634735,
            10.739527978702956
          ],
          [
            594.6996803066443,
            413.8743078548938,
            10.78402861210784
          ],
          [
            591.0634036887664,
            413.8969105817001,
            10.816727590502385
          ],
          [
            587.2612809643454,
            413.9057374940738,
            10.84514651872922
          ],
          [
            582.9432698950566,
            413.9058562029338,
            10.876807001630974
          ],
          [
            577.7524550438328,
            413.9022889640378,
            10.91923064405027
          ],
          [
            571.330003631547,
            413.89999995970703,
            10.979939050829744
          ]
        ],
        "type": "LineString"
      },
      "id": "road:477:section:0:lane:-3",
      "properties": {
        "lane_id": "road:477:section:0:lane:-3",
        "road_id": "477",
        "speed_limit_mps": 13.89
      },
      "type": "Feature"
    },
    {
      "geometry": {
        "coordinates": [
          [
            614.5674146363554,
            417.04750121666535,
            10.4600001
          ],
          [
            608.1249249397789,
            417.1741583881946,
            10.585035327491662
          ],
          [
            602.9076242406888,
            417.2675782420786,
            10.675704085445107
          ],
          [
            598.5591040284829,
            417.33266552799455,
            10.739527978702956
          ],
          [
            594.7294065067936,
            417.374181617335,
            10.78402861210784
          ],
          [
            591.0776136526492,
            417.3968817354279,
            10.816727590502385
          ],
          [
            587.2644520182878,
            417.40573605756157,
            10.84514651872922
          ],
          [
            582.941364079424,
            417.4058556840576,
            10.876807001630974
          ],
          [
            577.7501698335327,
            417.4022882180111,
            10.91923064405027
          ],
          [
            571.3300049992058,
            417.3999999597068,
            10.979939050829744
          ]
        ],
        "type": "LineString"
      },
      "id": "road:477:section:0:lane:-4",
      "properties": {
        "lane_id": "road:477:section:0:lane:-4",
        "road_id": "477",
        "speed_limit_mps": 13.89
      },
      "type": "Feature"
    },
    {
      "geometry": {
        "coordinates": [
          [
            571.330019391348,
            385.9000000001051,
            10.98
          ],
          [
            577.7791424950718,
            385.96207977061766,
            10.921272865715338
          ],
          [
            583.1078606815282,
            386.05166424449806,
            10.88224409925282
          ],
          [
            587.5539781177115,
            386.0264204372984,
            10.85504689701793
          ],
          [
            591.362168512941,
            385.7532388499781,
            10.831814455416165
          ],
          [
            594.8102634377567,
            385.1079900027181,
            10.804679970853005
          ],
          [
            598.2195703054085,
            383.9527481849853,
            10.765776639733941
          ],
          [
            601.9108949595255,
            382.12010303340804,
            10.707237658464457
          ],
          [
            606.1632341330632,
            379.4387760496073,
            10.621196223450045
          ],
          [
            611.2266335897243,
            375.75523300384424,
            10.499785531096189
          ]
        ],
        "type": "LineString"
      },
      "id": "road:478:section:0:lane:-1",
      "properties": {
        "lane_id": "road:478:section:0:lane:-1",
        "road_id": "478",
        "speed_limit_mps": 13.89
      },
      "type": "Feature"
    },
    {
      "geometry": {
        "coordinates": [
          [
            571.3300008973895,
            396.4000000000001,
            10.98
          ],
          [
            577.7381756021889,
            396.40229318203166,
            10.919401810191044
          ],
          [
            582.9107885103421,
            396.4058734037064,
            10.876924002665561
          ],
          [
            587.1994133258654,
            396.40579458262965,
            10.845105988523368
          ],
          [
            590.9560071895125,
            396.3971222587074,
            10.816487178864287
          ],
          [
            594.5339026993654,
            396.37493107722645,
            10.78360698478814
          ],
          [
            598.287759656369,
            396.33427557157194,
            10.73900481739474
          ],
          [
            602.5720031873063,
            396.27017954420893,
            10.675220087783913
          ],
          [
            607.7397669404181,
            396.1776676413026,
            10.584792207055477
          ],
          [
            614.1432628156095,
            396.05178498030136,
            10.460260586309253
          ]
        ],
        "type": "LineString"
      },
      "id": "road:479:section:0:lane:-1",
      "properties": {
        "lane_id": "road:479:section:0:lane:-1",
        "road_id": "479",
        "speed_limit_mps": 13.89
      },
      "type": "Feature"
    },
    {
      "geometry": {
        "coordinates": [
          [
            571.3300022721684,
            392.9000000000004,
            10.98
          ],
          [
            577.7404730675545,
            392.9022939360813,
            10.919401810191044
          ],
          [
            582.9127160265817,
            392.9058739344663,
            10.876924002665561
          ],
          [
            587.196271175374,
            392.9057959930742,
            10.845105988523368
          ],
          [
            590.9418288502662,
            392.89715097672575,
            10.816487178864287
          ],
          [
            594.5042057595775,
            392.87505706638444,
            10.78360698478814
          ],
          [
            598.2422002202181,
            392.8345721073085,
            10.73900481739474
          ],
          [
            602.5139065266104,
            392.7706617519958,
            10.675220087783913
          ],
          [
            607.6735445375507,
            392.6782941840451,
            10.584792207055477
          ],
          [
            614.0725688668285,
            392.55249900090416,
            10.460260586309253
          ]
        ],
        "type": "LineString"
      },
      "id": "road:479:section:0:lane:-2",
      "properties": {
        "lane_id": "road:479:section:0:lane:-2",
        "road_id": "479",
        "speed_limit_mps": 13.89
      },
      "type": "Feature"
    },
    {
      "geometry": {
        "coordinates": [
          [
            571.3300036469474,
            389.40000000000066,
            10.98
          ],
          [
            577.7427705329201,
            389.402294690131,
            10.919401810191044
          ],
          [
            582.9146435428214,
            389.40587446522613,
            10.876924002665561
          ],
          [
            587.1931290248828,
            389.4057974035187,
            10.845105988523368
          ],
          [
            590.9276505110199,
            389.39717969474407,
            10.816487178864287
          ],
          [
            594.4745088197897,
            389.37518305554244,
            10.78360698478814
          ],
          [
            598.1966407840674,
            389.334868643045,
            10.73900481739474
          ],
          [
            602.4558098659144,
            389.2711439597827,
            10.675220087783913
          ],
          [
            607.6073221346832,
            389.17892072678757,
            10.584792207055477
          ],
          [
            614.0018749180475,
            389.05321302150696,
            10.460260586309253
          ]
        ],
        "type": "LineString"
      },
      "id": "road:479:section:0:lane:-3",
      "properties": {
        "lane_id": "road:479:section:0:lane:-3",
        "road_id": "479",
        "speed_limit_mps": 13.89
      },
      "type": "Feature"
    },
    {
      "geometry": {
        "coordinates": [
          [
            571.3300050217263,
            385.90000000000094,
            10.98
          ],
          [
            577.7450679982857,
            385.90229544418065,
            10.919401810191044
          ],
          [
            582.9165710590611,
            385.90587499598604,
            10.876924002665561
          ],
          [
            587.1899868743914,
            385.90579881396326,
            10.845105988523368
          ],
          [
            590.9134721717736,
            385.89720841276244,
            10.816487178864287
          ],
          [
            594.4448118800018,
            385.87530904470043,
            10.78360698478814
          ],
          [
            598.1510813479166,
            385.83516517878155,
            10.73900481739474
          ],
          [
            602.3977132052185,
            385.77162616756965,
            10.675220087783913
          ],
          [
            607.5410997318157,
            385.6795472695301,
            10.584792207055477
          ],
          [
            613.9311809692665,
            385.5539270421098,
            10.460260586309253
          ]
        ],
        "type": "LineString"
      },
      "id": "road:479:section:0:lane:-4",
      "properties": {
        "lane_id": "road:479:section:0:lane:-4",
        "road_id": "479",
        "speed_limit_mps": 13.89
      },
      "type": "Feature"
    },
    {
      "geometry": {
        "coordinates": [
          [
            630.7386659867401,
            605.3022032103102,
            0.04
          ],
          [
            630.0496531226713,
            601.5613828775587,
            0.08000000788381867
          ],
          [
            628.5072600734153,
            599.1584939235709,
            0.12000001576763736
          ],
          [
            626.0311870804198,
            597.7364335720616,
            0.16000002365145602
          ],
          [
            622.260832488963,
            597.2328137574734,
            0.2000000315352747
          ]
        ],
        "type": "LineString"
      },
      "id": "road:480:section:0:lane:-1",
      "properties": {
        "lane_id": "road:480:section:0:lane:-1",
        "road_id": "480",
        "speed_limit_mps": 7.88
      },
      "type": "Feature"
    },
    {
      "geometry": {
        "coordinates": [
          [
            630.7386581619966,
            605.3020243230239,
            0.04
          ],
          [
            631.2676926648066,
            600.4270346960928,
            0.07999998728183186
          ],
          [
            633.4950862864323,
            596.6301428377961,
            0.11999997456366371
          ],
          [
            637.3163043947192,
            594.3499137174358,
            0.15999996184549556
          ],
          [
            642.3177820867924,
            593.6250092900365,
            0.1999999491273274
          ]
        ],
        "type": "LineString"
      },
      "id": "road:481:section:0:lane:-1",
      "properties": {
        "lane_id": "road:481:section:0:lane:-1",
        "road_id": "481",
        "speed_limit_mps": 9.06
      },
      "type": "Feature"
    },
    {
      "geometry": {
        "coordinates": [
          [
            642.3378491731745,
            597.1249517157684,
            0.2
          ],
          [
            638.4075355844637,
            597.6754533628567,
            0.1600000124450453
          ],
          [
            635.9712059252491,
            599.1037698297857,
            0.12000002489009061
          ],
          [
            634.6152305077414,
            601.4487926643122,
            0.08000003733513592
          ],
          [
            634.2353144523577,
            605.1490721688807,
            0.04000004978018121
          ]
        ],
        "type": "LineString"
      },
      "id": "road:482:section:0:lane:-1",
      "properties": {
        "lane_id": "road:482:section:0:lane:-1",
        "road_id": "482",
        "speed_limit_mps": 7.64
      },
      "type": "Feature"
    },
    {
      "geometry": {
        "coordinates": [
          [
            642.3377656047071,
            597.1249521969029,
            0.2
          ],
          [
            637.3581569434602,
            597.152816626235,
            0.2
          ],
          [
            633.824073985828,
            597.1714165019514,
            0.2
          ],
          [
            630.7723331858035,
            597.1868691778917,
            0.2
          ],
          [
            627.2392818437575,
            597.2052943544797,
            0.2
          ],
          [
            622.2607451285993,
            597.2328142629856,
            0.2
          ]
        ],
        "type": "LineString"
      },
      "id": "road:483:section:0:lane:-1",
      "properties": {
        "lane_id": "road:483:section:0:lane:-1",
        "road_id": "483",
        "speed_limit_mps": 13.89
      },
      "type": "Feature"
    },
    {
      "geometry": {
        "coordinates": [
          [
            622.240923934578,
            593.732870432431,
            0.2
          ],
          [
            627.2205200508156,
            593.7053446801086,
            0.2
          ],
          [
            630.754542757648,
            593.6869144282196,
            0.2
          ],
          [
            633.8061889723592,
            593.6714622320771,
            0.2
          ],
          [
            637.339178160967,
            593.6528681142967,
            0.2
          ],
          [
            642.3176984895744,
            593.6250097529007,
            0.2
          ]
        ],
        "type": "LineString"
      },
      "id": "road:484:section:0:lane:-1",
      "properties": {
        "lane_id": "road:484:section:0:lane:-1",
        "road_id": "484",
        "speed_limit_mps": 13.89
      },
      "type": "Feature"
    },
    {
      "geometry": {
        "coordinates": [
          [
            622.2410112599534,
            593.7328699400666,
            0.2
          ],
          [
            627.1059263246839,
            594.4055275466735,
            0.15999999236511958
          ],
          [
            630.920283727536,
            596.6232787832132,
            0.11999998473023918
          ],
          [
            633.3234525514546,
            600.3235475596194,
            0.07999997709535876
          ],
          [
            634.2353222789297,
            605.1492510773714,
            0.039999969460478346
          ]
        ],
        "type": "LineString"
      },
      "id": "road:485:section:0:lane:-1",
      "properties": {
        "lane_id": "road:485:section:0:lane:-1",
        "road_id": "485",
        "speed_limit_mps": 9.27
      },
      "type": "Feature"
    },
    {
      "geometry": {
        "coordinates": [
          [
            504.37142230672924,
            722.0166674091047,
            0.0
          ],
          [
            501.733983789503,
            716.7141142187214,
            0.0
          ],
          [
            499.3199299798029,
            711.9346570135968,
            0.0
          ],
          [
            497.07320310572464,
            707.5818287613172,
            0.0
          ],
          [
            494.9375385486761,
            703.5586620568041,
            0.0
          ],
          [
            492.8563251675564,
            699.7674991160007,
            0.0
          ],
          [
            490.77252779737563,
            696.1099941188781,
            0.0
          ],
          [
            488.62875589361755,
            692.4873924884753,
            0.0
          ],
          [
            486.36749479061064,
            688.8010039359398,
            0.0
          ],
          [
            483.9314016229568,
            684.9526408311677,
            0.0
          ],
          [
            481.2635162967267,
            680.8448216003158,
            0.0
          ],
          [
            478.30730552938974,
            676.3807093469826,
            0.0
          ],
          [
            475.00656993182713,
            671.4638989697269,
            0.0
          ]
        ],
        "type": "LineString"
      },
      "id": "road:486:section:0:lane:-1",
      "properties": {
        "lane_id": "road:486:section:0:lane:-1",
        "road_id": "486",
        "speed_limit_mps": 13.89
      },
      "type": "Feature"
    },
    {
      "geometry": {
        "coordinates": [
          [
            504.37141154282546,
            722.0166456453838,
            0.0
          ],
          [
            501.7731043419356,
            716.6386398507123,
            0.0
          ],
          [
            499.49935445867345,
            711.7158480764998,
            0.0
          ],
          [
            497.4747862774492,
            707.1681598179985,
            0.0
          ],
          [
            495.6240120502255,
            702.915607086305,
            0.0
          ],
          [
            493.87148882974856,
            698.877580663714,
            0.0
          ],
          [
            492.14134665516985,
            694.9719294854103,
            0.0
          ],
          [
            490.35718685767995,
            691.1143603906648,
            0.0
          ],
          [
            488.4419061988079,
            687.2185355345904,
            0.0
          ],
          [
            486.31767663742903,
            683.1969122692182,
            0.0
          ],
          [
            483.90617343494495,
            678.9619138062516,
            0.0
          ],
          [
            481.12897808949975,
            674.4268624737103,
            0.0
          ],
          [
            477.907959172335,
            669.5063646875077,
            0.0
          ]
        ],
        "type": "LineString"
      },
      "id": "road:487:section:0:lane:-1",
      "properties": {
        "lane_id": "road:487:section:0:lane:-1",
        "road_id": "487",
        "speed_limit_mps": 13.89
      },
      "type": "Feature"
    },
    {
      "geometry": {
        "coordinates": [
          [
            513.7839595765632,
            717.3632651841199,
            0.0
          ],
          [
            511.19579758292,
            712.0744446726609,
            0.0
          ],
          [
            508.95658272465465,
            707.3485799390048,
            0.0
          ],
          [
            507.0286671167621,
            703.0584674973585,
            0.0
          ],
          [
            505.37546963017746,
            699.0781197619871,
            0.0
          ],
          [
            503.96180941748537,
            695.2840668381438,
            0.0
          ],
          [
            502.7535343778798,
            691.5562120195964,
            0.0
          ],
          [
            501.71636073465453,
            687.7771860619418,
            0.0
          ],
          [
            500.8146853064542,
            683.8300233069181,
            0.0
          ],
          [
            500.0112954849178,
            679.5955644011734,
            0.0
          ],
          [
            499.2679810839305,
            674.9512704607741,
            0.0
          ],
          [
            498.5463156151321,
            669.7717262853428,
            0.0
          ],
          [
            497.80809488843033,
            663.929908338851,
            0.0
          ]
        ],
        "type": "LineString"
      },
      "id": "road:488:section:0:lane:-1",
      "properties": {
        "lane_id": "road:488:section:0:lane:-1",
        "road_id": "488",
        "speed_limit_mps": 13.89
      },
      "type": "Feature"
    },
    {
      "geometry": {
        "coordinates": [
          [
            510.64654568968984,
            718.9145981923596,
            0.0
          ],
          [
            508.04392246123024,
            713.596181580695,
            0.0
          ],
          [
            505.7804624798087,
            708.8190425159784,
            0.0
          ],
          [
            503.81767374995553,
            704.4511345782951,
            0.0
          ],
          [
            502.1202645440214,
            700.3640590479037,
            0.0
          ],
          [
            500.65714397930554,
            696.4369702780293,
            0.0
          ],
          [
            499.4003074129352,
            692.5591421874389,
            0.0
          ],
          [
            498.3213551743372,
            688.6280310803878,
            0.0
          ],
          [
            497.3879293789905,
            684.5423040195537,
            0.0
          ],
          [
            496.562843861358,
            680.1940469823463,
            0.0
          ],
          [
            495.80591972264,
            675.4652073544285,
            0.0
          ],
          [
            495.0763291573012,
            670.2291035721317,
            0.0
          ],
          [
            494.33391125461077,
            664.3542290648361,
            0.0
          ]
        ],
        "type": "LineString"
      },
      "id": "road:488:section:0:lane:-2",
      "properties": {
        "lane_id": "road:488:section:0:lane:-2",
        "road_id": "488",
        "speed_limit_mps": 13.89
      },
      "type": "Feature"
    },
    {
      "geometry": {
        "coordinates": [
          [
            507.50913180281646,
            720.4659312005992,
            0.0
          ],
          [
            504.89204733954045,
            715.1179184887291,
            0.0
          ],
          [
            502.60434223496276,
            710.2895050929519,
            0.0
          ],
          [
            500.60668038314896,
            705.8438016592315,
            0.0
          ],
          [
            498.8650594578653,
            701.6499983338202,
            0.0
          ],
          [
            497.3524785411257,
            697.5898737179148,
            0.0
          ],
          [
            496.04708044799065,
            693.5620723552813,
            0.0
          ],
          [
            494.92634961401984,
            689.4788760988338,
            0.0
          ],
          [
            493.96117345152686,
            685.2545847321894,
            0.0
          ],
          [
            493.1143922377981,
            680.7925295635192,
            0.0
          ],
          [
            492.3438583613494,
            675.9791442480827,
            0.0
          ],
          [
            491.60634269947036,
            670.6864808589207,
            0.0
          ],
          [
            490.85972762079126,
            664.7785497908212,
            0.0
          ]
        ],
        "type": "LineString"
      },
      "id": "road:488:section:0:lane:-3",
      "properties": {
        "lane_id": "road:488:section:0:lane:-3",
        "road_id": "488",
        "speed_limit_mps": 13.89
      },
      "type": "Feature"
    },
    {
      "geometry": {
        "coordinates": [
          [
            504.37171791594307,
            722.0172642088389,
            0.0
          ],
          [
            501.74017221785067,
            716.6396553967631,
            0.0
          ],
          [
            499.4282219901168,
            711.7599676699255,
            0.0
          ],
          [
            497.3956870163424,
            707.2364687401681,
            0.0
          ],
          [
            495.6098543717092,
            702.9359376197367,
            0.0
          ],
          [
            494.0478131029459,
            698.7427771578002,
            0.0
          ],
          [
            492.69385348304604,
            694.5650025231237,
            0.0
          ],
          [
            491.5313440537025,
            690.3297211172797,
            0.0
          ],
          [
            490.53441752406326,
            685.966865444825,
            0.0
          ],
          [
            489.66594061423825,
            681.3910121446921,
            0.0
          ],
          [
            488.8817970000589,
            676.493081141737,
            0.0
          ],
          [
            488.1363562416395,
            671.1438581457098,
            0.0
          ],
          [
            487.38554398697175,
            665.2028705168062,
            0.0
          ]
        ],
        "type": "LineString"
      },
      "id": "road:488:section:0:lane:-4",
      "properties": {
        "lane_id": "road:488:section:0:lane:-4",
        "road_id": "488",
        "speed_limit_mps": 13.89
      },
      "type": "Feature"
    },
    {
      "geometry": {
        "coordinates": [
          [
            508.2302669492275,
            662.65375142223,
            0.0
          ],
          [
            509.0162135766697,
            668.9071318826267,
            0.0
          ],
          [
            509.7541010695177,
            674.2655029044059,
            0.0
          ],
          [
            510.49691293550273,
            678.906979472509,
            0.0
          ],
          [
            511.2971596597736,
            683.0124715345167,
            0.0
          ],
          [
            512.2078636028698,
            686.7686712063628,
            0.0
          ],
          [
            513.2843648868226,
            690.3687657285466,
            0.0
          ],
          [
            514.5851381344097,
            694.0083960953295,
            0.0
          ],
          [
            516.1699238717881,
            697.8794189703776,
            0.0
          ],
          [
            518.0968282713277,
            702.1669879917698,
            0.0
          ],
          [
            520.4212105595993,
            707.051148559788,
            0.0
          ],
          [
            523.1965030041147,
            712.7098757656879,
            0.0
          ]
        ],
        "type": "LineString"
      },
      "id": "road:489:section:0:lane:-1",
      "properties": {
        "lane_id": "road:489:section:0:lane:-1",
        "road_id": "489",
        "speed_limit_mps": 13.89
      },
      "type": "Feature"
    },
    {
      "geometry": {
        "coordinates": [
          [
            511.7043167076825,
            662.2283360066903,
            0.0
          ],
          [
            512.4868424966623,
            668.4546554747218,
            0.0
          ],
          [
            513.2167842464934,
            673.7557723717815,
            0.0
          ],
          [
            513.9441337474516,
            678.3014477444658,
            0.0
          ],
          [
            514.7174637220656,
            682.2698275272907,
            0.0
          ],
          [
            515.5868825190363,
            685.8564041598303,
            0.0
          ],
          [
            516.6094517715396,
            689.2761554553557,
            0.0
          ],
          [
            517.8516366149919,
            692.7514204884245,
            0.0
          ],
          [
            519.3836998949456,
            696.4931853418077,
            0.0
          ],
          [
            521.2710013955931,
            700.6923270215157,
            0.0
          ],
          [
            523.5706600637293,
            705.5243978201661,
            0.0
          ],
          [
            526.3340139689716,
            711.1587391033005,
            0.0
          ]
        ],
        "type": "LineString"
      },
      "id": "road:489:section:0:lane:-2",
      "properties": {
        "lane_id": "road:489:section:0:lane:-2",
        "road_id": "489",
        "speed_limit_mps": 13.89
      },
      "type": "Feature"
    },
    {
      "geometry": {
        "coordinates": [
          [
            515.1783664661374,
            661.8029205911504,
            0.0
          ],
          [
            515.957471416655,
            668.0021790668169,
            0.0
          ],
          [
            516.6794674234691,
            673.2460418391571,
            0.0
          ],
          [
            517.3913545594004,
            677.6959160164228,
            0.0
          ],
          [
            518.1377677843576,
            681.5271835200646,
            0.0
          ],
          [
            518.9659014352028,
            684.9441371132978,
            0.0
          ],
          [
            519.9345386562567,
            688.1835451821647,
            0.0
          ],
          [
            521.1181350955741,
            691.4944448815195,
            0.0
          ],
          [
            522.5974759181031,
            695.1069517132378,
            0.0
          ],
          [
            524.4451745198585,
            699.2176660512615,
            0.0
          ],
          [
            526.7201095678591,
            703.9976470805443,
            0.0
          ],
          [
            529.4715249338286,
            709.6076024409131,
            0.0
          ]
        ],
        "type": "LineString"
      },
      "id": "road:489:section:0:lane:-3",
      "properties": {
        "lane_id": "road:489:section:0:lane:-3",
        "road_id": "489",
        "speed_limit_mps": 13.89
      },
      "type": "Feature"
    },
    {
      "geometry": {
        "coordinates": [
          [
            518.6524162245925,
            661.3775051756105,
            0.0
          ],
          [
            519.4281003366477,
            667.5497026589119,
            0.0
          ],
          [
            520.1421506004448,
            672.7363113065327,
            0.0
          ],
          [
            520.8385753713492,
            677.0903842883796,
            0.0
          ],
          [
            521.5580718466497,
            680.7845395128385,
            0.0
          ],
          [
            522.3449203513693,
            684.0318700667654,
            0.0
          ],
          [
            523.2596255409738,
            687.0909349089738,
            0.0
          ],
          [
            524.3846335761563,
            690.2374692746145,
            0.0
          ],
          [
            525.8112519412606,
            693.7207180846679,
            0.0
          ],
          [
            527.619347644124,
            697.7430050810073,
            0.0
          ],
          [
            529.8695590719891,
            702.4708963409225,
            0.0
          ],
          [
            532.6090358986855,
            708.0564657785258,
            0.0
          ]
        ],
        "type": "LineString"
      },
      "id": "road:489:section:0:lane:-4",
      "properties": {
        "lane_id": "road:489:section:0:lane:-4",
        "road_id": "489",
        "speed_limit_mps": 13.89
      },
      "type": "Feature"
    },
    {
      "geometry": {
        "coordinates": [
          [
            433.390001451936,
            417.89999999999935,
            9.81
          ],
          [
            427.2613623516904,
            417.9356062048971,
            9.732703286286322
          ],
          [
            422.547102221127,
            418.14811987376686,
            9.645621866180743
          ],
          [
            418.8201761496556,
            418.6814763814074,
            9.55665216919458
          ],
          [
            415.57600460081505,
            419.67673815874514,
            9.47369062483914
          ],
          [
            412.248164841746,
            421.3296002820974,
            9.404633662625734
          ],
          [
            408.33833433217706,
            423.8610246899711,
            9.357377712065677
          ],
          [
            403.420627933066,
            427.44952950633234,
            9.339819202670274
          ]
        ],
        "type": "LineString"
      },
      "id": "road:490:section:0:lane:-1",
      "properties": {
        "lane_id": "road:490:section:0:lane:-1",
        "road_id": "490",
        "speed_limit_mps": 13.89
      },
      "type": "Feature"
    },
    {
      "geometry": {
        "coordinates": [
          [
            433.39000049389887,
            407.3999999999999,
            9.81
          ],
          [
            427.4330608516241,
            407.4021479257101,
            9.746987762613545
          ],
          [
            422.7380776407237,
            407.4078100912531,
            9.689450637247495
          ],
          [
            418.88408496092563,
            407.4158150739872,
            9.632756613167002
          ],
          [
            415.4498760956901,
            407.4249932701859,
            9.572273679637233
          ],
          [
            412.0145199430461,
            407.43417447518493,
            9.503369825923336
          ],
          [
            408.15777376504013,
            407.4421851447422,
            9.421413041290473
          ],
          [
            403.4596699138123,
            407.4478511368839,
            9.3217713150038
          ],
          [
            397.4999997092024,
            407.4500001288376,
            9.199812636328474
          ]
        ],
        "type": "LineString"
      },
      "id": "road:491:section:0:lane:-1",
      "properties": {
        "lane_id": "road:491:section:0:lane:-1",
        "road_id": "491",
        "speed_limit_mps": 13.89
      },
      "type": "Feature"
    },
    {
      "geometry": {
        "coordinates": [
          [
            433.39000148169663,
            410.89999999999975,
            9.81
          ],
          [
            427.43579262598956,
            410.9021468596255,
            9.746987762613545
          ],
          [
            422.74393010617763,
            410.9078051981994,
            9.689450637247495
          ],
          [
            418.89269054074924,
            410.91580449454204,
            9.632756613167002
          ],
          [
            415.4596280993909,
            410.92497968422003,
            9.572273679637233
          ],
          [
            412.0231237954944,
            410.9341638999865,
            9.503369825923336
          ],
          [
            408.16362373450517,
            410.9421802558613,
            9.421413041290473
          ],
          [
            403.462399292148,
            410.9478500726686,
            9.3217713150038
          ],
          [
            397.49999874724836,
            410.9500001288375,
            9.199812636328474
          ]
        ],
        "type": "LineString"
      },
      "id": "road:491:section:0:lane:-2",
      "properties": {
        "lane_id": "road:491:section:0:lane:-2",
        "road_id": "491",
        "speed_limit_mps": 13.89
      },
      "type": "Feature"
    },
    {
      "geometry": {
        "coordinates": [
          [
            433.39000246949445,
            414.39999999999964,
            9.81
          ],
          [
            427.43852440035505,
            414.40214579354085,
            9.746987762613545
          ],
          [
            422.7497825716315,
            414.4078003051457,
            9.689450637247495
          ],
          [
            418.90129612057285,
            414.4157939150969,
            9.632756613167002
          ],
          [
            415.4693801030917,
            414.42496609825423,
            9.572273679637233
          ],
          [
            412.0317276479428,
            414.43415332478816,
            9.503369825923336
          ],
          [
            408.1694737039702,
            414.44217536698034,
            9.421413041290473
          ],
          [
            403.46512867048375,
            414.44784900845326,
            9.3217713150038
          ],
          [
            397.4999977852943,
            414.4500001288373,
            9.199812636328474
          ]
        ],
        "type": "LineString"
      },
      "id": "road:491:section:0:lane:-3",
      "properties": {
        "lane_id": "road:491:section:0:lane:-3",
        "road_id": "491",
        "speed_limit_mps": 13.89
      },
      "type": "Feature"
    },
    {
      "geometry": {
        "coordinates": [
          [
            433.3900034572922,
            417.89999999999947,
            9.81
          ],
          [
            427.44125617472054,
            417.90214472745623,
            9.746987762613545
          ],
          [
            422.7556350370854,
            417.907795412092,
            9.689450637247495
          ],
          [
            418.90990170039646,
            417.9157833356518,
            9.632756613167002
          ],
          [
            415.47913210679246,
            417.9249525122884,
            9.572273679637233
          ],
          [
            412.0403315003911,
            417.93414274958974,
            9.503369825923336
          ],
          [
            408.17532367343523,
            417.9421704780994,
            9.421413041290473
          ],
          [
            403.4678580488195,
            417.94784794423794,
            9.3217713150038
          ],
          [
            397.4999968233402,
            417.9500001288372,
            9.199812636328474
          ]
        ],
        "type": "LineString"
      },
      "id": "road:491:section:0:lane:-4",
      "properties": {
        "lane_id": "road:491:section:0:lane:-4",
        "road_id": "491",
        "speed_limit_mps": 13.89
      },
      "type": "Feature"
    },
    {
      "geometry": {
        "coordinates": [
          [
            400.51649129094426,
            376.9314685274347,
            9.06
          ],
          [
            405.3169644767533,
            380.2661451976014,
            9.18815652655631
          ],
          [
            409.2258070073823,
            382.6944412341249,
            9.303969053917683
          ],
          [
            412.55353952794263,
            384.35426791965006,
            9.408691461100595
          ],
          [
            415.64820941950506,
            385.40956482518834,
            9.503577627121508
          ],
          [
            418.91253874799463,
            386.02172805965444,
            9.589881430996897
          ],
          [
            422.7397982130799,
            386.31494970687976,
            9.668856751743231
          ],
          [
            427.4644410872097,
            386.40030493442697,
            9.74175746837698
          ],
          [
            433.39000466749707,
            386.40000013856644,
            9.809837459914611
          ]
        ],
        "type": "LineString"
      },
      "id": "road:492:section:0:lane:-1",
      "properties": {
        "lane_id": "road:492:section:0:lane:-1",
        "road_id": "492",
        "speed_limit_mps": 13.89
      },
      "type": "Feature"
    },
    {
      "geometry": {
        "coordinates": [
          [
            397.49999970238275,
            396.95000000000005,
            9.2
          ],
          [
            403.4569393433259,
            396.9478520935853,
            9.321904200993533
          ],
          [
            408.15192255258887,
            396.9421899390216,
            9.421504320746404
          ],
          [
            412.00591523080635,
            396.9341849610479,
            9.503432369993464
          ],
          [
            415.44012409526886,
            396.92500676548394,
            9.572320359469547
          ],
          [
            418.8754802486792,
            396.9158255590856,
            9.632800299909503
          ],
          [
            422.73222642908013,
            396.9078148881909,
            9.68950420204817
          ],
          [
            427.4303302839264,
            396.9021488968726,
            9.747064076620394
          ],
          [
            433.39000049303377,
            396.89999991,
            9.810111934361016
          ]
        ],
        "type": "LineString"
      },
      "id": "road:493:section:0:lane:-1",
      "properties": {
        "lane_id": "road:493:section:0:lane:-1",
        "road_id": "493",
        "speed_limit_mps": 13.89
      },
      "type": "Feature"
    },
    {
      "geometry": {
        "coordinates": [
          [
            397.49999872714835,
            393.4500000000002,
            9.2
          ],
          [
            403.4542075788059,
            393.44785315966226,
            9.321904200993533
          ],
          [
            408.1460700933917,
            393.44219483206484,
            9.421504320746404
          ],
          [
            411.99730965327853,
            393.4341955404874,
            9.503432369993464
          ],
          [
            415.43037209080654,
            393.4250203514519,
            9.572320359469547
          ],
          [
            418.86687639455323,
            393.4158361342881,
            9.632800299909503
          ],
          [
            422.7263764591154,
            393.4078197770727,
            9.68950420204817
          ],
          [
            427.42760090732617,
            393.40214996108654,
            9.747064076620394
          ],
          [
            433.39000145910126,
            393.3999999100002,
            9.810111934361016
          ]
        ],
        "type": "LineString"
      },
      "id": "road:493:section:0:lane:-2",
      "properties": {
        "lane_id": "road:493:section:0:lane:-2",
        "road_id": "493",
        "speed_limit_mps": 13.89
      },
      "type": "Feature"
    },
    {
      "geometry": {
        "coordinates": [
          [
            397.49999775191395,
            389.95000000000033,
            9.2
          ],
          [
            403.45147581428586,
            389.94785422573915,
            9.321904200993533
          ],
          [
            408.1402176341945,
            389.9421997251081,
            9.421504320746404
          ],
          [
            411.9887040757507,
            389.9342061199269,
            9.503432369993464
          ],
          [
            415.42062008634423,
            389.9250339374198,
            9.572320359469547
          ],
          [
            418.85827254042727,
            389.91584670949067,
            9.632800299909503
          ],
          [
            422.72052648915064,
            389.9078246659545,
            9.68950420204817
          ],
          [
            427.4248715307259,
            389.9021510253005,
            9.747064076620394
          ],
          [
            433.39000242516875,
            389.8999999100003,
            9.810111934361016
          ]
        ],
        "type": "LineString"
      },
      "id": "road:493:section:0:lane:-3",
      "properties": {
        "lane_id": "road:493:section:0:lane:-3",
        "road_id": "493",
        "speed_limit_mps": 13.89
      },
      "type": "Feature"
    },
    {
      "geometry": {
        "coordinates": [
          [
            397.49999677667955,
            386.45000000000044,
            9.2
          ],
          [
            403.4487440497659,
            386.4478552918161,
            9.321904200993533
          ],
          [
            408.1343651749973,
            386.4422046181513,
            9.421504320746404
          ],
          [
            411.98009849822284,
            386.4342166993664,
            9.503432369993464
          ],
          [
            415.4108680818819,
            386.4250475233878,
            9.572320359469547
          ],
          [
            418.8496686863013,
            386.4158572846932,
            9.632800299909503
          ],
          [
            422.7146765191859,
            386.40782955483627,
            9.68950420204817
          ],
          [
            427.4221421541257,
            386.40215208951446,
            9.747064076620394
          ],
          [
            433.3900033912363,
            386.3999999100004,
            9.810111934361016
          ]
        ],
        "type": "LineString"
      },
      "id": "road:493:section:0:lane:-4",
      "properties": {
        "lane_id": "road:493:section:0:lane:-4",
        "road_id": "493",
        "speed_limit_mps": 13.89
      },
      "type": "Feature"
    },
    {
      "geometry": {
        "coordinates": [
          [
            703.609872160104,
            680.6813468321075,
            0.02
          ],
          [
            703.0150551586324,
            676.9537089369504,
            0.0249999955992374
          ],
          [
            701.5407808616279,
            674.5188254163113,
            0.0299999911984748
          ],
          [
            699.1170146871167,
            673.0255330322793,
            0.0349999867977122
          ],
          [
            695.3932247641311,
            672.401485409462,
            0.0399999823969496
          ]
        ],
        "type": "LineString"
      },
      "id": "road:494:section:0:lane:-1",
      "properties": {
        "lane_id": "road:494:section:0:lane:-1",
        "road_id": "494",
        "speed_limit_mps": 7.89
      },
      "type": "Feature"
    },
    {
      "geometry": {
        "coordinates": [
          [
            703.6098704292377,
            680.6812604207438,
            0.02
          ],
          [
            703.5041699867529,
            675.6933044373461,
            0.02
          ],
          [
            703.4192817949145,
            672.1548466602416,
            0.02
          ],
          [
            703.3412251514349,
            669.0951373424409,
            0.02
          ],
          [
            703.256134525476,
            665.5477272098183,
            0.02
          ],
          [
            703.1502592929162,
            660.5504599374881,
            0.02
          ]
        ],
        "type": "LineString"
      },
      "id": "road:495:section:0:lane:-1",
      "properties": {
        "lane_id": "road:495:section:0:lane:-1",
        "road_id": "495",
        "speed_limit_mps": 13.89
      },
      "type": "Feature"
    },
    {
      "geometry": {
        "coordinates": [
          [
            703.6098686987664,
            680.6811738152387,
            0.02
          ],
          [
            704.6849969452277,
            674.74037803647,
            0.013333320418480867
          ],
          [
            708.4480542617556,
            670.8479027991777,
            0.006666640836961734
          ],
          [
            714.2924338084846,
            669.6600441550213,
            -3.874455740265903e-08
          ]
        ],
        "type": "LineString"
      },
      "id": "road:496:section:0:lane:-1",
      "properties": {
        "lane_id": "road:496:section:0:lane:-1",
        "road_id": "496",
        "speed_limit_mps": 8.79
      },
      "type": "Feature"
    },
    {
      "geometry": {
        "coordinates": [
          [
            714.267744833506,
            673.1599570883008,
            0.0
          ],
          [
            710.035160881719,
            673.9672970371702,
            0.006666673925385466
          ],
          [
            707.8510969945397,
            676.2319806287627,
            0.013333347850770932
          ],
          [
            707.1091546236765,
            680.6104802343752,
            0.0200000217761564
          ]
        ],
        "type": "LineString"
      },
      "id": "road:497:section:0:lane:-1",
      "properties": {
        "lane_id": "road:497:section:0:lane:-1",
        "road_id": "497",
        "speed_limit_mps": 7.32
      },
      "type": "Feature"
    },
    {
      "geometry": {
        "coordinates": [
          [
            714.2676475253143,
            673.1599564041338,
            0.0
          ],
          [
            708.621077833158,
            673.0492621162439,
            0.006250183579581719
          ],
          [
            704.749531662661,
            672.8510513505122,
            0.02000184545082561
          ],
          [
            700.9422416974624,
            672.6194302549513,
            0.033756652312479776
          ],
          [
            695.39314540292,
            672.4014830860235,
            0.040016270863292305
          ]
        ],
        "type": "LineString"
      },
      "id": "road:498:section:0:lane:-1",
      "properties": {
        "lane_id": "road:498:section:0:lane:-1",
        "road_id": "498",
        "speed_limit_mps": 13.89
      },
      "type": "Feature"
    },
    {
      "geometry": {
        "coordinates": [
          [
            714.2675520963329,
            673.1599557279241,
            0.0
          ],
          [
            709.610343746939,
            672.3308192956823,
            0.0049999996482423745
          ],
          [
            706.0269487835261,
            669.7957427598537,
            0.009999999296484749
          ],
          [
            703.8918272459327,
            665.7625475474648,
            0.014999998944727125
          ],
          [
            703.1502579427495,
            660.5503868962576,
            0.019999998592969498
          ]
        ],
        "type": "LineString"
      },
      "id": "road:499:section:0:lane:-1",
      "properties": {
        "lane_id": "road:499:section:0:lane:-1",
        "road_id": "499",
        "speed_limit_mps": 9.3
      },
      "type": "Feature"
    },
    {
      "geometry": {
        "coordinates": [
          [
            706.6495578474567,
            660.4803998403276,
            0.02
          ],
          [
            707.2428828704664,
            664.7523924753418,
            0.014999999572127
          ],
          [
            708.6792950443667,
            667.5120951508597,
            0.009999999144254
          ],
          [
            710.9042357450243,
            669.0787678009718,
            0.004999998716381
          ],
          [
            714.2922411392013,
            669.6600427812386,
            -1.7114920002059275e-09
          ]
        ],
        "type": "LineString"
      },
      "id": "road:500:section:0:lane:-1",
      "properties": {
        "lane_id": "road:500:section:0:lane:-1",
        "road_id": "500",
        "speed_limit_mps": 7.92
      },
      "type": "Feature"
    },
    {
      "geometry": {
        "coordinates": [
          [
            706.6495593089234,
            660.4804728358242,
            0.02
          ],
          [
            706.7552316213423,
            665.4682559719131,
            0.02
          ],
          [
            706.8401068757014,
            669.0065872051292,
            0.02
          ],
          [
            706.918163224922,
            672.0661852656572,
            0.02
          ],
          [
            707.0032637546171,
            675.6134708258364,
            0.02
          ],
          [
            707.1091564670206,
            680.6105668625987,
            0.02
          ]
        ],
        "type": "LineString"
      },
      "id": "road:501:section:0:lane:-1",
      "properties": {
        "lane_id": "road:501:section:0:lane:-1",
        "road_id": "501",
        "speed_limit_mps": 13.89
      },
      "type": "Feature"
    },
    {
      "geometry": {
        "coordinates": [
          [
            706.6495609506445,
            660.4805550165347,
            0.02
          ],
          [
            706.066561988822,
            665.5420760767429,
            0.02500001950691355
          ],
          [
            703.9188494585838,
            669.4465362569982,
            0.0300000390138271
          ],
          [
            700.2111276380491,
            671.779744940795,
            0.035000058520740646
          ],
          [
            695.3930434541355,
            672.4014803545443,
            0.0400000780276542
          ]
        ],
        "type": "LineString"
      },
      "id": "road:502:section:0:lane:-1",
      "properties": {
        "lane_id": "road:502:section:0:lane:-1",
        "road_id": "502",
        "speed_limit_mps": 9.02
      },
      "type": "Feature"
    },
    {
      "geometry": {
        "coordinates": [
          [
            695.490452997062,
            668.902839762052,
            0.04
          ],
          [
            699.1041640531289,
            668.4594333937339,
            0.0350000126772309
          ],
          [
            701.3598009261557,
            667.0588361425824,
            0.0300000253544618
          ],
          [
            702.7070092860661,
            664.5605741049114,
            0.0250000380316927
          ],
          [
            703.1502609425656,
            660.5505420674341,
            0.020000050708923602
          ]
        ],
        "type": "LineString"
      },
      "id": "road:503:section:0:lane:-1",
      "properties": {
        "lane_id": "road:503:section:0:lane:-1",
        "road_id": "503",
        "speed_limit_mps": 7.6
      },
      "type": "Feature"
    },
    {
      "geometry": {
        "coordinates": [
          [
            695.4905549988442,
            668.9028425997724,
            0.04
          ],
          [
            701.1278818781806,
            669.1243822935804,
            0.033749816551683326
          ],
          [
            704.9697300746692,
            669.3580066096106,
            0.01999815489926344
          ],
          [
            708.7486192930384,
            669.5515946720417,
            0.006243348081535524
          ],
          [
            714.2923365258279,
            669.6600433909492,
            -1.627086270519773e-05
          ]
        ],
        "type": "LineString"
      },
      "id": "road:504:section:0:lane:-1",
      "properties": {
        "lane_id": "road:504:section:0:lane:-1",
        "road_id": "504",
        "speed_limit_mps": 13.89
      },
      "type": "Feature"
    },
    {
      "geometry": {
        "coordinates": [
          [
            695.4906343849,
            668.9028448124354,
            0.04
          ],
          [
            700.2989724736291,
            669.7311272969389,
            0.03499998827463855
          ],
          [
            704.0250932829633,
            672.0532825241326,
            0.0299999765492771
          ],
          [
            706.3184588628152,
            675.7968407017654,
            0.02499996482391565
          ],
          [
            707.1091581730983,
            680.6106532184871,
            0.0199999530985542
          ]
        ],
        "type": "LineString"
      },
      "id": "road:505:section:0:lane:-1",
      "properties": {
        "lane_id": "road:505:section:0:lane:-1",
        "road_id": "505",
        "speed_limit_mps": 9.27
      },
      "type": "Feature"
    },
    {
      "geometry": {
        "coordinates": [
          [
            561.6732486516744,
            605.960314154596,
            0.03
          ],
          [
            561.106616783188,
            602.0873602405077,
            0.072499996233575
          ],
          [
            559.6152703369333,
            599.6153285967624,
            0.11499999246715001
          ],
          [
            557.1248429535077,
            598.1530723512028,
            0.157499988700725
          ],
          [
            553.2435247318161,
            597.6316086911581,
            0.19999998493430002
          ]
        ],
        "type": "LineString"
      },
      "id": "road:506:section:0:lane:-1",
      "properties": {
        "lane_id": "road:506:section:0:lane:-1",
        "road_id": "506",
        "speed_limit_mps": 7.85
      },
      "type": "Feature"
    },
    {
      "geometry": {
        "coordinates": [
          [
            561.6732475903483,
            605.9601391178172,
            0.03
          ],
          [
            562.3662101204063,
            600.9692027719719,
            0.07250000578147363
          ],
          [
            564.6659090014268,
            597.105033527679,
            0.11500001156294726
          ],
          [
            568.5028645933858,
            594.7603392004099,
            0.15750001734442087
          ],
          [
            573.4852416919392,
            594.0089880402879,
            0.20000002312589452
          ]
        ],
        "type": "LineString"
      },
      "id": "road:507:section:0:lane:-1",
      "properties": {
        "lane_id": "road:507:section:0:lane:-1",
        "road_id": "507",
        "speed_limit_mps": 9.24
      },
      "type": "Feature"
    },
    {
      "geometry": {
        "coordinates": [
          [
            573.5050629687602,
            597.5089319391444,
            0.2
          ],
          [
            569.6285806808058,
            598.0743644697114,
            0.1574999942185264
          ],
          [
            567.1552510721856,
            599.5653538885721,
            0.11499998843705275
          ],
          [
            565.6932080697745,
            602.0559800775922,
            0.07249998265557914
          ],
          [
            565.1731832887633,
            605.938917503921,
            0.029999976874105494
          ]
        ],
        "type": "LineString"
      },
      "id": "road:508:section:0:lane:-1",
      "properties": {
        "lane_id": "road:508:section:0:lane:-1",
        "road_id": "508",
        "speed_limit_mps": 7.85
      },
      "type": "Feature"
    },
    {
      "geometry": {
        "coordinates": [
          [
            573.5049756170664,
            597.5089324360305,
            0.2
          ],
          [
            568.4808467664183,
            597.538289484937,
            0.2
          ],
          [
            564.9154942046023,
            597.5606060737535,
            0.2
          ],
          [
            561.83571431874,
            597.5805140788252,
            0.2
          ],
          [
            558.2689918309109,
            597.6026407366918,
            0.2
          ],
          [
            553.243437176867,
            597.6316091791588,
            0.2
          ]
        ],
        "type": "LineString"
      },
      "id": "road:509:section:0:lane:-1",
      "properties": {
        "lane_id": "road:509:section:0:lane:-1",
        "road_id": "509",
        "speed_limit_mps": 13.89
      },
      "type": "Feature"
    },
    {
      "geometry": {
        "coordinates": [
          [
            553.2239016319568,
            594.1316636508475,
            0.2
          ],
          [
            558.2480159003212,
            594.1027035606205,
            0.2
          ],
          [
            561.8132984696349,
            594.0805858402819,
            0.2
          ],
          [
            564.8929684854123,
            594.0606785509268,
            0.2
          ],
          [
            568.4596187809485,
            594.0383538627833,
            0.2
          ],
          [
            573.4851544109933,
            594.0089885818221,
            0.2
          ]
        ],
        "type": "LineString"
      },
      "id": "road:510:section:0:lane:-1",
      "properties": {
        "lane_id": "road:510:section:0:lane:-1",
        "road_id": "510",
        "speed_limit_mps": 13.89
      },
      "type": "Feature"
    },
    {
      "geometry": {
        "coordinates": [
          [
            553.2239892549783,
            594.1316631639511,
            0.2
          ],
          [
            558.2125732200993,
            594.8263858473073,
            0.157500003766425
          ],
          [
            562.0752478912219,
            597.1256477762639,
            0.11500000753285
          ],
          [
            564.4201700026257,
            600.960255463369,
            0.072500011299275
          ],
          [
            565.173184316652,
            605.9390925149468,
            0.030000015065699992
          ]
        ],
        "type": "LineString"
      },
      "id": "road:511:section:0:lane:-1",
      "properties": {
        "lane_id": "road:511:section:0:lane:-1",
        "road_id": "511",
        "speed_limit_mps": 9.24
      },
      "type": "Feature"
    },
    {
      "geometry": {
        "coordinates": [
          [
            118.2300000021089,
            423.91729856332796,
            0.0
          ],
          [
            117.58024043533199,
            420.4645960879566,
            0.0
          ],
          [
            115.86625244601095,
            418.7046150287384,
            0.0
          ],
          [
            112.51743804764821,
            418.0290076647069,
            0.0
          ]
        ],
        "type": "LineString"
      },
      "id": "road:512:section:0:lane:-1",
      "properties": {
        "lane_id": "road:512:section:0:lane:-1",
        "road_id": "512",
        "speed_limit_mps": 6.65
      },
      "type": "Feature"
    },
    {
      "geometry": {
        "coordinates": [
          [
            121.73000000035827,
            423.91717723857755,
            0.0
          ],
          [
            121.90952885040139,
            416.38225892406825,
            0.0
          ],
          [
            122.45075705338262,
            409.6992933971201,
            0.0
          ],
          [
            123.3604094780973,
            403.8589849665049,
            0.0
          ],
          [
            124.65180427577486,
            398.84891280146184,
            0.0
          ],
          [
            126.35085493321742,
            394.6559973689625,
            0.0
          ],
          [
            128.5025017319281,
            391.2791098366287,
            0.0
          ],
          [
            131.1584561861875,
            388.76085908831186,
            0.0
          ],
          [
            134.3108234734166,
            387.20508401803863,
            0.0
          ],
          [
            137.84119788031256,
            386.68999778231637,
            0.0
          ]
        ],
        "type": "LineString"
      },
      "id": "road:513:section:0:lane:-1",
      "properties": {
        "lane_id": "road:513:section:0:lane:-1",
        "road_id": "513",
        "speed_limit_mps": 13.83
      },
      "type": "Feature"
    },
    {
      "geometry": {
        "coordinates": [
          [
            121.73000000044102,
            423.9171733615301,
            0.0
          ],
          [
            121.95797835726336,
            416.3098834151301,
            0.0
          ],
          [
            122.64683336572284,
            409.6670436047341,
            0.0
          ],
          [
            123.80975485123604,
            403.97446348339184,
            0.0
          ],
          [
            125.47381161707509,
            399.21591654148347,
            0.0
          ],
          [
            127.68874716202548,
            395.38672093696374,
            0.0
          ],
          [
            130.5151508695097,
            392.53213987163736,
            0.0
          ],
          [
            133.94485051099562,
            390.7712530019357,
            0.0
          ],
          [
            137.8411753409015,
            390.1899981313378,
            0.0
          ]
        ],
        "type": "LineString"
      },
      "id": "road:514:section:0:lane:-1",
      "properties": {
        "lane_id": "road:514:section:0:lane:-1",
        "road_id": "514",
        "speed_limit_mps": 13.34
      },
      "type": "Feature"
    },
    {
      "geometry": {
        "coordinates": [
          [
            121.73000000055613,
            423.9171685313247,
            0.0
          ],
          [
            121.95891355363946,
            417.116623336946,
            0.0
          ],
          [
            122.65176835604736,
            411.1675059796809,
            0.0
          ],
          [
            123.82449850559475,
            406.05605624963556,
            0.0
          ],
          [
            125.50768792805152,
            401.77017578030535,
            0.0
          ],
          [
            127.75013888222337,
            398.3175138592313,
            0.0
          ],
          [
            130.59319841014798,
            395.7589801721576,
            0.0
          ],
          [
            133.99834752410783,
            394.20065418570715,
            0.0
          ],
          [
            137.84115272437086,
            393.68999851491515,
            0.0
          ]
        ],
        "type": "LineString"
      },
      "id": "road:515:section:0:lane:-1",
      "properties": {
        "lane_id": "road:515:section:0:lane:-1",
        "road_id": "515",
        "speed_limit_mps": 12.83
      },
      "type": "Feature"
    },
    {
      "geometry": {
        "coordinates": [
          [
            121.73000000072297,
            423.9171623472042,
            0.0
          ],
          [
            122.03106333851704,
            417.12327419553395,
            0.0
          ],
          [
            122.94685094446962,
            411.2905997242232,
            0.0
          ],
          [
            124.51078712459379,
            406.40208369355156,
            0.0
          ],
          [
            126.7805080045506,
            402.46211688600135,
            0.0
          ],
          [
            129.80775042758478,
            399.5416861810783,
            0.0
          ],
          [
            133.5438794865379,
            397.768502388684,
            0.0
          ],
          [
            137.84113004030547,
            397.1899989034712,
            0.0
          ]
        ],
        "type": "LineString"
      },
      "id": "road:516:section:0:lane:-1",
      "properties": {
        "lane_id": "road:516:section:0:lane:-1",
        "road_id": "516",
        "speed_limit_mps": 12.32
      },
      "type": "Feature"
    },
    {
      "geometry": {
        "coordinates": [
          [
            137.84097304681467,
            407.69000023,
            0.0
          ],
          [
            132.4601968570188,
            407.68378331188705,
            0.0
          ],
          [
            128.48019667843903,
            407.66651525585235,
            0.0
          ],
          [
            125.20224213580852,
            407.64030086065503,
            0.0
          ],
          [
            121.92867783928055,
            407.60728593291674,
            0.0
          ],
          [
            117.95781614587493,
            407.5695739621911,
            0.0
          ],
          [
            112.58555055868891,
            407.5292286269049,
            0.0
          ]
        ],
        "type": "LineString"
      },
      "id": "road:517:section:0:lane:-1",
      "properties": {
        "lane_id": "road:517:section:0:lane:-1",
        "road_id": "517",
        "speed_limit_mps": 13.89
      },
      "type": "Feature"
    },
    {
      "geometry": {
        "coordinates": [
          [
            137.840972520444,
            411.19000022999995,
            0.0
          ],
          [
            132.45092146638467,
            411.18377102145524,
            0.0
          ],
          [
            128.4581770197531,
            411.16644598868567,
            0.0
          ],
          [
            125.16903657942804,
            411.1401433415426,
            0.0
          ],
          [
            121.89302250054897,
            411.1071043134645,
            0.0
          ],
          [
            117.92756037885482,
            411.06944318668536,
            0.0
          ],
          [
            112.56281924831701,
            411.0291548100592,
            0.0
          ]
        ],
        "type": "LineString"
      },
      "id": "road:517:section:0:lane:-2",
      "properties": {
        "lane_id": "road:517:section:0:lane:-2",
        "road_id": "517",
        "speed_limit_mps": 13.89
      },
      "type": "Feature"
    },
    {
      "geometry": {
        "coordinates": [
          [
            137.84097199407336,
            414.6900002299999,
            0.0
          ],
          [
            132.44164607575058,
            414.6837587310235,
            0.0
          ],
          [
            128.43615736106716,
            414.66637672151904,
            0.0
          ],
          [
            125.13583102304756,
            414.6399858224302,
            0.0
          ],
          [
            121.85736716181738,
            414.60692269401227,
            0.0
          ],
          [
            117.89730461183471,
            414.5693124111796,
            0.0
          ],
          [
            112.54008793794512,
            414.5290809932135,
            0.0
          ]
        ],
        "type": "LineString"
      },
      "id": "road:517:section:0:lane:-3",
      "properties": {
        "lane_id": "road:517:section:0:lane:-3",
        "road_id": "517",
        "speed_limit_mps": 13.89
      },
      "type": "Feature"
    },
    {
      "geometry": {
        "coordinates": [
          [
            137.8409714677027,
            418.1900002299999,
            0.0
          ],
          [
            132.43237068511647,
            418.1837464405917,
            0.0
          ],
          [
            128.41413770238123,
            418.16630745435236,
            0.0
          ],
          [
            125.10262546666708,
            418.1398283033178,
            0.0
          ],
          [
            121.82171182308579,
            418.10674107456003,
            0.0
          ],
          [
            117.8670488448146,
            418.0691816356739,
            0.0
          ],
          [
            112.51735662757322,
            418.0290071763677,
            0.0
          ]
        ],
        "type": "LineString"
      },
      "id": "road:517:section:0:lane:-4",
      "properties": {
        "lane_id": "road:517:section:0:lane:-4",
        "road_id": "517",
        "speed_limit_mps": 13.89
      },
      "type": "Feature"
    },
    {
      "geometry": {
        "coordinates": [
          [
            112.65375104441208,
            397.02945006251286,
            0.0
          ],
          [
            118.02377216995298,
            397.0697044492142,
            0.0
          ],
          [
            121.99281432941763,
            397.10723786942486,
            0.0
          ],
          [
            125.25803157669749,
            397.14001639969285,
            0.0
          ],
          [
            128.51896428900852,
            397.1660450548373,
            0.0
          ],
          [
            132.47912786456317,
            397.1833703588563,
            0.0
          ],
          [
            137.8409768593145,
            397.1899988743165,
            0.0
          ]
        ],
        "type": "LineString"
      },
      "id": "road:518:section:0:lane:-1",
      "properties": {
        "lane_id": "road:518:section:0:lane:-1",
        "road_id": "518",
        "speed_limit_mps": 13.89
      },
      "type": "Feature"
    },
    {
      "geometry": {
        "coordinates": [
          [
            112.67648669323621,
            393.52952390753865,
            0.0
          ],
          [
            118.05392974689525,
            393.5698343772611,
            0.0
          ],
          [
            122.02829863050573,
            393.607417750565,
            0.0
          ],
          [
            125.29110199846622,
            393.64017263929384,
            0.0
          ],
          [
            128.54100747514892,
            393.66611447010496,
            0.0
          ],
          [
            132.48860774791544,
            393.6833831971925,
            0.0
          ],
          [
            137.84131297734922,
            393.6899988904558,
            0.0
          ]
        ],
        "type": "LineString"
      },
      "id": "road:518:section:0:lane:-2",
      "properties": {
        "lane_id": "road:518:section:0:lane:-2",
        "road_id": "518",
        "speed_limit_mps": 13.89
      },
      "type": "Feature"
    },
    {
      "geometry": {
        "coordinates": [
          [
            112.69922234206035,
            390.0295977525644,
            0.0
          ],
          [
            118.08408732383752,
            390.069964305308,
            0.0
          ],
          [
            122.06378293159385,
            390.1075976317051,
            0.0
          ],
          [
            125.32417242023496,
            390.14032887889476,
            0.0
          ],
          [
            128.5630506612893,
            390.1661838853726,
            0.0
          ],
          [
            132.4980876312677,
            390.18339603552863,
            0.0
          ],
          [
            137.84164909538396,
            390.1899989065951,
            0.0
          ]
        ],
        "type": "LineString"
      },
      "id": "road:518:section:0:lane:-3",
      "properties": {
        "lane_id": "road:518:section:0:lane:-3",
        "road_id": "518",
        "speed_limit_mps": 13.89
      },
      "type": "Feature"
    },
    {
      "geometry": {
        "coordinates": [
          [
            112.72195799088449,
            386.52967159759027,
            0.0
          ],
          [
            118.1142449007798,
            386.5700942333549,
            0.0
          ],
          [
            122.09926723268195,
            386.60777751284525,
            0.0
          ],
          [
            125.3572428420037,
            386.64048511849575,
            0.0
          ],
          [
            128.58509384742968,
            386.6662533006403,
            0.0
          ],
          [
            132.50756751461998,
            386.6834088738648,
            0.0
          ],
          [
            137.84198521341867,
            386.6899989227345,
            0.0
          ]
        ],
        "type": "LineString"
      },
      "id": "road:518:section:0:lane:-4",
      "properties": {
        "lane_id": "road:518:section:0:lane:-4",
        "road_id": "518",
        "speed_limit_mps": 13.89
      },
      "type": "Feature"
    },
    {
      "geometry": {
        "coordinates": [
          [
            496.75000000000057,
            603.5699794884564,
            0.0
          ],
          [
            496.7593330692069,
            599.1084105041883,
            0.0
          ],
          [
            496.77989354628613,
            596.0558979609746,
            0.0
          ],
          [
            496.8004728290946,
            593.0145018715541,
            0.0
          ],
          [
            496.81003497540394,
            588.569608147815,
            0.0
          ]
        ],
        "type": "LineString"
      },
      "id": "road:519:section:0:lane:-1",
      "properties": {
        "lane_id": "road:519:section:0:lane:-1",
        "road_id": "519",
        "speed_limit_mps": 13.89
      },
      "type": "Feature"
    },
    {
      "geometry": {
        "coordinates": [
          [
            493.2500000000017,
            603.569976685369,
            0.0
          ],
          [
            493.2593729164773,
            599.0917093274384,
            0.0
          ],
          [
            493.28000477693314,
            596.0279945175183,
            0.0
          ],
          [
            493.3005134995766,
            592.9976290614767,
            0.0
          ],
          [
            493.31003498236134,
            588.5693874626289,
            0.0
          ]
        ],
        "type": "LineString"
      },
      "id": "road:519:section:0:lane:-2",
      "properties": {
        "lane_id": "road:519:section:0:lane:-2",
        "road_id": "519",
        "speed_limit_mps": 13.89
      },
      "type": "Feature"
    },
    {
      "geometry": {
        "coordinates": [
          [
            489.7500000000028,
            603.5699738822818,
            0.0
          ],
          [
            489.75941276374766,
            599.0750081506884,
            0.0
          ],
          [
            489.7801160075801,
            596.0000910740621,
            0.0
          ],
          [
            489.8005541700586,
            592.9807562513993,
            0.0
          ],
          [
            489.8100349893188,
            588.569166777443,
            0.0
          ]
        ],
        "type": "LineString"
      },
      "id": "road:519:section:0:lane:-3",
      "properties": {
        "lane_id": "road:519:section:0:lane:-3",
        "road_id": "519",
        "speed_limit_mps": 13.89
      },
      "type": "Feature"
    },
    {
      "geometry": {
        "coordinates": [
          [
            486.2500000000039,
            603.5699710791945,
            0.0
          ],
          [
            486.259452611018,
            599.0583069739384,
            0.0
          ],
          [
            486.2802272382271,
            595.9721876306058,
            0.0
          ],
          [
            486.30059484054055,
            592.9638834413219,
            0.0
          ],
          [
            486.3100349962762,
            588.568946092257,
            0.0
          ]
        ],
        "type": "LineString"
      },
      "id": "road:519:section:0:lane:-4",
      "properties": {
        "lane_id": "road:519:section:0:lane:-4",
        "road_id": "519",
        "speed_limit_mps": 13.89
      },
      "type": "Feature"
    },
    {
      "geometry": {
        "coordinates": [
          [
            523.5900281229589,
            597.7971246358546,
            0.2
          ],
          [
            520.1504865452815,
            598.467625495227,
            0.1333333370446166
          ],
          [
            518.4042777134699,
            600.1984500996233,
            0.06666667408923321
          ],
          [
            517.7500000140469,
            603.569892222849,
            1.1133849814326524e-08
          ]
        ],
        "type": "LineString"
      },
      "id": "road:520:section:0:lane:-1",
      "properties": {
        "lane_id": "road:520:section:0:lane:-1",
        "road_id": "520",
        "speed_limit_mps": 6.65
      },
      "type": "Feature"
    },
    {
      "geometry": {
        "coordinates": [
          [
            517.8099455382531,
            588.5695458322923,
            0.0
          ],
          [
            518.4601137128935,
            591.9578873265538,
            0.06666665055058967
          ],
          [
            520.178054902604,
            593.6661656581218,
            0.13333330110117933
          ],
          [
            523.57031876769,
            594.297180095418,
            0.19999995165176904
          ]
        ],
        "type": "LineString"
      },
      "id": "road:521:section:0:lane:-1",
      "properties": {
        "lane_id": "road:521:section:0:lane:-1",
        "road_id": "521",
        "speed_limit_mps": 6.6
      },
      "type": "Feature"
    },
    {
      "geometry": {
        "coordinates": [
          [
            507.30999262938366,
            588.5696187559282,
            0.0
          ],
          [
            507.30051710410106,
            593.0312494258827,
            0.0
          ],
          [
            507.27986812944295,
            596.083751622407,
            0.0
          ],
          [
            507.2593267030664,
            599.1250920534686,
            0.0
          ],
          [
            507.25000007138493,
            603.5699794862068,
            0.0
          ]
        ],
        "type": "LineString"
      },
      "id": "road:522:section:0:lane:-1",
      "properties": {
        "lane_id": "road:522:section:0:lane:-1",
        "road_id": "522",
        "speed_limit_mps": 13.89
      },
      "type": "Feature"
    },
    {
      "geometry": {
        "coordinates": [
          [
            510.80999262815095,
            588.5697116477847,
            0.0
          ],
          [
            510.8004766498435,
            593.0480773243288,
            0.0
          ],
          [
            510.7797565269434,
            596.11170166788,
            0.0
          ],
          [
            510.7592866288878,
            599.1418407144287,
            0.0
          ],
          [
            510.7500000713838,
            603.569976677481,
            0.0
          ]
        ],
        "type": "LineString"
      },
      "id": "road:522:section:0:lane:-2",
      "properties": {
        "lane_id": "road:522:section:0:lane:-2",
        "road_id": "522",
        "speed_limit_mps": 13.89
      },
      "type": "Feature"
    },
    {
      "geometry": {
        "coordinates": [
          [
            514.3099926269183,
            588.5698045396413,
            0.0
          ],
          [
            514.300436195586,
            593.0649052227749,
            0.0
          ],
          [
            514.2796449244438,
            596.1396517133528,
            0.0
          ],
          [
            514.2592465547093,
            599.1585893753887,
            0.0
          ],
          [
            514.2500000713827,
            603.5699738687551,
            0.0
          ]
        ],
        "type": "LineString"
      },
      "id": "road:522:section:0:lane:-3",
      "properties": {
        "lane_id": "road:522:section:0:lane:-3",
        "road_id": "522",
        "speed_limit_mps": 13.89
      },
      "type": "Feature"
    },
    {
      "geometry": {
        "coordinates": [
          [
            757.8200090528036,
            552.8656289191033,
            0.02
          ],
          [
            757.0672132353908,
            548.9507686369745,
            0.02
          ],
          [
            755.0850231979375,
            546.9503662962348,
            0.02
          ],
          [
            751.2825432456547,
            546.2425933940796,
            0.02
          ]
        ],
        "type": "LineString"
      },
      "id": "road:523:section:0:lane:-1",
      "properties": {
        "lane_id": "road:523:section:0:lane:-1",
        "road_id": "523",
        "speed_limit_mps": 7.02
      },
      "type": "Feature"
    },
    {
      "geometry": {
        "coordinates": [
          [
            757.8200085188291,
            552.8654603872931,
            0.02
          ],
          [
            758.8628248230077,
            547.3844817979234,
            0.02
          ],
          [
            762.2828558601634,
            543.7118423083076,
            0.02
          ],
          [
            767.5576443728584,
            542.4817218624634,
            0.02
          ]
        ],
        "type": "LineString"
      },
      "id": "road:524:section:0:lane:-1",
      "properties": {
        "lane_id": "road:524:section:0:lane:-1",
        "road_id": "524",
        "speed_limit_mps": 8.57
      },
      "type": "Feature"
    },
    {
      "geometry": {
        "coordinates": [
          [
            767.6144578220465,
            545.9812607271556,
            0.02
          ],
          [
            763.9587962913602,
            546.784499707776,
            0.02
          ],
          [
            762.0346998461133,
            548.8640792338447,
            0.02
          ],
          [
            761.3199909216735,
            552.854373959794,
            0.02
          ]
        ],
        "type": "LineString"
      },
      "id": "road:525:section:0:lane:-1",
      "properties": {
        "lane_id": "road:525:section:0:lane:-1",
        "road_id": "525",
        "speed_limit_mps": 7.06
      },
      "type": "Feature"
    },
    {
      "geometry": {
        "coordinates": [
          [
            767.6143663651404,
            545.9812622143586,
            0.02
          ],
          [
            762.7737906174589,
            546.0661217867817,
            0.02
          ],
          [
            759.4583162522893,
            546.1301021547464,
            0.02
          ],
          [
            756.1349897748544,
            546.185048648012,
            0.02
          ],
          [
            751.2824529474126,
            546.2425942682635,
            0.02
          ]
        ],
        "type": "LineString"
      },
      "id": "road:526:section:0:lane:-1",
      "properties": {
        "lane_id": "road:526:section:0:lane:-1",
        "road_id": "526",
        "speed_limit_mps": 13.89
      },
      "type": "Feature"
    },
    {
      "geometry": {
        "coordinates": [
          [
            751.2467397084838,
            542.742822077568,
            0.02
          ],
          [
            756.0854754142315,
            542.6857309821436,
            0.02
          ],
          [
            759.3925664962453,
            542.6310035978534,
            0.02
          ],
          [
            762.7073951273223,
            542.5668566473554,
            0.02
          ],
          [
            767.5575529514759,
            542.4817234046035,
            0.02
          ]
        ],
        "type": "LineString"
      },
      "id": "road:527:section:0:lane:-1",
      "properties": {
        "lane_id": "road:527:section:0:lane:-1",
        "road_id": "527",
        "speed_limit_mps": 13.89
      },
      "type": "Feature"
    },
    {
      "geometry": {
        "coordinates": [
          [
            751.2468300097745,
            542.7428211622229,
            0.02
          ],
          [
            756.6488701611275,
            543.819524826288,
            0.02
          ],
          [
            760.2034525520291,
            547.3973993007403,
            0.02
          ],
          [
            761.3199914676783,
            552.8545425331657,
            0.02
          ]
        ],
        "type": "LineString"
      },
      "id": "road:528:section:0:lane:-1",
      "properties": {
        "lane_id": "road:528:section:0:lane:-1",
        "road_id": "528",
        "speed_limit_mps": 8.54
      },
      "type": "Feature"
    },
    {
      "geometry": {
        "coordinates": [
          [
            482.34195898662307,
            125.27722383475252,
            0.0
          ],
          [
            479.65755116544284,
            119.06951406029326,
            0.0
          ],
          [
            477.3998146378342,
            113.97978931530353,
            0.0
          ],
          [
            475.42563592160303,
            109.76212701210315,
            0.0
          ],
          [
            473.5911001337219,
            106.16620967551593,
            0.0
          ],
          [
            471.74804845345386,
            102.9322784350708,
            0.0
          ],
          [
            469.7418033697448,
            99.79272300171844,
            0.0
          ],
          [
            467.4153529316761,
            96.4824436436229,
            0.0
          ],
          [
            464.61654630539607,
            92.74632100532611,
            0.0
          ],
          [
            461.1996556275909,
            88.33689568508309,
            0.0
          ],
          [
            457.0219854284371,
            83.00883582801121,
            0.0
          ]
        ],
        "type": "LineString"
      },
      "id": "road:529:section:0:lane:-1",
      "properties": {
        "lane_id": "road:529:section:0:lane:-1",
        "road_id": "529",
        "speed_limit_mps": 13.89
      },
      "type": "Feature"
    },
    {
      "geometry": {
        "coordinates": [
          [
            479.1267436798692,
            126.66011592425758,
            0.0
          ],
          [
            476.44969622526963,
            120.46939501337687,
            0.0
          ],
          [
            474.21238094138295,
            115.42556468884091,
            0.0
          ],
          [
            472.2783955462636,
            111.29342646676024,
            0.0
          ],
          [
            470.50893355546515,
            107.82459720075754,
            0.0
          ],
          [
            468.75245667141354,
            104.74236955857059,
            0.0
          ],
          [
            466.8378705255828,
            101.74648195220266,
            0.0
          ],
          [
            464.5870774298536,
            98.54420446529707,
            0.0
          ],
          [
            461.836563047307,
            94.87274831063057,
            0.0
          ],
          [
            458.4420819526382,
            90.49230456211959,
            0.0
          ],
          [
            454.2684859010133,
            85.1694469342672,
            0.0
          ]
        ],
        "type": "LineString"
      },
      "id": "road:529:section:0:lane:-2",
      "properties": {
        "lane_id": "road:529:section:0:lane:-2",
        "road_id": "529",
        "speed_limit_mps": 13.89
      },
      "type": "Feature"
    },
    {
      "geometry": {
        "coordinates": [
          [
            475.91152837311535,
            128.04300801376266,
            0.0
          ],
          [
            473.24184128509637,
            121.86927596646048,
            0.0
          ],
          [
            471.0249472449317,
            116.87134006237828,
            0.0
          ],
          [
            469.1311551709241,
            112.82472592141733,
            0.0
          ],
          [
            467.4267669772084,
            109.48298472599915,
            0.0
          ],
          [
            465.7568648893733,
            106.55246068207036,
            0.0
          ],
          [
            463.9339376814208,
            103.70024090268689,
            0.0
          ],
          [
            461.75880192803106,
            100.60596528697123,
            0.0
          ],
          [
            459.0565797892179,
            96.99917561593504,
            0.0
          ],
          [
            455.68450827768544,
            92.64771343915608,
            0.0
          ],
          [
            451.51498637358947,
            87.33005804052318,
            0.0
          ]
        ],
        "type": "LineString"
      },
      "id": "road:529:section:0:lane:-3",
      "properties": {
        "lane_id": "road:529:section:0:lane:-3",
        "road_id": "529",
        "speed_limit_mps": 13.89
      },
      "type": "Feature"
    },
    {
      "geometry": {
        "coordinates": [
          [
            472.6963130663615,
            129.4259001032677,
            0.0
          ],
          [
            470.03398634492316,
            123.26915691954409,
            0.0
          ],
          [
            467.83751354848044,
            118.31711543591565,
            0.0
          ],
          [
            465.98391479558467,
            114.35602537607441,
            0.0
          ],
          [
            464.3446003989516,
            111.14137225124075,
            0.0
          ],
          [
            462.761273107333,
            108.36255180557015,
            0.0
          ],
          [
            461.0300048372588,
            105.6539998531711,
            0.0
          ],
          [
            458.93052642620853,
            102.66772610864538,
            0.0
          ],
          [
            456.2765965311288,
            99.1256029212395,
            0.0
          ],
          [
            452.92693460273273,
            94.80312231619257,
            0.0
          ],
          [
            448.7614868461656,
            89.49066914677917,
            0.0
          ]
        ],
        "type": "LineString"
      },
      "id": "road:529:section:0:lane:-4",
      "properties": {
        "lane_id": "road:529:section:0:lane:-4",
        "road_id": "529",
        "speed_limit_mps": 13.89
      },
      "type": "Feature"
    },
    {
      "geometry": {
        "coordinates": [
          [
            473.5419107185806,
            70.04380004565269,
            0.0
          ],
          [
            477.1834095696544,
            74.57950293598212,
            0.0
          ],
          [
            480.48604220305066,
            78.49046845864825,
            0.0
          ],
          [
            483.5266795046117,
            81.8945358905035,
            0.0
          ],
          [
            486.3836460960356,
            84.91078013279828,
            0.0
          ],
          [
            489.1367640889183,
            87.65913657050311,
            0.0
          ],
          [
            491.86650954473043,
            90.25941565670357,
            0.0
          ],
          [
            494.65240383016516,
            92.8301267943358,
            0.0
          ],
          [
            497.57160117517657,
            95.48780177509752,
            0.0
          ],
          [
            500.6986668480704,
            98.3471558349443,
            0.0
          ],
          [
            504.10654602934045,
            101.52183575891392,
            0.0
          ],
          [
            507.86787272891974,
            105.12526082687732,
            0.0
          ],
          [
            512.0558631101832,
            109.27121109775477,
            0.0
          ]
        ],
        "type": "LineString"
      },
      "id": "road:530:section:0:lane:-1",
      "properties": {
        "lane_id": "road:530:section:0:lane:-1",
        "road_id": "530",
        "speed_limit_mps": 13.89
      },
      "type": "Feature"
    },
    {
      "geometry": {
        "coordinates": [
          [
            473.5419257441862,
            70.04381918661572,
            0.0
          ],
          [
            477.1610755293698,
            74.66107268061045,
            0.0
          ],
          [
            480.3574183683826,
            78.74016379744498,
            0.0
          ],
          [
            483.2232338894802,
            82.37896274855932,
            0.0
          ],
          [
            485.8509314763792,
            85.67560282648567,
            0.0
          ],
          [
            488.33339694090387,
            88.72895127404088,
            0.0
          ],
          [
            490.76433412814407,
            91.63897503515858,
            0.0
          ],
          [
            493.2383442339365,
            94.5066596572555,
            0.0
          ],
          [
            495.8505693130503,
            97.43338983767418,
            0.0
          ],
          [
            498.6960567054639,
            100.52015591272912,
            0.0
          ],
          [
            501.8692408621705,
            103.86708095788367,
            0.0
          ],
          [
            505.4637977081807,
            107.57342625828245,
            0.0
          ],
          [
            509.57280965532044,
            111.73787798731276,
            0.0
          ]
        ],
        "type": "LineString"
      },
      "id": "road:531:section:0:lane:-1",
      "properties": {
        "lane_id": "road:531:section:0:lane:-1",
        "road_id": "531",
        "speed_limit_mps": 13.89
      },
      "type": "Feature"
    },
    {
      "geometry": {
        "coordinates": [
          [
            465.28195568673806,
            76.52632753386348,
            0.0
          ],
          [
            469.1580099369915,
            81.47530268403162,
            0.0
          ],
          [
            472.4371656368769,
            85.71475402405264,
            0.0
          ],
          [
            475.22540811182307,
            89.42639514966893,
            0.0
          ],
          [
            477.6271005308444,
            92.79085260759665,
            0.0
          ],
          [
            479.74322230485404,
            95.9850258012487,
            0.0
          ],
          [
            481.67131693609883,
            99.18011834366213,
            0.0
          ],
          [
            483.5083875047057,
            102.54343580834035,
            0.0
          ],
          [
            485.3543054925438,
            106.24370016409262,
            0.0
          ],
          [
            487.3124910534247,
            110.45494780846313,
            0.0
          ],
          [
            489.48833615102717,
            115.35613707036752,
            0.0
          ],
          [
            491.9876095620923,
            121.12855840301621,
            0.0
          ]
        ],
        "type": "LineString"
      },
      "id": "road:532:section:0:lane:-1",
      "properties": {
        "lane_id": "road:532:section:0:lane:-1",
        "road_id": "532",
        "speed_limit_mps": 13.89
      },
      "type": "Feature"
    },
    {
      "geometry": {
        "coordinates": [
          [
            468.03527894021414,
            74.36549180159045,
            0.0
          ],
          [
            471.9177673243096,
            79.32269051200818,
            0.0
          ],
          [
            475.2177305105724,
            83.58908730907334,
            0.0
          ],
          [
            478.04587375547277,
            87.3539633527232,
            0.0
          ],
          [
            480.50803584623753,
            90.80333865581648,
            0.0
          ],
          [
            482.69990429578974,
            94.11205180130199,
            0.0
          ],
          [
            484.70685889105386,
            97.43785400100118,
            0.0
          ],
          [
            486.61265815259424,
            100.92680234813433,
            0.0
          ],
          [
            488.5096658062016,
            104.72920312183957,
            0.0
          ],
          [
            490.50089159349506,
            109.0113058874595,
            0.0
          ],
          [
            492.69526068569405,
            113.9541260044513,
            0.0
          ],
          [
            495.2028286932056,
            119.74567520515643,
            0.0
          ]
        ],
        "type": "LineString"
      },
      "id": "road:532:section:0:lane:-2",
      "properties": {
        "lane_id": "road:532:section:0:lane:-2",
        "road_id": "532",
        "speed_limit_mps": 13.89
      },
      "type": "Feature"
    },
    {
      "geometry": {
        "coordinates": [
          [
            470.7886021936902,
            72.20465606931744,
            0.0
          ],
          [
            474.67752471162765,
            77.17007833998476,
            0.0
          ],
          [
            477.99829538426786,
            81.46342059409402,
            0.0
          ],
          [
            480.86633939912247,
            85.28153155577746,
            0.0
          ],
          [
            483.3889711616306,
            88.8158247040363,
            0.0
          ],
          [
            485.6565862867255,
            92.2390778013553,
            0.0
          ],
          [
            487.7424008460089,
            95.69558965834024,
            0.0
          ],
          [
            489.7169288004828,
            99.31016888792831,
            0.0
          ],
          [
            491.6650261198594,
            103.21470607958653,
            0.0
          ],
          [
            493.6892921335654,
            107.56766396645587,
            0.0
          ],
          [
            495.90218522036093,
            112.55211493853507,
            0.0
          ],
          [
            498.41804782431893,
            118.36279200729665,
            0.0
          ]
        ],
        "type": "LineString"
      },
      "id": "road:532:section:0:lane:-3",
      "properties": {
        "lane_id": "road:532:section:0:lane:-3",
        "road_id": "532",
        "speed_limit_mps": 13.89
      },
      "type": "Feature"
    },
    {
      "geometry": {
        "coordinates": [
          [
            473.5419254471663,
            70.04382033704441,
            0.0
          ],
          [
            477.4372820989457,
            75.01746616796132,
            0.0
          ],
          [
            480.7788602579633,
            79.33775387911471,
            0.0
          ],
          [
            483.68680504277216,
            83.20909975883173,
            0.0
          ],
          [
            486.2699064770237,
            86.82831075225613,
            0.0
          ],
          [
            488.61326827766123,
            90.36610380140858,
            0.0
          ],
          [
            490.7779428009639,
            93.9533253156793,
            0.0
          ],
          [
            492.8211994483713,
            97.6935354277223,
            0.0
          ],
          [
            494.8203864335172,
            101.7002090373335,
            0.0
          ],
          [
            496.8776926736358,
            106.12402204545222,
            0.0
          ],
          [
            499.1091097550278,
            111.15010387261884,
            0.0
          ],
          [
            501.63326695543225,
            116.97990880943686,
            0.0
          ]
        ],
        "type": "LineString"
      },
      "id": "road:532:section:0:lane:-4",
      "properties": {
        "lane_id": "road:532:section:0:lane:-4",
        "road_id": "532",
        "speed_limit_mps": 13.89
      },
      "type": "Feature"
    },
    {
      "geometry": {
        "coordinates": [
          [
            701.8888059287334,
            605.7867284558242,
            0.02
          ],
          [
            701.3240471121511,
            601.5128512428308,
            0.06499998430074047
          ],
          [
            700.0584155319393,
            598.7739800242641,
            0.10999996860148095
          ],
          [
            698.2409690930589,
            597.318234712226,
            0.1549999529022214
          ],
          [
            695.5301537024887,
            596.8199705204811,
            0.19999993720296189
          ]
        ],
        "type": "LineString"
      },
      "id": "road:533:section:0:lane:-1",
      "properties": {
        "lane_id": "road:533:section:0:lane:-1",
        "road_id": "533",
        "speed_limit_mps": 7.59
      },
      "type": "Feature"
    },
    {
      "geometry": {
        "coordinates": [
          [
            701.8888041566216,
            605.786668328881,
            0.02
          ],
          [
            701.7132112334297,
            600.4837542098986,
            0.02
          ],
          [
            701.5704683647622,
            596.7108304444794,
            0.02
          ],
          [
            701.4700681976399,
            593.4269883483072,
            0.02
          ],
          [
            701.4228573946875,
            589.6208770674566,
            0.02
          ],
          [
            701.4387795333001,
            584.2824558282201,
            0.02
          ]
        ],
        "type": "LineString"
      },
      "id": "road:534:section:0:lane:-1",
      "properties": {
        "lane_id": "road:534:section:0:lane:-1",
        "road_id": "534",
        "speed_limit_mps": 13.89
      },
      "type": "Feature"
    },
    {
      "geometry": {
        "coordinates": [
          [
            701.8888014509396,
            605.7865763906163,
            0.02
          ],
          [
            702.5038167086526,
            600.5337715397503,
            0.0650000138412512
          ],
          [
            704.8557789971713,
            596.4678063545402,
            0.1100000276825024
          ],
          [
            708.8706333749574,
            594.0058566017293,
            0.1550000415237536
          ],
          [
            714.1384254179152,
            593.216911164272,
            0.2000000553650048
          ]
        ],
        "type": "LineString"
      },
      "id": "road:535:section:0:lane:-1",
      "properties": {
        "lane_id": "road:535:section:0:lane:-1",
        "road_id": "535",
        "speed_limit_mps": 9.37
      },
      "type": "Feature"
    },
    {
      "geometry": {
        "coordinates": [
          [
            714.1586899750841,
            596.7168524633892,
            0.2
          ],
          [
            709.9941527131498,
            597.3224480057349,
            0.1549999798070818
          ],
          [
            707.361459772301,
            598.9188799957909,
            0.10999995961416362
          ],
          [
            705.8498137645896,
            601.5780276462158,
            0.0649999394212454
          ],
          [
            705.3880592272152,
            605.716588807975,
            0.019999919228327223
          ]
        ],
        "type": "LineString"
      },
      "id": "road:536:section:0:lane:-1",
      "properties": {
        "lane_id": "road:536:section:0:lane:-1",
        "road_id": "536",
        "speed_limit_mps": 8.02
      },
      "type": "Feature"
    },
    {
      "geometry": {
        "coordinates": [
          [
            714.1586031004882,
            596.7168529685376,
            0.2
          ],
          [
            708.6277949895796,
            596.7482090421634,
            0.2
          ],
          [
            704.8435276751144,
            596.7686132948622,
            0.2
          ],
          [
            701.0598932588266,
            596.7889157165143,
            0.2
          ],
          [
            695.5300336372467,
            596.8199712150341,
            0.2
          ]
        ],
        "type": "LineString"
      },
      "id": "road:537:section:0:lane:-1",
      "properties": {
        "lane_id": "road:537:section:0:lane:-1",
        "road_id": "537",
        "speed_limit_mps": 13.89
      },
      "type": "Feature"
    },
    {
      "geometry": {
        "coordinates": [
          [
            714.1585181344178,
            596.7168534584168,
            0.2
          ],
          [
            708.7899903744127,
            595.9911180727337,
            0.15499998700504602
          ],
          [
            704.6656247204232,
            593.5849189363506,
            0.10999997401009205
          ],
          [
            702.1830900480649,
            589.5454793393006,
            0.06499996101513808
          ],
          [
            701.4387801454299,
            584.2823693730066,
            0.019999948020184094
          ]
        ],
        "type": "LineString"
      },
      "id": "road:538:section:0:lane:-1",
      "properties": {
        "lane_id": "road:538:section:0:lane:-1",
        "road_id": "538",
        "speed_limit_mps": 9.45
      },
      "type": "Feature"
    },
    {
      "geometry": {
        "coordinates": [
          [
            704.9384288403783,
            584.316835654807,
            0.02
          ],
          [
            705.4861158727903,
            588.4355253063924,
            0.06500000713096123
          ],
          [
            707.0855803438876,
            591.0773109098286,
            0.11000001426192245
          ],
          [
            709.836259815975,
            592.6563690439821,
            0.15500002139288366
          ],
          [
            714.1382541349404,
            593.2169121280049,
            0.20000002852384488
          ]
        ],
        "type": "LineString"
      },
      "id": "road:539:section:0:lane:-1",
      "properties": {
        "lane_id": "road:539:section:0:lane:-1",
        "road_id": "539",
        "speed_limit_mps": 8.1
      },
      "type": "Feature"
    },
    {
      "geometry": {
        "coordinates": [
          [
            704.9384278221236,
            584.3169217794945,
            0.02
          ],
          [
            704.905966934377,
            589.6187452577375,
            0.02
          ],
          [
            704.9499646790306,
            593.3612239544368,
            0.02
          ],
          [
            705.05487874624,
            596.5972425052124,
            0.02
          ],
          [
            705.2062936977175,
            600.3770050386488,
            0.02
          ],
          [
            705.3880619676908,
            605.7166811577816,
            0.02
          ]
        ],
        "type": "LineString"
      },
      "id": "road:540:section:0:lane:-1",
      "properties": {
        "lane_id": "road:540:section:0:lane:-1",
        "road_id": "540",
        "speed_limit_mps": 13.89
      },
      "type": "Feature"
    },
    {
      "geometry": {
        "coordinates": [
          [
            704.9384270424249,
            584.3169874858042,
            0.02
          ],
          [
            703.925162352989,
            590.8589609578061,
            0.08000000631814834
          ],
          [
            700.7378766717933,
            595.2799222243722,
            0.14000001263629666
          ],
          [
            695.5299090713361,
            596.8199719370544,
            0.200000018954445
          ]
        ],
        "type": "LineString"
      },
      "id": "road:541:section:0:lane:-1",
      "properties": {
        "lane_id": "road:541:section:0:lane:-1",
        "road_id": "541",
        "speed_limit_mps": 8.94
      },
      "type": "Feature"
    },
    {
      "geometry": {
        "coordinates": [
          [
            695.5098426436008,
            593.3200294779309,
            0.2
          ],
          [
            698.7304951404254,
            592.4262162396938,
            0.14000000657246267
          ],
          [
            700.652906012356,
            589.6688943715092,
            0.08000001314492534
          ],
          [
            701.4387788995189,
            584.2825211979031,
            0.020000019717388018
          ]
        ],
        "type": "LineString"
      },
      "id": "road:542:section:0:lane:-1",
      "properties": {
        "lane_id": "road:542:section:0:lane:-1",
        "road_id": "542",
        "speed_limit_mps": 7.51
      },
      "type": "Feature"
    },
    {
      "geometry": {
        "coordinates": [
          [
            695.5099665091566,
            593.3200287633617,
            0.2
          ],
          [
            701.0407565895398,
            593.2889680214811,
            0.2
          ],
          [
            704.8249455723632,
            593.2686625905075,
            0.2
          ],
          [
            708.6085005422642,
            593.2482621731365,
            0.2
          ],
          [
            714.1383387464783,
            593.2169115542097,
            0.2
          ]
        ],
        "type": "LineString"
      },
      "id": "road:543:section:0:lane:-1",
      "properties": {
        "lane_id": "road:543:section:0:lane:-1",
        "road_id": "543",
        "speed_limit_mps": 13.89
      },
      "type": "Feature"
    },
    {
      "geometry": {
        "coordinates": [
          [
            695.5100869623886,
            593.3200280768866,
            0.2
          ],
          [
            699.6672267377487,
            594.1244688418327,
            0.1550000063596652
          ],
          [
            702.8440171757514,
            596.6645013214701,
            0.11000001271933041
          ],
          [
            704.700626533692,
            600.6118712323594,
            0.06500001907899561
          ],
          [
            705.3880637735801,
            605.7167403484336,
            0.020000025438660807
          ]
        ],
        "type": "LineString"
      },
      "id": "road:544:section:0:lane:-1",
      "properties": {
        "lane_id": "road:544:section:0:lane:-1",
        "road_id": "544",
        "speed_limit_mps": 9.02
      },
      "type": "Feature"
    },
    {
      "geometry": {
        "coordinates": [
          893.4268203532421,
          442.82579123250116,
          0.0
        ],
        "type": "Point"
      },
      "id": "signal:1012_0",
      "properties": {
        "opendrive_id": "1012_0",
        "road_id": "294",
        "signal_id": "signal:1012_0"
      },
      "type": "Feature"
    },
    {
      "geometry": {
        "coordinates": [
          893.4268203532421,
          442.82579123250116,
          0.0
        ],
        "type": "Point"
      },
      "id": "signal:1012_1",
      "properties": {
        "opendrive_id": "1012_1",
        "road_id": "294",
        "signal_id": "signal:1012_1"
      },
      "type": "Feature"
    },
    {
      "geometry": {
        "coordinates": [
          893.4268203532421,
          442.82579123250116,
          0.0
        ],
        "type": "Point"
      },
      "id": "signal:1012_2",
      "properties": {
        "opendrive_id": "1012_2",
        "road_id": "294",
        "signal_id": "signal:1012_2"
      },
      "type": "Feature"
    },
    {
      "geometry": {
        "coordinates": [
          893.4268203532421,
          442.82579123250116,
          0.0
        ],
        "type": "Point"
      },
      "id": "signal:1012_3",
      "properties": {
        "opendrive_id": "1012_3",
        "road_id": "294",
        "signal_id": "signal:1012_3"
      },
      "type": "Feature"
    },
    {
      "geometry": {
        "coordinates": [
          901.0056514427594,
          398.87909217111786,
          0.0
        ],
        "type": "Point"
      },
      "id": "signal:1012_4",
      "properties": {
        "opendrive_id": "1012_4",
        "road_id": "284",
        "signal_id": "signal:1012_4"
      },
      "type": "Feature"
    },
    {
      "geometry": {
        "coordinates": [
          901.0056514427594,
          398.87909217111786,
          0.0
        ],
        "type": "Point"
      },
      "id": "signal:1012_5",
      "properties": {
        "opendrive_id": "1012_5",
        "road_id": "284",
        "signal_id": "signal:1012_5"
      },
      "type": "Feature"
    },
    {
      "geometry": {
        "coordinates": [
          882.9662039297461,
          415.0315388340243,
          0.0
        ],
        "type": "Point"
      },
      "id": "signal:1012_6",
      "properties": {
        "opendrive_id": "1012_6",
        "road_id": "340",
        "signal_id": "signal:1012_6"
      },
      "type": "Feature"
    },
    {
      "geometry": {
        "coordinates": [
          882.9662039297461,
          415.0315388340243,
          0.0
        ],
        "type": "Point"
      },
      "id": "signal:1012_7",
      "properties": {
        "opendrive_id": "1012_7",
        "road_id": "340",
        "signal_id": "signal:1012_7"
      },
      "type": "Feature"
    },
    {
      "geometry": {
        "coordinates": [
          882.9662039297461,
          415.0315388340243,
          0.0
        ],
        "type": "Point"
      },
      "id": "signal:1012_8",
      "properties": {
        "opendrive_id": "1012_8",
        "road_id": "340",
        "signal_id": "signal:1012_8"
      },
      "type": "Feature"
    },
    {
      "geometry": {
        "coordinates": [
          882.9662039297461,
          415.0315388340243,
          0.0
        ],
        "type": "Point"
      },
      "id": "signal:1012_9",
      "properties": {
        "opendrive_id": "1012_9",
        "road_id": "340",
        "signal_id": "signal:1012_9"
      },
      "type": "Feature"
    },
    {
      "geometry": {
        "coordinates": [
          705.0490821363393,
          743.2556743075153,
          0.02
        ],
        "type": "Point"
      },
      "id": "signal:106_0",
      "properties": {
        "opendrive_id": "106_0",
        "road_id": "277",
        "signal_id": "signal:106_0"
      },
      "type": "Feature"
    },
    {
      "geometry": {
        "coordinates": [
          705.0490821363393,
          743.2556743075153,
          0.02
        ],
        "type": "Point"
      },
      "id": "signal:106_1",
      "properties": {
        "opendrive_id": "106_1",
        "road_id": "277",
        "signal_id": "signal:106_1"
      },
      "type": "Feature"
    },
    {
      "geometry": {
        "coordinates": [
          696.2448558308503,
          731.4336529493913,
          0.03
        ],
        "type": "Point"
      },
      "id": "signal:106_10",
      "properties": {
        "opendrive_id": "106_10",
        "road_id": "352",
        "signal_id": "signal:106_10"
      },
      "type": "Feature"
    },
    {
      "geometry": {
        "coordinates": [
          696.2448558308503,
          731.4336529493913,
          0.03
        ],
        "type": "Point"
      },
      "id": "signal:106_11",
      "properties": {
        "opendrive_id": "106_11",
        "road_id": "352",
        "signal_id": "signal:106_11"
      },
      "type": "Feature"
    },
    {
      "geometry": {
        "coordinates": [
          705.0490821363393,
          743.2556743075153,
          0.02
        ],
        "type": "Point"
      },
      "id": "signal:106_2",
      "properties": {
        "opendrive_id": "106_2",
        "road_id": "277",
        "signal_id": "signal:106_2"
      },
      "type": "Feature"
    },
    {
      "geometry": {
        "coordinates": [
          714.6220665905181,
          735.1372708143882,
          0.0
        ],
        "type": "Point"
      },
      "id": "signal:106_3",
      "properties": {
        "opendrive_id": "106_3",
        "road_id": "312",
        "signal_id": "signal:106_3"
      },
      "type": "Feature"
    },
    {
      "geometry": {
        "coordinates": [
          714.6220665905181,
          735.1372708143882,
          0.0
        ],
        "type": "Point"
      },
      "id": "signal:106_4",
      "properties": {
        "opendrive_id": "106_4",
        "road_id": "312",
        "signal_id": "signal:106_4"
      },
      "type": "Feature"
    },
    {
      "geometry": {
        "coordinates": [
          714.6220665905181,
          735.1372708143882,
          0.0
        ],
        "type": "Point"
      },
      "id": "signal:106_5",
      "properties": {
        "opendrive_id": "106_5",
        "road_id": "312",
        "signal_id": "signal:106_5"
      },
      "type": "Feature"
    },
    {
      "geometry": {
        "coordinates": [
          708.0696501231629,
          722.545007576648,
          0.02
        ],
        "type": "Point"
      },
      "id": "signal:106_6",
      "properties": {
        "opendrive_id": "106_6",
        "road_id": "320",
        "signal_id": "signal:106_6"
      },
      "type": "Feature"
    },
    {
      "geometry": {
        "coordinates": [
          708.0696501231629,
          722.545007576648,
          0.02
        ],
        "type": "Point"
      },
      "id": "signal:106_7",
      "properties": {
        "opendrive_id": "106_7",
        "road_id": "320",
        "signal_id": "signal:106_7"
      },
      "type": "Feature"
    },
    {
      "geometry": {
        "coordinates": [
          708.0696501231629,
          722.545007576648,
          0.02
        ],
        "type": "Point"
      },
      "id": "signal:106_8",
      "properties": {
        "opendrive_id": "106_8",
        "road_id": "320",
        "signal_id": "signal:106_8"
      },
      "type": "Feature"
    },
    {
      "geometry": {
        "coordinates": [
          696.2448558308503,
          731.4336529493913,
          0.03
        ],
        "type": "Point"
      },
      "id": "signal:106_9",
      "properties": {
        "opendrive_id": "106_9",
        "road_id": "352",
        "signal_id": "signal:106_9"
      },
      "type": "Feature"
    },
    {
      "geometry": {
        "coordinates": [
          851.4800874973365,
          600.567499116736,
          0.0
        ],
        "type": "Point"
      },
      "id": "signal:167_0",
      "properties": {
        "opendrive_id": "167_0",
        "road_id": "327",
        "signal_id": "signal:167_0"
      },
      "type": "Feature"
    },
    {
      "geometry": {
        "coordinates": [
          851.4800874973365,
          600.567499116736,
          0.0
        ],
        "type": "Point"
      },
      "id": "signal:167_1",
      "properties": {
        "opendrive_id": "167_1",
        "road_id": "327",
        "signal_id": "signal:167_1"
      },
      "type": "Feature"
    },
    {
      "geometry": {
        "coordinates": [
          844.3084871005609,
          592.4700378860385,
          0.2
        ],
        "type": "Point"
      },
      "id": "signal:167_10",
      "properties": {
        "opendrive_id": "167_10",
        "road_id": "275",
        "signal_id": "signal:167_10"
      },
      "type": "Feature"
    },
    {
      "geometry": {
        "coordinates": [
          844.3084871005609,
          592.4700378860385,
          0.2
        ],
        "type": "Point"
      },
      "id": "signal:167_11",
      "properties": {
        "opendrive_id": "167_11",
        "road_id": "275",
        "signal_id": "signal:167_11"
      },
      "type": "Feature"
    },
    {
      "geometry": {
        "coordinates": [
          851.4800874973365,
          600.567499116736,
          0.0
        ],
        "type": "Point"
      },
      "id": "signal:167_2",
      "properties": {
        "opendrive_id": "167_2",
        "road_id": "327",
        "signal_id": "signal:167_2"
      },
      "type": "Feature"
    },
    {
      "geometry": {
        "coordinates": [
          859.2500363234396,
          595.8899711378551,
          0.2
        ],
        "type": "Point"
      },
      "id": "signal:167_3",
      "properties": {
        "opendrive_id": "167_3",
        "road_id": "318",
        "signal_id": "signal:167_3"
      },
      "type": "Feature"
    },
    {
      "geometry": {
        "coordinates": [
          859.2500363234396,
          595.8899711378551,
          0.2
        ],
        "type": "Point"
      },
      "id": "signal:167_4",
      "properties": {
        "opendrive_id": "167_4",
        "road_id": "318",
        "signal_id": "signal:167_4"
      },
      "type": "Feature"
    },
    {
      "geometry": {
        "coordinates": [
          859.2500363234396,
          595.8899711378551,
          0.2
        ],
        "type": "Point"
      },
      "id": "signal:167_5",
      "properties": {
        "opendrive_id": "167_5",
        "road_id": "318",
        "signal_id": "signal:167_5"
      },
      "type": "Feature"
    },
    {
      "geometry": {
        "coordinates": [
          854.7761759067109,
          585.9654714281617,
          0.0
        ],
        "type": "Point"
      },
      "id": "signal:167_6",
      "properties": {
        "opendrive_id": "167_6",
        "road_id": "283",
        "signal_id": "signal:167_6"
      },
      "type": "Feature"
    },
    {
      "geometry": {
        "coordinates": [
          854.7761759067109,
          585.9654714281617,
          0.0
        ],
        "type": "Point"
      },
      "id": "signal:167_7",
      "properties": {
        "opendrive_id": "167_7",
        "road_id": "283",
        "signal_id": "signal:167_7"
      },
      "type": "Feature"
    },
    {
      "geometry": {
        "coordinates": [
          854.7761759067109,
          585.9654714281617,
          0.0
        ],
        "type": "Point"
      },
      "id": "signal:167_8",
      "properties": {
        "opendrive_id": "167_8",
        "road_id": "283",
        "signal_id": "signal:167_8"
      },
      "type": "Feature"
    },
    {
      "geometry": {
        "coordinates": [
          844.3084871005609,
          592.4700378860385,
          0.2
        ],
        "type": "Point"
      },
      "id": "signal:167_9",
      "properties": {
        "opendrive_id": "167_9",
        "road_id": "275",
        "signal_id": "signal:167_9"
      },
      "type": "Feature"
    },
    {
      "geometry": {
        "coordinates": [
          768.3238135122197,
          734.5801306923391,
          0.0
        ],
        "type": "Point"
      },
      "id": "signal:281_0",
      "properties": {
        "opendrive_id": "281_0",
        "road_id": "313",
        "signal_id": "signal:281_0"
      },
      "type": "Feature"
    },
    {
      "geometry": {
        "coordinates": [
          768.3238135122197,
          734.5801306923391,
          0.0
        ],
        "type": "Point"
      },
      "id": "signal:281_1",
      "properties": {
        "opendrive_id": "281_1",
        "road_id": "313",
        "signal_id": "signal:281_1"
      },
      "type": "Feature"
    },
    {
      "geometry": {
        "coordinates": [
          761.8550218753784,
          724.7305848362647,
          0.02
        ],
        "type": "Point"
      },
      "id": "signal:281_2",
      "properties": {
        "opendrive_id": "281_2",
        "road_id": "292",
        "signal_id": "signal:281_2"
      },
      "type": "Feature"
    },
    {
      "geometry": {
        "coordinates": [
          761.8550218753784,
          724.7305848362647,
          0.02
        ],
        "type": "Point"
      },
      "id": "signal:281_3",
      "properties": {
        "opendrive_id": "281_3",
        "road_id": "292",
        "signal_id": "signal:281_3"
      },
      "type": "Feature"
    },
    {
      "geometry": {
        "coordinates": [
          752.0306676957739,
          731.2488888756984,
          0.0
        ],
        "type": "Point"
      },
      "id": "signal:281_4",
      "properties": {
        "opendrive_id": "281_4",
        "road_id": "270",
        "signal_id": "signal:281_4"
      },
      "type": "Feature"
    },
    {
      "geometry": {
        "coordinates": [
          752.0306676957739,
          731.2488888756984,
          0.0
        ],
        "type": "Point"
      },
      "id": "signal:281_5",
      "properties": {
        "opendrive_id": "281_5",
        "road_id": "270",
        "signal_id": "signal:281_5"
      },
      "type": "Feature"
    },
    {
      "geometry": {
        "coordinates": [
          814.8041215305967,
          682.6345188483672,
          0.0
        ],
        "type": "Point"
      },
      "id": "signal:317_0",
      "properties": {
        "opendrive_id": "317_0",
        "road_id": "271",
        "signal_id": "signal:317_0"
      },
      "type": "Feature"
    },
    {
      "geometry": {
        "coordinates": [
          814.8041215305967,
          682.6345188483672,
          0.0
        ],
        "type": "Point"
      },
      "id": "signal:317_1",
      "properties": {
        "opendrive_id": "317_1",
        "road_id": "271",
        "signal_id": "signal:317_1"
      },
      "type": "Feature"
    },
    {
      "geometry": {
        "coordinates": [
          805.7285190990189,
          670.2928312146274,
          0.0
        ],
        "type": "Point"
      },
      "id": "signal:317_10",
      "properties": {
        "opendrive_id": "317_10",
        "road_id": "328",
        "signal_id": "signal:317_10"
      },
      "type": "Feature"
    },
    {
      "geometry": {
        "coordinates": [
          805.7285190990189,
          670.2928312146274,
          0.0
        ],
        "type": "Point"
      },
      "id": "signal:317_11",
      "properties": {
        "opendrive_id": "317_11",
        "road_id": "328",
        "signal_id": "signal:317_11"
      },
      "type": "Feature"
    },
    {
      "geometry": {
        "coordinates": [
          814.8041215305967,
          682.6345188483672,
          0.0
        ],
        "type": "Point"
      },
      "id": "signal:317_2",
      "properties": {
        "opendrive_id": "317_2",
        "road_id": "271",
        "signal_id": "signal:317_2"
      },
      "type": "Feature"
    },
    {
      "geometry": {
        "coordinates": [
          825.601216009029,
          673.9298992403429,
          0.0
        ],
        "type": "Point"
      },
      "id": "signal:317_3",
      "properties": {
        "opendrive_id": "317_3",
        "road_id": "286",
        "signal_id": "signal:317_3"
      },
      "type": "Feature"
    },
    {
      "geometry": {
        "coordinates": [
          825.601216009029,
          673.9298992403429,
          0.0
        ],
        "type": "Point"
      },
      "id": "signal:317_4",
      "properties": {
        "opendrive_id": "317_4",
        "road_id": "286",
        "signal_id": "signal:317_4"
      },
      "type": "Feature"
    },
    {
      "geometry": {
        "coordinates": [
          825.601216009029,
          673.9298992403429,
          0.0
        ],
        "type": "Point"
      },
      "id": "signal:317_5",
      "properties": {
        "opendrive_id": "317_5",
        "road_id": "286",
        "signal_id": "signal:317_5"
      },
      "type": "Feature"
    },
    {
      "geometry": {
        "coordinates": [
          818.1195939380767,
          661.3407677031812,
          0.0
        ],
        "type": "Point"
      },
      "id": "signal:317_6",
      "properties": {
        "opendrive_id": "317_6",
        "road_id": "324",
        "signal_id": "signal:317_6"
      },
      "type": "Feature"
    },
    {
      "geometry": {
        "coordinates": [
          818.1195939380767,
          661.3407677031812,
          0.0
        ],
        "type": "Point"
      },
      "id": "signal:317_7",
      "properties": {
        "opendrive_id": "317_7",
        "road_id": "324",
        "signal_id": "signal:317_7"
      },
      "type": "Feature"
    },
    {
      "geometry": {
        "coordinates": [
          818.1195939380767,
          661.3407677031812,
          0.0
        ],
        "type": "Point"
      },
      "id": "signal:317_8",
      "properties": {
        "opendrive_id": "317_8",
        "road_id": "324",
        "signal_id": "signal:317_8"
      },
      "type": "Feature"
    },
    {
      "geometry": {
        "coordinates": [
          805.7285190990189,
          670.2928312146274,
          0.0
        ],
        "type": "Point"
      },
      "id": "signal:317_9",
      "properties": {
        "opendrive_id": "317_9",
        "road_id": "328",
        "signal_id": "signal:317_9"
      },
      "type": "Feature"
    },
    {
      "geometry": {
        "coordinates": [
          814.5839470354618,
          657.5858665004083,
          0.0
        ],
        "type": "Point"
      },
      "id": "signal:386_0",
      "properties": {
        "opendrive_id": "386_0",
        "road_id": "282",
        "signal_id": "signal:386_0"
      },
      "type": "Feature"
    },
    {
      "geometry": {
        "coordinates": [
          823.7117758239955,
          637.7090111380055,
          0.0
        ],
        "type": "Point"
      },
      "id": "signal:386_1",
      "properties": {
        "opendrive_id": "386_1",
        "road_id": "325",
        "signal_id": "signal:386_1"
      },
      "type": "Feature"
    },
    {
      "geometry": {
        "coordinates": [
          817.8983592207412,
          636.4987215998693,
          0.0
        ],
        "type": "Point"
      },
      "id": "signal:386_2",
      "properties": {
        "opendrive_id": "386_2",
        "road_id": "332",
        "signal_id": "signal:386_2"
      },
      "type": "Feature"
    },
    {
      "geometry": {
        "coordinates": [
          814.1100691256712,
          604.0855568128135,
          0.0
        ],
        "type": "Point"
      },
      "id": "signal:394_0",
      "properties": {
        "opendrive_id": "394_0",
        "road_id": "291",
        "signal_id": "signal:394_0"
      },
      "type": "Feature"
    },
    {
      "geometry": {
        "coordinates": [
          814.1100691256712,
          604.0855568128135,
          0.0
        ],
        "type": "Point"
      },
      "id": "signal:394_1",
      "properties": {
        "opendrive_id": "394_1",
        "road_id": "291",
        "signal_id": "signal:394_1"
      },
      "type": "Feature"
    },
    {
      "geometry": {
        "coordinates": [
          806.2500542994776,
          592.6900284357285,
          0.2
        ],
        "type": "Point"
      },
      "id": "signal:394_10",
      "properties": {
        "opendrive_id": "394_10",
        "road_id": "273",
        "signal_id": "signal:394_10"
      },
      "type": "Feature"
    },
    {
      "geometry": {
        "coordinates": [
          806.2500542994776,
          592.6900284357285,
          0.2
        ],
        "type": "Point"
      },
      "id": "signal:394_11",
      "properties": {
        "opendrive_id": "394_11",
        "road_id": "273",
        "signal_id": "signal:394_11"
      },
      "type": "Feature"
    },
    {
      "geometry": {
        "coordinates": [
          814.1100691256712,
          604.0855568128135,
          0.0
        ],
        "type": "Point"
      },
      "id": "signal:394_2",
      "properties": {
        "opendrive_id": "394_2",
        "road_id": "291",
        "signal_id": "signal:394_2"
      },
      "type": "Feature"
    },
    {
      "geometry": {
        "coordinates": [
          824.7394084657078,
          596.0799747112009,
          0.2
        ],
        "type": "Point"
      },
      "id": "signal:394_3",
      "properties": {
        "opendrive_id": "394_3",
        "road_id": "316",
        "signal_id": "signal:394_3"
      },
      "type": "Feature"
    },
    {
      "geometry": {
        "coordinates": [
          824.7394084657078,
          596.0799747112009,
          0.2
        ],
        "type": "Point"
      },
      "id": "signal:394_4",
      "properties": {
        "opendrive_id": "394_4",
        "road_id": "316",
        "signal_id": "signal:394_4"
      },
      "type": "Feature"
    },
    {
      "geometry": {
        "coordinates": [
          824.7394084657078,
          596.0799747112009,
          0.2
        ],
        "type": "Point"
      },
      "id": "signal:394_5",
      "properties": {
        "opendrive_id": "394_5",
        "road_id": "316",
        "signal_id": "signal:394_5"
      },
      "type": "Feature"
    },
    {
      "geometry": {
        "coordinates": [
          817.4399291058038,
          584.954258515704,
          0.0
        ],
        "type": "Point"
      },
      "id": "signal:394_6",
      "properties": {
        "opendrive_id": "394_6",
        "road_id": "342",
        "signal_id": "signal:394_6"
      },
      "type": "Feature"
    },
    {
      "geometry": {
        "coordinates": [
          817.4399291058038,
          584.954258515704,
          0.0
        ],
        "type": "Point"
      },
      "id": "signal:394_7",
      "properties": {
        "opendrive_id": "394_7",
        "road_id": "342",
        "signal_id": "signal:394_7"
      },
      "type": "Feature"
    },
    {
      "geometry": {
        "coordinates": [
          817.4399291058038,
          584.954258515704,
          0.0
        ],
        "type": "Point"
      },
      "id": "signal:394_8",
      "properties": {
        "opendrive_id": "394_8",
        "road_id": "342",
        "signal_id": "signal:394_8"
      },
      "type": "Feature"
    },
    {
      "geometry": {
        "coordinates": [
          806.2500542994776,
          592.6900284357285,
          0.2
        ],
        "type": "Point"
      },
      "id": "signal:394_9",
      "properties": {
        "opendrive_id": "394_9",
        "road_id": "273",
        "signal_id": "signal:394_9"
      },
      "type": "Feature"
    },
    {
      "geometry": {
        "coordinates": [
          813.6400706805167,
          551.6357414974365,
          0.0
        ],
        "type": "Point"
      },
      "id": "signal:431_0",
      "properties": {
        "opendrive_id": "431_0",
        "road_id": "297",
        "signal_id": "signal:431_0"
      },
      "type": "Feature"
    },
    {
      "geometry": {
        "coordinates": [
          813.6400706805167,
          551.6357414974365,
          0.0
        ],
        "type": "Point"
      },
      "id": "signal:431_1",
      "properties": {
        "opendrive_id": "431_1",
        "road_id": "297",
        "signal_id": "signal:431_1"
      },
      "type": "Feature"
    },
    {
      "geometry": {
        "coordinates": [
          807.0715932668292,
          541.8402304520596,
          0.02
        ],
        "type": "Point"
      },
      "id": "signal:431_10",
      "properties": {
        "opendrive_id": "431_10",
        "road_id": "281",
        "signal_id": "signal:431_10"
      },
      "type": "Feature"
    },
    {
      "geometry": {
        "coordinates": [
          807.0715932668292,
          541.8402304520596,
          0.02
        ],
        "type": "Point"
      },
      "id": "signal:431_11",
      "properties": {
        "opendrive_id": "431_11",
        "road_id": "281",
        "signal_id": "signal:431_11"
      },
      "type": "Feature"
    },
    {
      "geometry": {
        "coordinates": [
          813.6400706805167,
          551.6357414974365,
          0.0
        ],
        "type": "Point"
      },
      "id": "signal:431_2",
      "properties": {
        "opendrive_id": "431_2",
        "road_id": "297",
        "signal_id": "signal:431_2"
      },
      "type": "Feature"
    },
    {
      "geometry": {
        "coordinates": [
          824.5980186138897,
          545.0597757168074,
          0.02
        ],
        "type": "Point"
      },
      "id": "signal:431_3",
      "properties": {
        "opendrive_id": "431_3",
        "road_id": "326",
        "signal_id": "signal:431_3"
      },
      "type": "Feature"
    },
    {
      "geometry": {
        "coordinates": [
          824.5980186138897,
          545.0597757168074,
          0.02
        ],
        "type": "Point"
      },
      "id": "signal:431_4",
      "properties": {
        "opendrive_id": "431_4",
        "road_id": "326",
        "signal_id": "signal:431_4"
      },
      "type": "Feature"
    },
    {
      "geometry": {
        "coordinates": [
          824.5980186138897,
          545.0597757168074,
          0.02
        ],
        "type": "Point"
      },
      "id": "signal:431_5",
      "properties": {
        "opendrive_id": "431_5",
        "road_id": "326",
        "signal_id": "signal:431_5"
      },
      "type": "Feature"
    },
    {
      "geometry": {
        "coordinates": [
          817.0099267609465,
          536.6939799541802,
          0.0
        ],
        "type": "Point"
      },
      "id": "signal:431_6",
      "properties": {
        "opendrive_id": "431_6",
        "road_id": "351",
        "signal_id": "signal:431_6"
      },
      "type": "Feature"
    },
    {
      "geometry": {
        "coordinates": [
          817.0099267609465,
          536.6939799541802,
          0.0
        ],
        "type": "Point"
      },
      "id": "signal:431_7",
      "properties": {
        "opendrive_id": "431_7",
        "road_id": "351",
        "signal_id": "signal:431_7"
      },
      "type": "Feature"
    },
    {
      "geometry": {
        "coordinates": [
          817.0099267609465,
          536.6939799541802,
          0.0
        ],
        "type": "Point"
      },
      "id": "signal:431_8",
      "properties": {
        "opendrive_id": "431_8",
        "road_id": "351",
        "signal_id": "signal:431_8"
      },
      "type": "Feature"
    },
    {
      "geometry": {
        "coordinates": [
          807.0715932668292,
          541.8402304520596,
          0.02
        ],
        "type": "Point"
      },
      "id": "signal:431_9",
      "properties": {
        "opendrive_id": "431_9",
        "road_id": "281",
        "signal_id": "signal:431_9"
      },
      "type": "Feature"
    },
    {
      "geometry": {
        "coordinates": [
          758.2200080417996,
          680.6153551758186,
          0.02
        ],
        "type": "Point"
      },
      "id": "signal:53_0",
      "properties": {
        "opendrive_id": "53_0",
        "road_id": "333",
        "signal_id": "signal:53_0"
      },
      "type": "Feature"
    },
    {
      "geometry": {
        "coordinates": [
          758.2200080417996,
          680.6153551758186,
          0.02
        ],
        "type": "Point"
      },
      "id": "signal:53_1",
      "properties": {
        "opendrive_id": "53_1",
        "road_id": "333",
        "signal_id": "signal:53_1"
      },
      "type": "Feature"
    },
    {
      "geometry": {
        "coordinates": [
          749.7323445013499,
          669.9100435726638,
          0.0
        ],
        "type": "Point"
      },
      "id": "signal:53_10",
      "properties": {
        "opendrive_id": "53_10",
        "road_id": "329",
        "signal_id": "signal:53_10"
      },
      "type": "Feature"
    },
    {
      "geometry": {
        "coordinates": [
          749.7323445013499,
          669.9100435726638,
          0.0
        ],
        "type": "Point"
      },
      "id": "signal:53_11",
      "properties": {
        "opendrive_id": "53_11",
        "road_id": "329",
        "signal_id": "signal:53_11"
      },
      "type": "Feature"
    },
    {
      "geometry": {
        "coordinates": [
          758.2200080417996,
          680.6153551758186,
          0.02
        ],
        "type": "Point"
      },
      "id": "signal:53_2",
      "properties": {
        "opendrive_id": "53_2",
        "road_id": "333",
        "signal_id": "signal:53_2"
      },
      "type": "Feature"
    },
    {
      "geometry": {
        "coordinates": [
          768.8311853433543,
          673.5398992515758,
          0.0
        ],
        "type": "Point"
      },
      "id": "signal:53_3",
      "properties": {
        "opendrive_id": "53_3",
        "road_id": "287",
        "signal_id": "signal:53_3"
      },
      "type": "Feature"
    },
    {
      "geometry": {
        "coordinates": [
          768.8311853433543,
          673.5398992515758,
          0.0
        ],
        "type": "Point"
      },
      "id": "signal:53_4",
      "properties": {
        "opendrive_id": "53_4",
        "road_id": "287",
        "signal_id": "signal:53_4"
      },
      "type": "Feature"
    },
    {
      "geometry": {
        "coordinates": [
          768.8311853433543,
          673.5398992515758,
          0.0
        ],
        "type": "Point"
      },
      "id": "signal:53_5",
      "properties": {
        "opendrive_id": "53_5",
        "road_id": "287",
        "signal_id": "signal:53_5"
      },
      "type": "Feature"
    },
    {
      "geometry": {
        "coordinates": [
          761.6599912637274,
          662.0445530344698,
          0.02
        ],
        "type": "Point"
      },
      "id": "signal:53_6",
      "properties": {
        "opendrive_id": "53_6",
        "road_id": "290",
        "signal_id": "signal:53_6"
      },
      "type": "Feature"
    },
    {
      "geometry": {
        "coordinates": [
          761.6599912637274,
          662.0445530344698,
          0.02
        ],
        "type": "Point"
      },
      "id": "signal:53_7",
      "properties": {
        "opendrive_id": "53_7",
        "road_id": "290",
        "signal_id": "signal:53_7"
      },
      "type": "Feature"
    },
    {
      "geometry": {
        "coordinates": [
          761.6599912637274,
          662.0445530344698,
          0.02
        ],
        "type": "Point"
      },
      "id": "signal:53_8",
      "properties": {
        "opendrive_id": "53_8",
        "road_id": "290",
        "signal_id": "signal:53_8"
      },
      "type": "Feature"
    },
    {
      "geometry": {
        "coordinates": [
          749.7323445013499,
          669.9100435726638,
          0.0
        ],
        "type": "Point"
      },
      "id": "signal:53_9",
      "properties": {
        "opendrive_id": "53_9",
        "road_id": "329",
        "signal_id": "signal:53_9"
      },
      "type": "Feature"
    },
    {
      "geometry": {
        "coordinates": [
          504.1299998860017,
          507.054456280609,
          0.0
        ],
        "type": "Point"
      },
      "id": "signal:548_0",
      "properties": {
        "opendrive_id": "548_0",
        "road_id": "349",
        "signal_id": "signal:548_0"
      },
      "type": "Feature"
    },
    {
      "geometry": {
        "coordinates": [
          504.1299998860017,
          507.054456280609,
          0.0
        ],
        "type": "Point"
      },
      "id": "signal:548_1",
      "properties": {
        "opendrive_id": "548_1",
        "road_id": "349",
        "signal_id": "signal:548_1"
      },
      "type": "Feature"
    },
    {
      "geometry": {
        "coordinates": [
          504.1299998860017,
          507.054456280609,
          0.0
        ],
        "type": "Point"
      },
      "id": "signal:548_2",
      "properties": {
        "opendrive_id": "548_2",
        "road_id": "349",
        "signal_id": "signal:548_2"
      },
      "type": "Feature"
    },
    {
      "geometry": {
        "coordinates": [
          504.1299998860017,
          507.054456280609,
          0.0
        ],
        "type": "Point"
      },
      "id": "signal:548_3",
      "properties": {
        "opendrive_id": "548_3",
        "road_id": "349",
        "signal_id": "signal:548_3"
      },
      "type": "Feature"
    },
    {
      "geometry": {
        "coordinates": [
          507.7598067196778,
          472.97799649217154,
          0.0
        ],
        "type": "Point"
      },
      "id": "signal:548_4",
      "properties": {
        "opendrive_id": "548_4",
        "road_id": "302",
        "signal_id": "signal:548_4"
      },
      "type": "Feature"
    },
    {
      "geometry": {
        "coordinates": [
          507.7598067196778,
          472.97799649217154,
          0.0
        ],
        "type": "Point"
      },
      "id": "signal:548_5",
      "properties": {
        "opendrive_id": "548_5",
        "road_id": "302",
        "signal_id": "signal:548_5"
      },
      "type": "Feature"
    },
    {
      "geometry": {
        "coordinates": [
          507.7598067196778,
          472.97799649217154,
          0.0
        ],
        "type": "Point"
      },
      "id": "signal:548_6",
      "properties": {
        "opendrive_id": "548_6",
        "road_id": "302",
        "signal_id": "signal:548_6"
      },
      "type": "Feature"
    },
    {
      "geometry": {
        "coordinates": [
          507.7598067196778,
          472.97799649217154,
          0.0
        ],
        "type": "Point"
      },
      "id": "signal:548_7",
      "properties": {
        "opendrive_id": "548_7",
        "road_id": "302",
        "signal_id": "signal:548_7"
      },
      "type": "Feature"
    },
    {
      "geometry": {
        "coordinates": [
          507.7598067196778,
          472.97799649217154,
          0.0
        ],
        "type": "Point"
      },
      "id": "signal:548_8",
      "properties": {
        "opendrive_id": "548_8",
        "road_id": "302",
        "signal_id": "signal:548_8"
      },
      "type": "Feature"
    },
    {
      "geometry": {
        "coordinates": [
          479.9864338212442,
          505.35147587175527,
          0.0
        ],
        "type": "Point"
      },
      "id": "signal:548_9",
      "properties": {
        "opendrive_id": "548_9",
        "road_id": "335",
        "signal_id": "signal:548_9"
      },
      "type": "Feature"
    },
    {
      "geometry": {
        "coordinates": [
          757.9800083656052,
          604.2254469779018,
          0.02
        ],
        "type": "Point"
      },
      "id": "signal:569_0",
      "properties": {
        "opendrive_id": "569_0",
        "road_id": "331",
        "signal_id": "signal:569_0"
      },
      "type": "Feature"
    },
    {
      "geometry": {
        "coordinates": [
          757.9800083656052,
          604.2254469779018,
          0.02
        ],
        "type": "Point"
      },
      "id": "signal:569_1",
      "properties": {
        "opendrive_id": "569_1",
        "road_id": "331",
        "signal_id": "signal:569_1"
      },
      "type": "Feature"
    },
    {
      "geometry": {
        "coordinates": [
          749.8698678376694,
          593.0100294843475,
          0.2
        ],
        "type": "Point"
      },
      "id": "signal:569_10",
      "properties": {
        "opendrive_id": "569_10",
        "road_id": "272",
        "signal_id": "signal:569_10"
      },
      "type": "Feature"
    },
    {
      "geometry": {
        "coordinates": [
          749.8698678376694,
          593.0100294843475,
          0.2
        ],
        "type": "Point"
      },
      "id": "signal:569_11",
      "properties": {
        "opendrive_id": "569_11",
        "road_id": "272",
        "signal_id": "signal:569_11"
      },
      "type": "Feature"
    },
    {
      "geometry": {
        "coordinates": [
          757.9800083656052,
          604.2254469779018,
          0.02
        ],
        "type": "Point"
      },
      "id": "signal:569_2",
      "properties": {
        "opendrive_id": "569_2",
        "road_id": "331",
        "signal_id": "signal:569_2"
      },
      "type": "Feature"
    },
    {
      "geometry": {
        "coordinates": [
          769.3199457075582,
          596.3999716968787,
          0.2
        ],
        "type": "Point"
      },
      "id": "signal:569_3",
      "properties": {
        "opendrive_id": "569_3",
        "road_id": "315",
        "signal_id": "signal:569_3"
      },
      "type": "Feature"
    },
    {
      "geometry": {
        "coordinates": [
          769.3199457075582,
          596.3999716968787,
          0.2
        ],
        "type": "Point"
      },
      "id": "signal:569_4",
      "properties": {
        "opendrive_id": "569_4",
        "road_id": "315",
        "signal_id": "signal:569_4"
      },
      "type": "Feature"
    },
    {
      "geometry": {
        "coordinates": [
          769.3199457075582,
          596.3999716968787,
          0.2
        ],
        "type": "Point"
      },
      "id": "signal:569_5",
      "properties": {
        "opendrive_id": "569_5",
        "road_id": "315",
        "signal_id": "signal:569_5"
      },
      "type": "Feature"
    },
    {
      "geometry": {
        "coordinates": [
          761.4199913232369,
          584.424456786744,
          0.02
        ],
        "type": "Point"
      },
      "id": "signal:569_6",
      "properties": {
        "opendrive_id": "569_6",
        "road_id": "289",
        "signal_id": "signal:569_6"
      },
      "type": "Feature"
    },
    {
      "geometry": {
        "coordinates": [
          761.4199913232369,
          584.424456786744,
          0.02
        ],
        "type": "Point"
      },
      "id": "signal:569_7",
      "properties": {
        "opendrive_id": "569_7",
        "road_id": "289",
        "signal_id": "signal:569_7"
      },
      "type": "Feature"
    },
    {
      "geometry": {
        "coordinates": [
          761.4199913232369,
          584.424456786744,
          0.02
        ],
        "type": "Point"
      },
      "id": "signal:569_8",
      "properties": {
        "opendrive_id": "569_8",
        "road_id": "289",
        "signal_id": "signal:569_8"
      },
      "type": "Feature"
    },
    {
      "geometry": {
        "coordinates": [
          749.8698678376694,
          593.0100294843475,
          0.2
        ],
        "type": "Point"
      },
      "id": "signal:569_9",
      "properties": {
        "opendrive_id": "569_9",
        "road_id": "272",
        "signal_id": "signal:569_9"
      },
      "type": "Feature"
    },
    {
      "geometry": {
        "coordinates": [
          525.7427868019699,
          298.90891007943793,
          0.0
        ],
        "type": "Point"
      },
      "id": "signal:648_0",
      "properties": {
        "opendrive_id": "648_0",
        "road_id": "334",
        "signal_id": "signal:648_0"
      },
      "type": "Feature"
    },
    {
      "geometry": {
        "coordinates": [
          508.5698067196778,
          297.52799649217155,
          0.0
        ],
        "type": "Point"
      },
      "id": "signal:648_1",
      "properties": {
        "opendrive_id": "648_1",
        "road_id": "301",
        "signal_id": "signal:648_1"
      },
      "type": "Feature"
    },
    {
      "geometry": {
        "coordinates": [
          508.5698067196778,
          297.52799649217155,
          0.0
        ],
        "type": "Point"
      },
      "id": "signal:648_2",
      "properties": {
        "opendrive_id": "648_2",
        "road_id": "301",
        "signal_id": "signal:648_2"
      },
      "type": "Feature"
    },
    {
      "geometry": {
        "coordinates": [
          508.5698067196778,
          297.52799649217155,
          0.0
        ],
        "type": "Point"
      },
      "id": "signal:648_3",
      "properties": {
        "opendrive_id": "648_3",
        "road_id": "301",
        "signal_id": "signal:648_3"
      },
      "type": "Feature"
    },
    {
      "geometry": {
        "coordinates": [
          508.5698067196778,
          297.52799649217155,
          0.0
        ],
        "type": "Point"
      },
      "id": "signal:648_4",
      "properties": {
        "opendrive_id": "648_4",
        "road_id": "301",
        "signal_id": "signal:648_4"
      },
      "type": "Feature"
    },
    {
      "geometry": {
        "coordinates": [
          504.78016017354406,
          355.6553590036573,
          0.0
        ],
        "type": "Point"
      },
      "id": "signal:648_5",
      "properties": {
        "opendrive_id": "648_5",
        "road_id": "348",
        "signal_id": "signal:648_5"
      },
      "type": "Feature"
    },
    {
      "geometry": {
        "coordinates": [
          504.78016017354406,
          355.6553590036573,
          0.0
        ],
        "type": "Point"
      },
      "id": "signal:648_6",
      "properties": {
        "opendrive_id": "648_6",
        "road_id": "348",
        "signal_id": "signal:648_6"
      },
      "type": "Feature"
    },
    {
      "geometry": {
        "coordinates": [
          504.78016017354406,
          355.6553590036573,
          0.0
        ],
        "type": "Point"
      },
      "id": "signal:648_7",
      "properties": {
        "opendrive_id": "648_7",
        "road_id": "348",
        "signal_id": "signal:648_7"
      },
      "type": "Feature"
    },
    {
      "geometry": {
        "coordinates": [
          504.78016017354406,
          355.6553590036573,
          0.0
        ],
        "type": "Point"
      },
      "id": "signal:648_8",
      "properties": {
        "opendrive_id": "648_8",
        "road_id": "348",
        "signal_id": "signal:648_8"
      },
      "type": "Feature"
    },
    {
      "geometry": {
        "coordinates": [
          504.78016017354406,
          355.6553590036573,
          0.0
        ],
        "type": "Point"
      },
      "id": "signal:648_9",
      "properties": {
        "opendrive_id": "648_9",
        "road_id": "348",
        "signal_id": "signal:648_9"
      },
      "type": "Feature"
    },
    {
      "geometry": {
        "coordinates": [
          612.3011630245092,
          423.7706475108863,
          10.760000002105862
        ],
        "type": "Point"
      },
      "id": "signal:669_0",
      "properties": {
        "opendrive_id": "669_0",
        "road_id": "336",
        "signal_id": "signal:669_0"
      },
      "type": "Feature"
    },
    {
      "geometry": {
        "coordinates": [
          614.3553414815602,
          406.54964309600746,
          10.460000099136376
        ],
        "type": "Point"
      },
      "id": "signal:669_1",
      "properties": {
        "opendrive_id": "669_1",
        "road_id": "295",
        "signal_id": "signal:669_1"
      },
      "type": "Feature"
    },
    {
      "geometry": {
        "coordinates": [
          614.3553414815602,
          406.54964309600746,
          10.460000099136376
        ],
        "type": "Point"
      },
      "id": "signal:669_2",
      "properties": {
        "opendrive_id": "669_2",
        "road_id": "295",
        "signal_id": "signal:669_2"
      },
      "type": "Feature"
    },
    {
      "geometry": {
        "coordinates": [
          614.3553414815602,
          406.54964309600746,
          10.460000099136376
        ],
        "type": "Point"
      },
      "id": "signal:669_3",
      "properties": {
        "opendrive_id": "669_3",
        "road_id": "295",
        "signal_id": "signal:669_3"
      },
      "type": "Feature"
    },
    {
      "geometry": {
        "coordinates": [
          614.3553414815602,
          406.54964309600746,
          10.460000099136376
        ],
        "type": "Point"
      },
      "id": "signal:669_4",
      "properties": {
        "opendrive_id": "669_4",
        "road_id": "295",
        "signal_id": "signal:669_4"
      },
      "type": "Feature"
    },
    {
      "geometry": {
        "coordinates": [
          571.3300002100001,
          403.4,
          10.980000001295862
        ],
        "type": "Point"
      },
      "id": "signal:669_5",
      "properties": {
        "opendrive_id": "669_5",
        "road_id": "341",
        "signal_id": "signal:669_5"
      },
      "type": "Feature"
    },
    {
      "geometry": {
        "coordinates": [
          571.3300002100001,
          403.4,
          10.980000001295862
        ],
        "type": "Point"
      },
      "id": "signal:669_6",
      "properties": {
        "opendrive_id": "669_6",
        "road_id": "341",
        "signal_id": "signal:669_6"
      },
      "type": "Feature"
    },
    {
      "geometry": {
        "coordinates": [
          571.3300002100001,
          403.4,
          10.980000001295862
        ],
        "type": "Point"
      },
      "id": "signal:669_7",
      "properties": {
        "opendrive_id": "669_7",
        "road_id": "341",
        "signal_id": "signal:669_7"
      },
      "type": "Feature"
    },
    {
      "geometry": {
        "coordinates": [
          571.3300002100001,
          403.4,
          10.980000001295862
        ],
        "type": "Point"
      },
      "id": "signal:669_8",
      "properties": {
        "opendrive_id": "669_8",
        "road_id": "341",
        "signal_id": "signal:669_8"
      },
      "type": "Feature"
    },
    {
      "geometry": {
        "coordinates": [
          571.3300002100001,
          403.4,
          10.980000001295862
        ],
        "type": "Point"
      },
      "id": "signal:669_9",
      "properties": {
        "opendrive_id": "669_9",
        "road_id": "341",
        "signal_id": "signal:669_9"
      },
      "type": "Feature"
    },
    {
      "geometry": {
        "coordinates": [
          630.7386621976832,
          605.3021158539491,
          0.04
        ],
        "type": "Point"
      },
      "id": "signal:690_0",
      "properties": {
        "opendrive_id": "690_0",
        "road_id": "308",
        "signal_id": "signal:690_0"
      },
      "type": "Feature"
    },
    {
      "geometry": {
        "coordinates": [
          630.7386621976832,
          605.3021158539491,
          0.04
        ],
        "type": "Point"
      },
      "id": "signal:690_1",
      "properties": {
        "opendrive_id": "690_1",
        "road_id": "308",
        "signal_id": "signal:690_1"
      },
      "type": "Feature"
    },
    {
      "geometry": {
        "coordinates": [
          642.3377657141324,
          597.1249521048435,
          0.2
        ],
        "type": "Point"
      },
      "id": "signal:690_2",
      "properties": {
        "opendrive_id": "690_2",
        "road_id": "356",
        "signal_id": "signal:690_2"
      },
      "type": "Feature"
    },
    {
      "geometry": {
        "coordinates": [
          642.3377657141324,
          597.1249521048435,
          0.2
        ],
        "type": "Point"
      },
      "id": "signal:690_3",
      "properties": {
        "opendrive_id": "690_3",
        "road_id": "356",
        "signal_id": "signal:690_3"
      },
      "type": "Feature"
    },
    {
      "geometry": {
        "coordinates": [
          622.2409238282643,
          593.732870474279,
          0.2
        ],
        "type": "Point"
      },
      "id": "signal:690_4",
      "properties": {
        "opendrive_id": "690_4",
        "road_id": "310",
        "signal_id": "signal:690_4"
      },
      "type": "Feature"
    },
    {
      "geometry": {
        "coordinates": [
          622.2409238282643,
          593.732870474279,
          0.2
        ],
        "type": "Point"
      },
      "id": "signal:690_5",
      "properties": {
        "opendrive_id": "690_5",
        "road_id": "310",
        "signal_id": "signal:690_5"
      },
      "type": "Feature"
    },
    {
      "geometry": {
        "coordinates": [
          433.39000000628215,
          407.40000000358975,
          9.81
        ],
        "type": "Point"
      },
      "id": "signal:720_0",
      "properties": {
        "opendrive_id": "720_0",
        "road_id": "296",
        "signal_id": "signal:720_0"
      },
      "type": "Feature"
    },
    {
      "geometry": {
        "coordinates": [
          433.39000000628215,
          407.40000000358975,
          9.81
        ],
        "type": "Point"
      },
      "id": "signal:720_1",
      "properties": {
        "opendrive_id": "720_1",
        "road_id": "296",
        "signal_id": "signal:720_1"
      },
      "type": "Feature"
    },
    {
      "geometry": {
        "coordinates": [
          433.39000000628215,
          407.40000000358975,
          9.81
        ],
        "type": "Point"
      },
      "id": "signal:720_2",
      "properties": {
        "opendrive_id": "720_2",
        "road_id": "296",
        "signal_id": "signal:720_2"
      },
      "type": "Feature"
    },
    {
      "geometry": {
        "coordinates": [
          433.39000000628215,
          407.40000000358975,
          9.81
        ],
        "type": "Point"
      },
      "id": "signal:720_3",
      "properties": {
        "opendrive_id": "720_3",
        "road_id": "296",
        "signal_id": "signal:720_3"
      },
      "type": "Feature"
    },
    {
      "geometry": {
        "coordinates": [
          433.39000000628215,
          407.40000000358975,
          9.81
        ],
        "type": "Point"
      },
      "id": "signal:720_4",
      "properties": {
        "opendrive_id": "720_4",
        "road_id": "296",
        "signal_id": "signal:720_4"
      },
      "type": "Feature"
    },
    {
      "geometry": {
        "coordinates": [
          398.47884816237035,
          379.77716888110285,
          9.059999999520208
        ],
        "type": "Point"
      },
      "id": "signal:720_5",
      "properties": {
        "opendrive_id": "720_5",
        "road_id": "345",
        "signal_id": "signal:720_5"
      },
      "type": "Feature"
    },
    {
      "geometry": {
        "coordinates": [
          397.50000019,
          403.95,
          9.200000002792834
        ],
        "type": "Point"
      },
      "id": "signal:720_6",
      "properties": {
        "opendrive_id": "720_6",
        "road_id": "343",
        "signal_id": "signal:720_6"
      },
      "type": "Feature"
    },
    {
      "geometry": {
        "coordinates": [
          397.50000019,
          403.95,
          9.200000002792834
        ],
        "type": "Point"
      },
      "id": "signal:720_7",
      "properties": {
        "opendrive_id": "720_7",
        "road_id": "343",
        "signal_id": "signal:720_7"
      },
      "type": "Feature"
    },
    {
      "geometry": {
        "coordinates": [
          397.50000019,
          403.95,
          9.200000002792834
        ],
        "type": "Point"
      },
      "id": "signal:720_8",
      "properties": {
        "opendrive_id": "720_8",
        "road_id": "343",
        "signal_id": "signal:720_8"
      },
      "type": "Feature"
    },
    {
      "geometry": {
        "coordinates": [
          397.50000019,
          403.95,
          9.200000002792834
        ],
        "type": "Point"
      },
      "id": "signal:720_9",
      "properties": {
        "opendrive_id": "720_9",
        "road_id": "343",
        "signal_id": "signal:720_9"
      },
      "type": "Feature"
    },
    {
      "geometry": {
        "coordinates": [
          703.6098704047212,
          680.681259430749,
          0.02
        ],
        "type": "Point"
      },
      "id": "signal:741_0",
      "properties": {
        "opendrive_id": "741_0",
        "road_id": "278",
        "signal_id": "signal:741_0"
      },
      "type": "Feature"
    },
    {
      "geometry": {
        "coordinates": [
          703.6098704047212,
          680.681259430749,
          0.02
        ],
        "type": "Point"
      },
      "id": "signal:741_1",
      "properties": {
        "opendrive_id": "741_1",
        "road_id": "278",
        "signal_id": "signal:741_1"
      },
      "type": "Feature"
    },
    {
      "geometry": {
        "coordinates": [
          695.4905470405947,
          668.9028423624146,
          0.04
        ],
        "type": "Point"
      },
      "id": "signal:741_10",
      "properties": {
        "opendrive_id": "741_10",
        "road_id": "353",
        "signal_id": "signal:741_10"
      },
      "type": "Feature"
    },
    {
      "geometry": {
        "coordinates": [
          695.4905470405947,
          668.9028423624146,
          0.04
        ],
        "type": "Point"
      },
      "id": "signal:741_11",
      "properties": {
        "opendrive_id": "741_11",
        "road_id": "353",
        "signal_id": "signal:741_11"
      },
      "type": "Feature"
    },
    {
      "geometry": {
        "coordinates": [
          703.6098704047212,
          680.681259430749,
          0.02
        ],
        "type": "Point"
      },
      "id": "signal:741_2",
      "properties": {
        "opendrive_id": "741_2",
        "road_id": "278",
        "signal_id": "signal:741_2"
      },
      "type": "Feature"
    },
    {
      "geometry": {
        "coordinates": [
          714.2676554932656,
          673.1599563000696,
          0.0
        ],
        "type": "Point"
      },
      "id": "signal:741_3",
      "properties": {
        "opendrive_id": "741_3",
        "road_id": "288",
        "signal_id": "signal:741_3"
      },
      "type": "Feature"
    },
    {
      "geometry": {
        "coordinates": [
          714.2676554932656,
          673.1599563000696,
          0.0
        ],
        "type": "Point"
      },
      "id": "signal:741_4",
      "properties": {
        "opendrive_id": "741_4",
        "road_id": "288",
        "signal_id": "signal:741_4"
      },
      "type": "Feature"
    },
    {
      "geometry": {
        "coordinates": [
          714.2676554932656,
          673.1599563000696,
          0.0
        ],
        "type": "Point"
      },
      "id": "signal:741_5",
      "properties": {
        "opendrive_id": "741_5",
        "road_id": "288",
        "signal_id": "signal:741_5"
      },
      "type": "Feature"
    },
    {
      "geometry": {
        "coordinates": [
          706.649559338356,
          660.480473824201,
          0.02
        ],
        "type": "Point"
      },
      "id": "signal:741_6",
      "properties": {
        "opendrive_id": "741_6",
        "road_id": "321",
        "signal_id": "signal:741_6"
      },
      "type": "Feature"
    },
    {
      "geometry": {
        "coordinates": [
          706.649559338356,
          660.480473824201,
          0.02
        ],
        "type": "Point"
      },
      "id": "signal:741_7",
      "properties": {
        "opendrive_id": "741_7",
        "road_id": "321",
        "signal_id": "signal:741_7"
      },
      "type": "Feature"
    },
    {
      "geometry": {
        "coordinates": [
          706.649559338356,
          660.480473824201,
          0.02
        ],
        "type": "Point"
      },
      "id": "signal:741_8",
      "properties": {
        "opendrive_id": "741_8",
        "road_id": "321",
        "signal_id": "signal:741_8"
      },
      "type": "Feature"
    },
    {
      "geometry": {
        "coordinates": [
          695.4905470405947,
          668.9028423624146,
          0.04
        ],
        "type": "Point"
      },
      "id": "signal:741_9",
      "properties": {
        "opendrive_id": "741_9",
        "road_id": "353",
        "signal_id": "signal:741_9"
      },
      "type": "Feature"
    },
    {
      "geometry": {
        "coordinates": [
          561.6732480317372,
          605.9602266186605,
          0.03
        ],
        "type": "Point"
      },
      "id": "signal:773_0",
      "properties": {
        "opendrive_id": "773_0",
        "road_id": "307",
        "signal_id": "signal:773_0"
      },
      "type": "Feature"
    },
    {
      "geometry": {
        "coordinates": [
          561.6732480317372,
          605.9602266186605,
          0.03
        ],
        "type": "Point"
      },
      "id": "signal:773_1",
      "properties": {
        "opendrive_id": "773_1",
        "road_id": "307",
        "signal_id": "signal:773_1"
      },
      "type": "Feature"
    },
    {
      "geometry": {
        "coordinates": [
          573.5049754590091,
          597.5089325707085,
          0.2
        ],
        "type": "Point"
      },
      "id": "signal:773_2",
      "properties": {
        "opendrive_id": "773_2",
        "road_id": "355",
        "signal_id": "signal:773_2"
      },
      "type": "Feature"
    },
    {
      "geometry": {
        "coordinates": [
          573.5049754590091,
          597.5089325707085,
          0.2
        ],
        "type": "Point"
      },
      "id": "signal:773_3",
      "properties": {
        "opendrive_id": "773_3",
        "road_id": "355",
        "signal_id": "signal:773_3"
      },
      "type": "Feature"
    },
    {
      "geometry": {
        "coordinates": [
          553.2239017692334,
          594.1316636739323,
          0.2
        ],
        "type": "Point"
      },
      "id": "signal:773_4",
      "properties": {
        "opendrive_id": "773_4",
        "road_id": "309",
        "signal_id": "signal:773_4"
      },
      "type": "Feature"
    },
    {
      "geometry": {
        "coordinates": [
          553.2239017692334,
          594.1316636739323,
          0.2
        ],
        "type": "Point"
      },
      "id": "signal:773_5",
      "properties": {
        "opendrive_id": "773_5",
        "road_id": "309",
        "signal_id": "signal:773_5"
      },
      "type": "Feature"
    },
    {
      "geometry": {
        "coordinates": [
          125.22999999874108,
          423.9172126556089,
          0.0
        ],
        "type": "Point"
      },
      "id": "signal:804_0",
      "properties": {
        "opendrive_id": "804_0",
        "road_id": "285",
        "signal_id": "signal:804_0"
      },
      "type": "Feature"
    },
    {
      "geometry": {
        "coordinates": [
          125.22999999874108,
          423.9172126556089,
          0.0
        ],
        "type": "Point"
      },
      "id": "signal:804_1",
      "properties": {
        "opendrive_id": "804_1",
        "road_id": "285",
        "signal_id": "signal:804_1"
      },
      "type": "Feature"
    },
    {
      "geometry": {
        "coordinates": [
          112.60828296452398,
          404.0293023096252,
          0.0
        ],
        "type": "Point"
      },
      "id": "signal:804_10",
      "properties": {
        "opendrive_id": "804_10",
        "road_id": "346",
        "signal_id": "signal:804_10"
      },
      "type": "Feature"
    },
    {
      "geometry": {
        "coordinates": [
          112.60828296452398,
          404.0293023096252,
          0.0
        ],
        "type": "Point"
      },
      "id": "signal:804_11",
      "properties": {
        "opendrive_id": "804_11",
        "road_id": "346",
        "signal_id": "signal:804_11"
      },
      "type": "Feature"
    },
    {
      "geometry": {
        "coordinates": [
          112.60828296452398,
          404.0293023096252,
          0.0
        ],
        "type": "Point"
      },
      "id": "signal:804_12",
      "properties": {
        "opendrive_id": "804_12",
        "road_id": "346",
        "signal_id": "signal:804_12"
      },
      "type": "Feature"
    },
    {
      "geometry": {
        "coordinates": [
          125.22999999874108,
          423.9172126556089,
          0.0
        ],
        "type": "Point"
      },
      "id": "signal:804_2",
      "properties": {
        "opendrive_id": "804_2",
        "road_id": "285",
        "signal_id": "signal:804_2"
      },
      "type": "Feature"
    },
    {
      "geometry": {
        "coordinates": [
          125.22999999874108,
          423.9172126556089,
          0.0
        ],
        "type": "Point"
      },
      "id": "signal:804_3",
      "properties": {
        "opendrive_id": "804_3",
        "road_id": "285",
        "signal_id": "signal:804_3"
      },
      "type": "Feature"
    },
    {
      "geometry": {
        "coordinates": [
          125.22999999874108,
          423.9172126556089,
          0.0
        ],
        "type": "Point"
      },
      "id": "signal:804_4",
      "properties": {
        "opendrive_id": "804_4",
        "road_id": "285",
        "signal_id": "signal:804_4"
      },
      "type": "Feature"
    },
    {
      "geometry": {
        "coordinates": [
          137.84097412878225,
          407.69000022890015,
          0.0
        ],
        "type": "Point"
      },
      "id": "signal:804_5",
      "properties": {
        "opendrive_id": "804_5",
        "road_id": "298",
        "signal_id": "signal:804_5"
      },
      "type": "Feature"
    },
    {
      "geometry": {
        "coordinates": [
          137.84097412878225,
          407.69000022890015,
          0.0
        ],
        "type": "Point"
      },
      "id": "signal:804_6",
      "properties": {
        "opendrive_id": "804_6",
        "road_id": "298",
        "signal_id": "signal:804_6"
      },
      "type": "Feature"
    },
    {
      "geometry": {
        "coordinates": [
          137.84097412878225,
          407.69000022890015,
          0.0
        ],
        "type": "Point"
      },
      "id": "signal:804_7",
      "properties": {
        "opendrive_id": "804_7",
        "road_id": "298",
        "signal_id": "signal:804_7"
      },
      "type": "Feature"
    },
    {
      "geometry": {
        "coordinates": [
          137.84097412878225,
          407.69000022890015,
          0.0
        ],
        "type": "Point"
      },
      "id": "signal:804_8",
      "properties": {
        "opendrive_id": "804_8",
        "road_id": "298",
        "signal_id": "signal:804_8"
      },
      "type": "Feature"
    },
    {
      "geometry": {
        "coordinates": [
          112.60828296452398,
          404.0293023096252,
          0.0
        ],
        "type": "Point"
      },
      "id": "signal:804_9",
      "properties": {
        "opendrive_id": "804_9",
        "road_id": "346",
        "signal_id": "signal:804_9"
      },
      "type": "Feature"
    },
    {
      "geometry": {
        "coordinates": [
          757.820008790073,
          552.8655432066148,
          0.02
        ],
        "type": "Point"
      },
      "id": "signal:892_0",
      "properties": {
        "opendrive_id": "892_0",
        "road_id": "330",
        "signal_id": "signal:892_0"
      },
      "type": "Feature"
    },
    {
      "geometry": {
        "coordinates": [
          757.820008790073,
          552.8655432066148,
          0.02
        ],
        "type": "Point"
      },
      "id": "signal:892_1",
      "properties": {
        "opendrive_id": "892_1",
        "road_id": "330",
        "signal_id": "signal:892_1"
      },
      "type": "Feature"
    },
    {
      "geometry": {
        "coordinates": [
          767.6143653978423,
          545.9812620948294,
          0.02
        ],
        "type": "Point"
      },
      "id": "signal:892_2",
      "properties": {
        "opendrive_id": "892_2",
        "road_id": "323",
        "signal_id": "signal:892_2"
      },
      "type": "Feature"
    },
    {
      "geometry": {
        "coordinates": [
          767.6143653978423,
          545.9812620948294,
          0.02
        ],
        "type": "Point"
      },
      "id": "signal:892_3",
      "properties": {
        "opendrive_id": "892_3",
        "road_id": "323",
        "signal_id": "signal:892_3"
      },
      "type": "Feature"
    },
    {
      "geometry": {
        "coordinates": [
          751.2467406897072,
          542.7428220710204,
          0.02
        ],
        "type": "Point"
      },
      "id": "signal:892_4",
      "properties": {
        "opendrive_id": "892_4",
        "road_id": "280",
        "signal_id": "signal:892_4"
      },
      "type": "Feature"
    },
    {
      "geometry": {
        "coordinates": [
          751.2467406897072,
          542.7428220710204,
          0.02
        ],
        "type": "Point"
      },
      "id": "signal:892_5",
      "properties": {
        "opendrive_id": "892_5",
        "road_id": "280",
        "signal_id": "signal:892_5"
      },
      "type": "Feature"
    },
    {
      "geometry": {
        "coordinates": [
          701.8888040543737,
          605.786664779597,
          0.02
        ],
        "type": "Point"
      },
      "id": "signal:924_0",
      "properties": {
        "opendrive_id": "924_0",
        "road_id": "279",
        "signal_id": "signal:924_0"
      },
      "type": "Feature"
    },
    {
      "geometry": {
        "coordinates": [
          701.8888040543737,
          605.786664779597,
          0.02
        ],
        "type": "Point"
      },
      "id": "signal:924_1",
      "properties": {
        "opendrive_id": "924_1",
        "road_id": "279",
        "signal_id": "signal:924_1"
      },
      "type": "Feature"
    },
    {
      "geometry": {
        "coordinates": [
          695.5099664326948,
          593.3200285142474,
          0.2
        ],
        "type": "Point"
      },
      "id": "signal:924_10",
      "properties": {
        "opendrive_id": "924_10",
        "road_id": "311",
        "signal_id": "signal:924_10"
      },
      "type": "Feature"
    },
    {
      "geometry": {
        "coordinates": [
          695.5099664326948,
          593.3200285142474,
          0.2
        ],
        "type": "Point"
      },
      "id": "signal:924_11",
      "properties": {
        "opendrive_id": "924_11",
        "road_id": "311",
        "signal_id": "signal:924_11"
      },
      "type": "Feature"
    },
    {
      "geometry": {
        "coordinates": [
          701.8888040543737,
          605.786664779597,
          0.02
        ],
        "type": "Point"
      },
      "id": "signal:924_2",
      "properties": {
        "opendrive_id": "924_2",
        "road_id": "279",
        "signal_id": "signal:924_2"
      },
      "type": "Feature"
    },
    {
      "geometry": {
        "coordinates": [
          714.1586031793552,
          596.716852943885,
          0.2
        ],
        "type": "Point"
      },
      "id": "signal:924_3",
      "properties": {
        "opendrive_id": "924_3",
        "road_id": "314",
        "signal_id": "signal:924_3"
      },
      "type": "Feature"
    },
    {
      "geometry": {
        "coordinates": [
          714.1586031793552,
          596.716852943885,
          0.2
        ],
        "type": "Point"
      },
      "id": "signal:924_4",
      "properties": {
        "opendrive_id": "924_4",
        "road_id": "314",
        "signal_id": "signal:924_4"
      },
      "type": "Feature"
    },
    {
      "geometry": {
        "coordinates": [
          714.1586031793552,
          596.716852943885,
          0.2
        ],
        "type": "Point"
      },
      "id": "signal:924_5",
      "properties": {
        "opendrive_id": "924_5",
        "road_id": "314",
        "signal_id": "signal:924_5"
      },
      "type": "Feature"
    },
    {
      "geometry": {
        "coordinates": [
          704.9384277739161,
          584.3169260052964,
          0.02
        ],
        "type": "Point"
      },
      "id": "signal:924_6",
      "properties": {
        "opendrive_id": "924_6",
        "road_id": "322",
        "signal_id": "signal:924_6"
      },
      "type": "Feature"
    },
    {
      "geometry": {
        "coordinates": [
          704.9384277739161,
          584.3169260052964,
          0.02
        ],
        "type": "Point"
      },
      "id": "signal:924_7",
      "properties": {
        "opendrive_id": "924_7",
        "road_id": "322",
        "signal_id": "signal:924_7"
      },
      "type": "Feature"
    },
    {
      "geometry": {
        "coordinates": [
          704.9384277739161,
          584.3169260052964,
          0.02
        ],
        "type": "Point"
      },
      "id": "signal:924_8",
      "properties": {
        "opendrive_id": "924_8",
        "road_id": "322",
        "signal_id": "signal:924_8"
      },
      "type": "Feature"
    },
    {
      "geometry": {
        "coordinates": [
          695.5099664326948,
          593.3200285142474,
          0.2
        ],
        "type": "Point"
      },
      "id": "signal:924_9",
      "properties": {
        "opendrive_id": "924_9",
        "road_id": "311",
        "signal_id": "signal:924_9"
      },
      "type": "Feature"
    }
  ],
  "type": "FeatureCollection"
}
